"作物","藥劑","成分","通用列名","建議","引用規則節號","容許量ppm(建議涵蓋時)"
"十字花科小葉菜類","因汀氟滅","FLUBENDIAMIDE","其他乾豆類(棉籽除外)、其他梨果類(李、杏、油桃、柿、桃、梅、蘋果、櫻桃除外)","FLUBENDIAMIDE：規則無明文（D 檔標示一般「其他…」列無逐列明文定義；即使另有星號列也不得略過此不確定性）","140、141","-"
"十字花科小葉菜類","因得克","INDOXACARB","其他(蔬果類)*、其他(穀類)*、其他(茶類)*","INDOXACARB：建議涵蓋（附表一註五檢體 I 類；只代表定量極限，不代表核准用藥範圍）","006","0.01*"
"十字花科小葉菜類","克凡派","CHLORFENAPYR","其他瓜果類(洋香瓜除外)、其他小葉菜類(韭菜、茼蒿、菠菜、葉用豌豆除外)、其他(蔬果類)*、其他(穀類)*、其他(茶類)*","CHLORFENAPYR：規則無明文（D 檔標示一般「其他…」列無逐列明文定義；即使另有星號列也不得略過此不確定性）","033、053、006、007、008","-"
"十字花科小葉菜類","克福隆","CHLORFLUAZURON","其他小葉菜類(菠菜除外)、其他包葉菜類(結球萵苣除外)、其他(蔬果類)*、其他(穀類)*、其他(茶類)*","CHLORFLUAZURON：規則無明文（D 檔標示一般「其他…」列無逐列明文定義；即使另有星號列也不得略過此不確定性）","054、009、006、007、008","-"
"十字花科小葉菜類","亞托敏","AZOXYSTROBIN","其他小葉菜類(半結球萵苣、不結球萵苣、芹菜、青蔥、蒜及茼蒿除外)、其他小漿果類(藍莓、覆盆子除外)、其他豆菜類(刀豆、毛豆、花豆(鮮)、扁豆、豇豆(鮮)、萊豆、菜豆、豌豆、樹豆(鮮)、翼豆、蠶豆(鮮)、鷹嘴豆除外)、其他果菜類(枸杞、茄子、甜椒、番茄、辣椒除外)、其他根莖菜類(芋頭、洋蔥、馬鈴薯、甜菜根、人參(鮮)、牛蒡、豆薯、百合鱗莖、紅蔥頭、黑皮波羅門參、蕎頭、薑、蘆筍除外)、其他草木本植物(火龍果花、菊花除外)、其他堅果類(杏仁、開心果除外)、其他(蔬果類)*、其他(穀類)*、其他(茶類)*","AZOXYSTROBIN：規則無明文（D 檔標示一般「其他…」列無逐列明文定義；即使另有星號列也不得略過此不確定性）","017、018、019、020、021、022、023、006、007、008","-"
"十字花科小葉菜類","阿巴汀","ABAMECTIN","其他小葉菜類(芹菜除外)、其他包葉菜類(十字花科包葉菜類、結球萵苣除外)、其他(蔬果類)*、其他(穀類)*、其他(茶類)*","ABAMECTIN：規則無明文（D 檔標示一般「其他…」列無逐列明文定義；即使另有星號列也不得略過此不確定性）","004、005、006、007、008","-"
"十字花科小葉菜類","阿巴安勃","ABAMECTIN","其他小葉菜類(芹菜除外)、其他包葉菜類(十字花科包葉菜類、結球萵苣除外)、其他(蔬果類)*、其他(穀類)*、其他(茶類)*","ABAMECTIN：規則無明文（D 檔標示一般「其他…」列無逐列明文定義；即使另有星號列也不得略過此不確定性）","004、005、006、007、008","-"
"十字花科小葉菜類","氟大滅","FLUBENDIAMIDE","其他乾豆類(棉籽除外)、其他梨果類(李、杏、油桃、柿、桃、梅、蘋果、櫻桃除外)","FLUBENDIAMIDE：規則無明文（D 檔標示一般「其他…」列無逐列明文定義；即使另有星號列也不得略過此不確定性）","140、141","-"
"十字花科小葉菜類","美氟綜","METAFLUMIZONE","其他(蔬果類)*、其他(穀類)*、其他(茶類)*","METAFLUMIZONE：建議涵蓋（附表一註五檢體 I 類；只代表定量極限，不代表核准用藥範圍）","006","0.01*"
"十字花科小葉菜類","益達胺","IMIDACLOPRID","其他小葉菜類(半結球萵苣、不結球萵苣、蒜、蕗蕎及芹菜除外)、其他包葉菜類(結球萵苣除外)、其他豆菜類(毛豆除外)、其他果菜類(甜椒、金針除外)、其他核果類(橄欖除外)、其他根莖菜類(茭白筍、蓮藕、山藥、洋蔥、紅蔥頭、馬鈴薯、黑皮波羅門參、牛蒡、百合鱗莖、竹筍、芋頭、豆薯除外)、其他乾豆類(油菜籽、葵花籽、蓮子、落花生、大豆、芝麻除外)、其他(蔬果類)*、其他(穀類)*、其他(茶類)*","IMIDACLOPRID：規則無明文（D 檔標示一般「其他…」列無逐列明文定義；即使另有星號列也不得略過此不確定性）","156、009、059、157、084、158、159、006、007、008","-"
"十字花科小葉菜類","硫敵克","THIODICARB","其他小葉菜類(芹菜除外)、其他包葉菜類(甘藍、青花菜及結球萵苣除外)、其他(蔬果類)*、其他(穀類)*、其他(茶類)*","THIODICARB：規則無明文（D 檔標示一般「其他…」列無逐列明文定義；即使另有星號列也不得略過此不確定性）","004、109、006、007、008","-"
"十字花科小葉菜類","毆殺松","ACEPHATE","其他小葉菜類(芹菜除外)、其他包葉菜類(結球萵苣除外)、其他果菜類(甜椒除外)、其他(蔬果類)*、其他(穀類)*、其他(茶類)*","ACEPHATE：規則無明文（D 檔標示一般「其他…」列無逐列明文定義；即使另有星號列也不得略過此不確定性）","004、009、010、006、007、008","-"
"十字花科小葉菜類","毆殺滅","OXAMYL","其他小葉菜類(芹菜除外)、其他柑桔類(柳橙除外)、其他果菜類(番茄除外)、其他(蔬果類)*、其他(穀類)*、其他(茶類)*","OXAMYL：規則無明文（D 檔標示一般「其他…」列無逐列明文定義；即使另有星號列也不得略過此不確定性）","004、129、065、006、007、008","-"
"十字花科小葉菜類","賜諾殺","SPINOSAD","其他小葉菜類(不結球萵苣、半結球萵苣、芹菜、青蔥及紫蘇除外)、其他梨果類(蘋果除外)","SPINOSAD：規則無明文（D 檔標示一般「其他…」列無逐列明文定義；即使另有星號列也不得略過此不確定性）","167、168","-"
"十字花科小葉菜類","鋅錳滅達樂","METALAXYL","其他小葉菜類(不結球萵苣、半結球萵苣、芹菜、青蔥及菠菜除外)、其他小漿果類(草莓、葡萄、蔓越莓及藍莓除外)、其他果菜類(甜椒除外)、其他根莖菜類(洋蔥、胡蘿蔔、馬鈴薯、甜菜根及蘿蔔除外)","METALAXYL：規則無明文（D 檔標示一般「其他…」列無逐列明文定義；即使另有星號列也不得略過此不確定性）","120、121、010、122","-"
"十字花科小葉菜類","賽洛寧","LAMBDA-CYHALOTHRIN","其他小葉菜類(蒜除外)、其他核果類(荔枝除外)、其他根莖菜類(山藥、牛蒡、甘藷、芋頭、豆薯、洋蔥、胡蘿蔔、百合鱗莖、紅蔥頭、馬鈴薯、黑皮波羅門參、蒜頭、樹薯、蕎頭、狗尾草根、闊葉大豆根及蘆筍除外)、其他堅果類(胡桃、榛果除外)、其他梨果類(柿除外)、其他(蔬果類)*、其他(穀類)*、其他(茶類)*","LAMBDA-CYHALOTHRIN：規則無明文（D 檔標示一般「其他…」列無逐列明文定義；即使另有星號列也不得略過此不確定性）","068、069、070、071、072、006、007、008","-"
"十字花科小葉菜類","賽滅淨","CYROMAZINE","其他小葉菜類(?結球萵苣、半結球萵苣、芹菜、青蔥、菠菜、茼蒿除外)、其他豆菜類(萊豆除外)、其他包葉菜類(結球萵苣除外)、其他果菜類(甜椒、茄子、枸杞、番茄、辣椒除外)","CYROMAZINE：規則無明文（D 檔標示一般「其他…」列無逐列明文定義；即使另有星號列也不得略過此不確定性）","079、080、009、081","-"
"十字花科包葉菜類","白列克敏","BOSCALID","其他瓜菜類(南瓜、小黃瓜、胡瓜除外)、其他(蔬果類)*、其他(穀類)*、其他(茶類)*","BOSCALID：規則無明文（D 檔標示一般「其他…」列無逐列明文定義；即使另有星號列也不得略過此不確定性）","029、006、007、008","-"
"十字花科包葉菜類","因汀氟滅","EMAMECTIN BENZOATE || FLUBENDIAMIDE","其他瓜果類(洋香瓜除外)、其他豆菜類(刀豆、毛豆、花豆(鮮)、扁豆、豇豆(鮮)、菜豆、萊豆、豌豆、樹豆(鮮)、翼豆、蠶豆(鮮)、鷹嘴豆除外)、其他包葉菜類(結球萵苣除外)、其他果菜類(甜椒、番茄、辣椒除外)、其他梨果類(油桃、桃、蘋果除外) || 其他乾豆類(棉籽除外)、其他梨果類(李、杏、油桃、柿、桃、梅、蘋果、櫻桃除外)","EMAMECTIN BENZOATE：規則無明文（D 檔標示一般「其他…」列無逐列明文定義；即使另有星號列也不得略過此不確定性） || FLUBENDIAMIDE：規則無明文（D 檔標示一般「其他…」列無逐列明文定義；即使另有星號列也不得略過此不確定性）","033、013、009、048、130 || 140、141","- || -"
"十字花科包葉菜類","因得克","INDOXACARB","其他(蔬果類)*、其他(穀類)*、其他(茶類)*","INDOXACARB：建議涵蓋（附表一註五檢體 I 類；只代表定量極限，不代表核准用藥範圍）","006","0.01*"
"十字花科包葉菜類","因滅汀","EMAMECTIN BENZOATE","其他瓜果類(洋香瓜除外)、其他豆菜類(刀豆、毛豆、花豆(鮮)、扁豆、豇豆(鮮)、菜豆、萊豆、豌豆、樹豆(鮮)、翼豆、蠶豆(鮮)、鷹嘴豆除外)、其他包葉菜類(結球萵苣除外)、其他果菜類(甜椒、番茄、辣椒除外)、其他梨果類(油桃、桃、蘋果除外)","EMAMECTIN BENZOATE：規則無明文（D 檔標示一般「其他…」列無逐列明文定義；即使另有星號列也不得略過此不確定性）","033、013、009、048、130","-"
"十字花科包葉菜類","百滅寧","PERMETHRIN","其他包葉菜類(甘藍及結球萵苣除外)、其他根莖菜類(蘆筍除外)、其他乾豆類(棉籽、葵花籽除外)、其他(蔬果類)*、其他(穀類)*、其他(茶類)*","PERMETHRIN：規則無明文（D 檔標示一般「其他…」列無逐列明文定義；即使另有星號列也不得略過此不確定性）","174、173、175、006、007、008","-"
"十字花科包葉菜類","佈飛百滅寧","PERMETHRIN","其他包葉菜類(甘藍及結球萵苣除外)、其他根莖菜類(蘆筍除外)、其他乾豆類(棉籽、葵花籽除外)、其他(蔬果類)*、其他(穀類)*、其他(茶類)*","PERMETHRIN：規則無明文（D 檔標示一般「其他…」列無逐列明文定義；即使另有星號列也不得略過此不確定性）","174、173、175、006、007、008","-"
"十字花科包葉菜類","佈飛賽滅寧","CYPERMETHRIN","其他包葉菜類(結球萵苣、甘藍、青花菜除外)、其他根莖菜類(豆薯、狗尾草根、洋蔥、甜菜根、闊葉大豆根、蘆筍除外)、其他麥類(大麥、小麥、黑麥、燕麥除外)、其他(蔬果類)*、其他(穀類)*、其他(茶類)*","CYPERMETHRIN：規則無明文（D 檔標示一般「其他…」列無逐列明文定義；即使另有星號列也不得略過此不確定性）","073、074、075、006、007、008","-"
"十字花科包葉菜類","克福隆","CHLORFLUAZURON","其他小葉菜類(菠菜除外)、其他包葉菜類(結球萵苣除外)、其他(蔬果類)*、其他(穀類)*、其他(茶類)*","CHLORFLUAZURON：規則無明文（D 檔標示一般「其他…」列無逐列明文定義；即使另有星號列也不得略過此不確定性）","054、009、006、007、008","-"
"十字花科包葉菜類","芬化利","FENVALERATE","其他小漿果類(楊桃除外)、其他根莖菜類(胡蘿蔔除外)、其他(蔬果類)*、其他(穀類)*、其他(茶類)*","FENVALERATE：規則無明文（D 檔標示一般「其他…」列無逐列明文定義；即使另有星號列也不得略過此不確定性）","138、086、006、007、008","-"
"十字花科包葉菜類","氟大滅","FLUBENDIAMIDE","其他乾豆類(棉籽除外)、其他梨果類(李、杏、油桃、柿、桃、梅、蘋果、櫻桃除外)","FLUBENDIAMIDE：規則無明文（D 檔標示一般「其他…」列無逐列明文定義；即使另有星號列也不得略過此不確定性）","140、141","-"
"十字花科包葉菜類","美氟綜","METAFLUMIZONE","其他(蔬果類)*、其他(穀類)*、其他(茶類)*","METAFLUMIZONE：建議涵蓋（附表一註五檢體 I 類；只代表定量極限，不代表核准用藥範圍）","006","0.01*"
"十字花科包葉菜類","益化利","ESFENVALERATE","其他小漿果類(楊桃除外)、其他根莖菜類(胡蘿蔔除外)、其他(蔬果類)*、其他(穀類)*、其他(茶類)*","ESFENVALERATE：規則無明文（D 檔標示一般「其他…」列無逐列明文定義；即使另有星號列也不得略過此不確定性）","138、086、006、007、008","-"
"十字花科包葉菜類","益滅賽寧","CYPERMETHRIN","其他包葉菜類(結球萵苣、甘藍、青花菜除外)、其他根莖菜類(豆薯、狗尾草根、洋蔥、甜菜根、闊葉大豆根、蘆筍除外)、其他麥類(大麥、小麥、黑麥、燕麥除外)、其他(蔬果類)*、其他(穀類)*、其他(茶類)*","CYPERMETHRIN：規則無明文（D 檔標示一般「其他…」列無逐列明文定義；即使另有星號列也不得略過此不確定性）","073、074、075、006、007、008","-"
"十字花科包葉菜類","益達胺","IMIDACLOPRID","其他小葉菜類(半結球萵苣、不結球萵苣、蒜、蕗蕎及芹菜除外)、其他包葉菜類(結球萵苣除外)、其他豆菜類(毛豆除外)、其他果菜類(甜椒、金針除外)、其他核果類(橄欖除外)、其他根莖菜類(茭白筍、蓮藕、山藥、洋蔥、紅蔥頭、馬鈴薯、黑皮波羅門參、牛蒡、百合鱗莖、竹筍、芋頭、豆薯除外)、其他乾豆類(油菜籽、葵花籽、蓮子、落花生、大豆、芝麻除外)、其他(蔬果類)*、其他(穀類)*、其他(茶類)*","IMIDACLOPRID：規則無明文（D 檔標示一般「其他…」列無逐列明文定義；即使另有星號列也不得略過此不確定性）","156、009、059、157、084、158、159、006、007、008","-"
"十字花科包葉菜類","硫敵克","THIODICARB","其他小葉菜類(芹菜除外)、其他包葉菜類(甘藍、青花菜及結球萵苣除外)、其他(蔬果類)*、其他(穀類)*、其他(茶類)*","THIODICARB：規則無明文（D 檔標示一般「其他…」列無逐列明文定義；即使另有星號列也不得略過此不確定性）","004、109、006、007、008","-"
"十字花科包葉菜類","祿芬隆","LUFENURON","其他(蔬果類)*、其他(穀類)*、其他(茶類)*","LUFENURON：建議涵蓋（附表一註五檢體 I 類；只代表定量極限，不代表核准用藥範圍）","006","0.01*"
"十字花科包葉菜類","毆殺松","ACEPHATE","其他小葉菜類(芹菜除外)、其他包葉菜類(結球萵苣除外)、其他果菜類(甜椒除外)、其他(蔬果類)*、其他(穀類)*、其他(茶類)*","ACEPHATE：規則無明文（D 檔標示一般「其他…」列無逐列明文定義；即使另有星號列也不得略過此不確定性）","004、009、010、006、007、008","-"
"十字花科包葉菜類","賽滅淨","CYROMAZINE","其他小葉菜類(?結球萵苣、半結球萵苣、芹菜、青蔥、菠菜、茼蒿除外)、其他豆菜類(萊豆除外)、其他包葉菜類(結球萵苣除外)、其他果菜類(甜椒、茄子、枸杞、番茄、辣椒除外)","CYROMAZINE：規則無明文（D 檔標示一般「其他…」列無逐列明文定義；即使另有星號列也不得略過此不確定性）","079、080、009、081","-"
"十字花科包葉菜類","賽滅寧","CYPERMETHRIN","其他包葉菜類(結球萵苣、甘藍、青花菜除外)、其他根莖菜類(豆薯、狗尾草根、洋蔥、甜菜根、闊葉大豆根、蘆筍除外)、其他麥類(大麥、小麥、黑麥、燕麥除外)、其他(蔬果類)*、其他(穀類)*、其他(茶類)*","CYPERMETHRIN：規則無明文（D 檔標示一般「其他…」列無逐列明文定義；即使另有星號列也不得略過此不確定性）","073、074、075、006、007、008","-"
"十字花科根菜類","大利松","DIAZINON","其他根莖菜類(胡蘿蔔除外)","DIAZINON：規則無明文（D 檔標示一般「其他…」列無逐列明文定義；即使另有星號列也不得略過此不確定性）","086","-"
"十字花科根菜類","四氯異苯腈","CHLOROTHALONIL","其他小葉菜類(十字花科小葉菜類除外)、其他小漿果類(草莓、藍莓除外)、其他乾豆類(落花生除外)、其他根莖菜類(人參(鮮)除外)、其他(蔬果類)*、其他(穀類)*、其他(茶類)*","CHLOROTHALONIL：規則無明文（D 檔標示一般「其他…」列無逐列明文定義；即使另有星號列也不得略過此不確定性）","055、056、057、058、006、007、008","-"
"十字花科根菜類","百滅寧","PERMETHRIN","其他包葉菜類(甘藍及結球萵苣除外)、其他根莖菜類(蘆筍除外)、其他乾豆類(棉籽、葵花籽除外)、其他(蔬果類)*、其他(穀類)*、其他(茶類)*","PERMETHRIN：規則無明文（D 檔標示一般「其他…」列無逐列明文定義；即使另有星號列也不得略過此不確定性）","174、173、175、006、007、008","-"
"十字花科根菜類","佈飛百滅寧","PERMETHRIN","其他包葉菜類(甘藍及結球萵苣除外)、其他根莖菜類(蘆筍除外)、其他乾豆類(棉籽、葵花籽除外)、其他(蔬果類)*、其他(穀類)*、其他(茶類)*","PERMETHRIN：規則無明文（D 檔標示一般「其他…」列無逐列明文定義；即使另有星號列也不得略過此不確定性）","174、173、175、006、007、008","-"
"十字花科根菜類","佈飛賽滅寧","CYPERMETHRIN","其他包葉菜類(結球萵苣、甘藍、青花菜除外)、其他根莖菜類(豆薯、狗尾草根、洋蔥、甜菜根、闊葉大豆根、蘆筍除外)、其他麥類(大麥、小麥、黑麥、燕麥除外)、其他(蔬果類)*、其他(穀類)*、其他(茶類)*","CYPERMETHRIN：規則無明文（D 檔標示一般「其他…」列無逐列明文定義；即使另有星號列也不得略過此不確定性）","073、074、075、006、007、008","-"
"十字花科根菜類","亞托敏","AZOXYSTROBIN","其他小葉菜類(半結球萵苣、不結球萵苣、芹菜、青蔥、蒜及茼蒿除外)、其他小漿果類(藍莓、覆盆子除外)、其他豆菜類(刀豆、毛豆、花豆(鮮)、扁豆、豇豆(鮮)、萊豆、菜豆、豌豆、樹豆(鮮)、翼豆、蠶豆(鮮)、鷹嘴豆除外)、其他果菜類(枸杞、茄子、甜椒、番茄、辣椒除外)、其他根莖菜類(芋頭、洋蔥、馬鈴薯、甜菜根、人參(鮮)、牛蒡、豆薯、百合鱗莖、紅蔥頭、黑皮波羅門參、蕎頭、薑、蘆筍除外)、其他草木本植物(火龍果花、菊花除外)、其他堅果類(杏仁、開心果除外)、其他(蔬果類)*、其他(穀類)*、其他(茶類)*","AZOXYSTROBIN：規則無明文（D 檔標示一般「其他…」列無逐列明文定義；即使另有星號列也不得略過此不確定性）","017、018、019、020、021、022、023、006、007、008","-"
"十字花科根菜類","芬化利","FENVALERATE","其他小漿果類(楊桃除外)、其他根莖菜類(胡蘿蔔除外)、其他(蔬果類)*、其他(穀類)*、其他(茶類)*","FENVALERATE：規則無明文（D 檔標示一般「其他…」列無逐列明文定義；即使另有星號列也不得略過此不確定性）","138、086、006、007、008","-"
"十字花科根菜類","剋安勃","CHLORANTRANILIPROLE","其他十字花科包葉菜類(甘藍、青花菜除外)、其他小葉菜類(十字花科小葉菜類、不結球萵苣、半結球萵苣、芹菜、菠菜、葉用豌豆、白鳳菜、芳香萬壽菊、青蔥、枸杞葉、紅鳳菜、韭菜、韭菜花、韭黃、香椿、茼蒿、蒜、龍鬚菜、闊包菊除外)、其他小漿果類(草莓、黑莓、蔓越莓、藍莓、覆盆子、葡萄除外)、其他瓜果類(洋香瓜、香瓜除外)、其他瓜菜類(胡瓜除外)、其他果菜類(甜椒、番茄、辣椒除外)、其他根莖菜類(胡蘿蔔、豆薯、狗尾草根、闊葉大豆根、蘿蔔除外)、其他堅果類(杏仁、美洲胡桃除外)、其他梨果類(李、杏、油桃、桃、梅、梨、蘋果、櫻桃除外)、其他麥類(大麥、小麥除外)、其他雜糧類(高粱除外)、其他(蔬果類)*、其他(穀類)*、其他(茶類)*","CHLORANTRANILIPROLE：規則無明文（D 檔標示一般「其他…」列無逐列明文定義；即使另有星號列也不得略過此不確定性）","043、044、045、046、047、048、049、050、025、051、052、006、007、008","-"
"十字花科根菜類","氟比拔克","FLUOPICOLIDE || PROPAMOCARB HYDROCHLORIDE","其他(蔬果類)*、其他(穀類)*、其他(茶類)* || 其他(蔬果類)*、其他(穀類)*、其他(茶類)*","FLUOPICOLIDE：建議涵蓋（附表一註五檢體 I 類；只代表定量極限，不代表核准用藥範圍） || PROPAMOCARB HYDROCHLORIDE：建議涵蓋（附表一註五檢體 I 類；只代表定量極限，不代表核准用藥範圍）","006 || 006","0.01* || 0.01*"
"十字花科根菜類","氟克殺","FLUXAPYROXAD","其他豆菜類(毛豆除外)、其他乾豆類(大豆、落花生、小扁豆、棉籽、豌豆、油菜籽、葵花籽除外)、其他梨果類(李、杏、油桃、桃、梅、櫻桃除外)","FLUXAPYROXAD：規則無明文（D 檔標示一般「其他…」列無逐列明文定義；即使另有星號列也不得略過此不確定性）","059、148、003","-"
"十字花科根菜類","益達胺","IMIDACLOPRID","其他小葉菜類(半結球萵苣、不結球萵苣、蒜、蕗蕎及芹菜除外)、其他包葉菜類(結球萵苣除外)、其他豆菜類(毛豆除外)、其他果菜類(甜椒、金針除外)、其他核果類(橄欖除外)、其他根莖菜類(茭白筍、蓮藕、山藥、洋蔥、紅蔥頭、馬鈴薯、黑皮波羅門參、牛蒡、百合鱗莖、竹筍、芋頭、豆薯除外)、其他乾豆類(油菜籽、葵花籽、蓮子、落花生、大豆、芝麻除外)、其他(蔬果類)*、其他(穀類)*、其他(茶類)*","IMIDACLOPRID：規則無明文（D 檔標示一般「其他…」列無逐列明文定義；即使另有星號列也不得略過此不確定性）","156、009、059、157、084、158、159、006、007、008","-"
"十字花科根菜類","馬拉松","MALATHION","其他大漿果類(番荔枝、黃金果及榴槤蜜除外)、其他果菜類(金針除外)、其他(蔬果類)*、其他(穀類)*、其他(茶類)*","MALATHION：規則無明文（D 檔標示一般「其他…」列無逐列明文定義；即使另有星號列也不得略過此不確定性）","118、083、006、007、008","-"
"十字花科根菜類","畢芬寧","BIFENTHRIN","其他小漿果類(草莓除外)、其他果菜類(金針、洛神葵除外)、其他根莖菜類(山藥除外)、其他(蔬果類)*、其他(穀類)*、其他(茶類)*","BIFENTHRIN：規則無明文（D 檔標示一般「其他…」列無逐列明文定義；即使另有星號列也不得略過此不確定性）","026、027、028、006、007、008","-"
"十字花科根菜類","第滅寧","DELTAMETHRIN","其他根莖菜類(牛蒡、竹筍、洋蔥、胡蘿蔔、黑皮波羅門參、蘿蔔除外)、其他雜糧類(高粱除外)、其他果菜類(金針除外)、其他核果類(橄欖除外)、其他梨果類(桃除外)、其他(蔬果類)*、其他(穀類)*、其他(茶類)*","DELTAMETHRIN：規則無明文（D 檔標示一般「其他…」列無逐列明文定義；即使另有星號列也不得略過此不確定性）","082、052、083、084、085、006、007、008","-"
"十字花科根菜類","速殺氟","SULFOXAFLOR","其他十字花科包葉菜類(花椰菜除外)、其他根莖菜類(蒜頭、洋蔥、胡蘿蔔除外)、其他乾豆類(棉籽、油菜籽除外)","SULFOXAFLOR：規則無明文（D 檔標示一般「其他…」列無逐列明文定義；即使另有星號列也不得略過此不確定性）","097、098、099","-"
"十字花科根菜類","達特南","DINOTEFURAN","其他瓜果類(西瓜、洋香瓜、香瓜除外)、其他瓜菜類(冬瓜、南瓜、扁蒲、苦瓜、夏南瓜、隼人瓜、絲瓜、越瓜、胡瓜除外)、其他柑桔類(柑桔除外)、其他果菜類(金針、枸杞、秋葵、茄子、甜椒、番茄、辣椒除外)","DINOTEFURAN：規則無明文（D 檔標示一般「其他…」列無逐列明文定義；即使另有星號列也不得略過此不確定性）","064、094、067、095","-"
"十字花科根菜類","達滅克敏","PYRACLOSTROBIN || DIMETHOMORPH","其他乾豆類(落花生、小扁豆、菜豆、大豆、葵花籽、豌豆除外)、其他堅果類(開心果除外)、其他(蔬果類)*、其他(穀類)*、其他(茶類)*、其他十字花科小葉菜類(芥菜除外) || 其他小漿果類(草莓、葡萄及蓮霧除外)、其他瓜果類(西瓜、洋香瓜、香瓜除外)、其他瓜菜類(小黃瓜、胡瓜除外)、其他果菜類(番茄、枸杞、茄子、甜椒、辣椒除外)、其他(蔬果類)*、其他(穀類)*、其他(茶類)*","PYRACLOSTROBIN：規則無明文（D 檔標示一般「其他…」列無逐列明文定義；即使另有星號列也不得略過此不確定性） || DIMETHOMORPH：規則無明文（D 檔標示一般「其他…」列無逐列明文定義；即使另有星號列也不得略過此不確定性）","160、161、006、007、008、181 || 092、064、015、093、006、007、008","- || -"
"十字花科根菜類","達滅芬","DIMETHOMORPH","其他小漿果類(草莓、葡萄及蓮霧除外)、其他瓜果類(西瓜、洋香瓜、香瓜除外)、其他瓜菜類(小黃瓜、胡瓜除外)、其他果菜類(番茄、枸杞、茄子、甜椒、辣椒除外)、其他(蔬果類)*、其他(穀類)*、其他(茶類)*","DIMETHOMORPH：規則無明文（D 檔標示一般「其他…」列無逐列明文定義；即使另有星號列也不得略過此不確定性）","092、064、015、093、006、007、008","-"
"十字花科根菜類","賜諾殺","SPINOSAD","其他小葉菜類(不結球萵苣、半結球萵苣、芹菜、青蔥及紫蘇除外)、其他梨果類(蘋果除外)","SPINOSAD：規則無明文（D 檔標示一般「其他…」列無逐列明文定義；即使另有星號列也不得略過此不確定性）","167、168","-"
"十字花科根菜類","鋅錳滅達樂","METALAXYL","其他小葉菜類(不結球萵苣、半結球萵苣、芹菜、青蔥及菠菜除外)、其他小漿果類(草莓、葡萄、蔓越莓及藍莓除外)、其他果菜類(甜椒除外)、其他根莖菜類(洋蔥、胡蘿蔔、馬鈴薯、甜菜根及蘿蔔除外)","METALAXYL：規則無明文（D 檔標示一般「其他…」列無逐列明文定義；即使另有星號列也不得略過此不確定性）","120、121、010、122","-"
"十字花科根菜類","賽洛寧","LAMBDA-CYHALOTHRIN","其他小葉菜類(蒜除外)、其他核果類(荔枝除外)、其他根莖菜類(山藥、牛蒡、甘藷、芋頭、豆薯、洋蔥、胡蘿蔔、百合鱗莖、紅蔥頭、馬鈴薯、黑皮波羅門參、蒜頭、樹薯、蕎頭、狗尾草根、闊葉大豆根及蘆筍除外)、其他堅果類(胡桃、榛果除外)、其他梨果類(柿除外)、其他(蔬果類)*、其他(穀類)*、其他(茶類)*","LAMBDA-CYHALOTHRIN：規則無明文（D 檔標示一般「其他…」列無逐列明文定義；即使另有星號列也不得略過此不確定性）","068、069、070、071、072、006、007、008","-"
"十字花科根菜類","賽滅寧","CYPERMETHRIN","其他包葉菜類(結球萵苣、甘藍、青花菜除外)、其他根莖菜類(豆薯、狗尾草根、洋蔥、甜菜根、闊葉大豆根、蘆筍除外)、其他麥類(大麥、小麥、黑麥、燕麥除外)、其他(蔬果類)*、其他(穀類)*、其他(茶類)*","CYPERMETHRIN：規則無明文（D 檔標示一般「其他…」列無逐列明文定義；即使另有星號列也不得略過此不確定性）","073、074、075、006、007、008","-"
"十字花科根菜類","賽達松","PHENTHOATE","其他(蔬果類)*、其他(穀類)*、其他(茶類)*","PHENTHOATE：建議涵蓋（附表一註五檢體 I 類；只代表定量極限，不代表核准用藥範圍）","006","0.01*"
"十字花科乾豆類","賜派滅","SPIROTETRAMAT","其他十字花科包葉菜類(甘藍除外)、其他小葉菜類(十字花科小葉菜類、芹菜除外)、其他乾豆類(棉籽、大豆除外)、其他梨果類(印度棗、李、杏、枇杷、油桃、紅棗、桃、梅、梨、櫻桃除外)","SPIROTETRAMAT：規則無明文（D 檔標示一般「其他…」列無逐列明文定義；即使另有星號列也不得略過此不確定性）","115、169、170、171","-"
"大豆","四氯異苯腈","CHLOROTHALONIL","其他小葉菜類(十字花科小葉菜類除外)、其他小漿果類(草莓、藍莓除外)、其他乾豆類(落花生除外)、其他根莖菜類(人參(鮮)除外)、其他(蔬果類)*、其他(穀類)*、其他(茶類)*","CHLOROTHALONIL：規則無明文（D 檔標示一般「其他…」列無逐列明文定義；即使另有星號列也不得略過此不確定性）","055、056、057、058、006、007、008","-"
"大豆","百利普芬","PYRIPROXYFEN","其他柑桔類(葡萄柚、檸檬除外)、其他梨果類(櫻桃除外)、其他(蔬果類)*、其他(穀類)*、其他(茶類)*","PYRIPROXYFEN：規則無明文（D 檔標示一般「其他…」列無逐列明文定義；即使另有星號列也不得略過此不確定性）","107、131、006、007、008","-"
"大豆","快諾芬","QUINOXYFEN","其他瓜果類(西瓜、洋香瓜、香瓜除外)、其他(蔬果類)*、其他(穀類)*、其他(茶類)*","QUINOXYFEN：規則無明文（D 檔標示一般「其他…」列無逐列明文定義；即使另有星號列也不得略過此不確定性）","064、006、007、008","-"
"大豆","阿巴汀","ABAMECTIN","其他小葉菜類(芹菜除外)、其他包葉菜類(十字花科包葉菜類、結球萵苣除外)、其他(蔬果類)*、其他(穀類)*、其他(茶類)*","ABAMECTIN：規則無明文（D 檔標示一般「其他…」列無逐列明文定義；即使另有星號列也不得略過此不確定性）","004、005、006、007、008","-"
"大豆","氟尼胺","FLONICAMID","其他(蔬果類)*、其他(穀類)*、其他(茶類)*","FLONICAMID：建議涵蓋（附表一註五檢體 II 類；只代表定量極限，不代表核准用藥範圍）","007","0.02*"
"大豆","派滅淨","PYMETROZINE","其他(蔬果類)*、其他(穀類)*","PYMETROZINE：建議涵蓋（附表一註五檢體 II 類；只代表定量極限，不代表核准用藥範圍）","007","0.01*"
"大豆","得殺草","TEPRALOXYDIM","其他(蔬果類)*、其他(穀類)*、其他(茶類)*","TEPRALOXYDIM：建議涵蓋（附表一註五檢體 II 類；只代表定量極限，不代表核准用藥範圍）","007","0.02*"
"大豆","速殺氟","SULFOXAFLOR","其他十字花科包葉菜類(花椰菜除外)、其他根莖菜類(蒜頭、洋蔥、胡蘿蔔除外)、其他乾豆類(棉籽、油菜籽除外)","SULFOXAFLOR：規則無明文（D 檔標示一般「其他…」列無逐列明文定義；即使另有星號列也不得略過此不確定性）","097、098、099","-"
"大豆","祿芬隆","LUFENURON","其他(蔬果類)*、其他(穀類)*、其他(茶類)*","LUFENURON：建議涵蓋（附表一註五檢體 II 類；只代表定量極限，不代表核准用藥範圍）","007","0.02*"
"大豆","賓克隆","PENCYCURON","其他(蔬果類)*、其他(穀類)*、其他(茶類)*","PENCYCURON：建議涵蓋（附表一註五檢體 II 類；只代表定量極限，不代表核准用藥範圍）","007","0.02*"
"小白菜","四氯異苯腈","CHLOROTHALONIL","其他小葉菜類(十字花科小葉菜類除外)、其他小漿果類(草莓、藍莓除外)、其他乾豆類(落花生除外)、其他根莖菜類(人參(鮮)除外)、其他(蔬果類)*、其他(穀類)*、其他(茶類)*","CHLOROTHALONIL：規則無明文（D 檔標示一般「其他…」列無逐列明文定義；即使另有星號列也不得略過此不確定性）","055、056、057、058、006、007、008","-"
"小白菜","鋅錳克絕","CYMOXANIL","其他小漿果類(草莓除外)、其他(蔬果類)*、其他(穀類)*、其他(茶類)*","CYMOXANIL：規則無明文（D 檔標示一般「其他…」列無逐列明文定義；即使另有星號列也不得略過此不確定性）","026、006、007、008","-"
"山藥","四氯異苯腈","CHLOROTHALONIL","其他小葉菜類(十字花科小葉菜類除外)、其他小漿果類(草莓、藍莓除外)、其他乾豆類(落花生除外)、其他根莖菜類(人參(鮮)除外)、其他(蔬果類)*、其他(穀類)*、其他(茶類)*","CHLOROTHALONIL：規則無明文（D 檔標示一般「其他…」列無逐列明文定義；即使另有星號列也不得略過此不確定性）","055、056、057、058、006、007、008","-"
"山藥","百滅寧","PERMETHRIN","其他包葉菜類(甘藍及結球萵苣除外)、其他根莖菜類(蘆筍除外)、其他乾豆類(棉籽、葵花籽除外)、其他(蔬果類)*、其他(穀類)*、其他(茶類)*","PERMETHRIN：規則無明文（D 檔標示一般「其他…」列無逐列明文定義；即使另有星號列也不得略過此不確定性）","174、173、175、006、007、008","-"
"山藥","芬化利","FENVALERATE","其他小漿果類(楊桃除外)、其他根莖菜類(胡蘿蔔除外)、其他(蔬果類)*、其他(穀類)*、其他(茶類)*","FENVALERATE：規則無明文（D 檔標示一般「其他…」列無逐列明文定義；即使另有星號列也不得略過此不確定性）","138、086、006、007、008","-"
"山藥","剋安勃","CHLORANTRANILIPROLE","其他十字花科包葉菜類(甘藍、青花菜除外)、其他小葉菜類(十字花科小葉菜類、不結球萵苣、半結球萵苣、芹菜、菠菜、葉用豌豆、白鳳菜、芳香萬壽菊、青蔥、枸杞葉、紅鳳菜、韭菜、韭菜花、韭黃、香椿、茼蒿、蒜、龍鬚菜、闊包菊除外)、其他小漿果類(草莓、黑莓、蔓越莓、藍莓、覆盆子、葡萄除外)、其他瓜果類(洋香瓜、香瓜除外)、其他瓜菜類(胡瓜除外)、其他果菜類(甜椒、番茄、辣椒除外)、其他根莖菜類(胡蘿蔔、豆薯、狗尾草根、闊葉大豆根、蘿蔔除外)、其他堅果類(杏仁、美洲胡桃除外)、其他梨果類(李、杏、油桃、桃、梅、梨、蘋果、櫻桃除外)、其他麥類(大麥、小麥除外)、其他雜糧類(高粱除外)、其他(蔬果類)*、其他(穀類)*、其他(茶類)*","CHLORANTRANILIPROLE：規則無明文（D 檔標示一般「其他…」列無逐列明文定義；即使另有星號列也不得略過此不確定性）","043、044、045、046、047、048、049、050、025、051、052、006、007、008","-"
"山藥","第滅寧","DELTAMETHRIN","其他根莖菜類(牛蒡、竹筍、洋蔥、胡蘿蔔、黑皮波羅門參、蘿蔔除外)、其他雜糧類(高粱除外)、其他果菜類(金針除外)、其他核果類(橄欖除外)、其他梨果類(桃除外)、其他(蔬果類)*、其他(穀類)*、其他(茶類)*","DELTAMETHRIN：規則無明文（D 檔標示一般「其他…」列無逐列明文定義；即使另有星號列也不得略過此不確定性）","082、052、083、084、085、006、007、008","-"
"山藥","腐絕","THIABENDAZOLE","其他根莖菜類(馬鈴薯除外)、其他(蔬果類)*、其他(穀類)*、其他(茶類)*","THIABENDAZOLE：規則無明文（D 檔標示一般「其他…」列無逐列明文定義；即使另有星號列也不得略過此不確定性）","103、006、007、008","-"
"山藥","賽滅寧","CYPERMETHRIN","其他包葉菜類(結球萵苣、甘藍、青花菜除外)、其他根莖菜類(豆薯、狗尾草根、洋蔥、甜菜根、闊葉大豆根、蘆筍除外)、其他麥類(大麥、小麥、黑麥、燕麥除外)、其他(蔬果類)*、其他(穀類)*、其他(茶類)*","CYPERMETHRIN：規則無明文（D 檔標示一般「其他…」列無逐列明文定義；即使另有星號列也不得略過此不確定性）","073、074、075、006、007、008","-"
"山蘇","四氯異苯腈","CHLOROTHALONIL","其他小葉菜類(十字花科小葉菜類除外)、其他小漿果類(草莓、藍莓除外)、其他乾豆類(落花生除外)、其他根莖菜類(人參(鮮)除外)、其他(蔬果類)*、其他(穀類)*、其他(茶類)*","CHLOROTHALONIL：規則無明文（D 檔標示一般「其他…」列無逐列明文定義；即使另有星號列也不得略過此不確定性）","055、056、057、058、006、007、008","-"
"山蘇","克凡派","CHLORFENAPYR","其他瓜果類(洋香瓜除外)、其他小葉菜類(韭菜、茼蒿、菠菜、葉用豌豆除外)、其他(蔬果類)*、其他(穀類)*、其他(茶類)*","CHLORFENAPYR：規則無明文（D 檔標示一般「其他…」列無逐列明文定義；即使另有星號列也不得略過此不確定性）","033、053、006、007、008","-"
"山蘇","剋安勃","CHLORANTRANILIPROLE","其他十字花科包葉菜類(甘藍、青花菜除外)、其他小葉菜類(十字花科小葉菜類、不結球萵苣、半結球萵苣、芹菜、菠菜、葉用豌豆、白鳳菜、芳香萬壽菊、青蔥、枸杞葉、紅鳳菜、韭菜、韭菜花、韭黃、香椿、茼蒿、蒜、龍鬚菜、闊包菊除外)、其他小漿果類(草莓、黑莓、蔓越莓、藍莓、覆盆子、葡萄除外)、其他瓜果類(洋香瓜、香瓜除外)、其他瓜菜類(胡瓜除外)、其他果菜類(甜椒、番茄、辣椒除外)、其他根莖菜類(胡蘿蔔、豆薯、狗尾草根、闊葉大豆根、蘿蔔除外)、其他堅果類(杏仁、美洲胡桃除外)、其他梨果類(李、杏、油桃、桃、梅、梨、蘋果、櫻桃除外)、其他麥類(大麥、小麥除外)、其他雜糧類(高粱除外)、其他(蔬果類)*、其他(穀類)*、其他(茶類)*","CHLORANTRANILIPROLE：規則無明文（D 檔標示一般「其他…」列無逐列明文定義；即使另有星號列也不得略過此不確定性）","043、044、045、046、047、048、049、050、025、051、052、006、007、008","-"
"山蘇","硫敵克","THIODICARB","其他小葉菜類(芹菜除外)、其他包葉菜類(甘藍、青花菜及結球萵苣除外)、其他(蔬果類)*、其他(穀類)*、其他(茶類)*","THIODICARB：規則無明文（D 檔標示一般「其他…」列無逐列明文定義；即使另有星號列也不得略過此不確定性）","004、109、006、007、008","-"
"山蘇","毆殺滅","OXAMYL","其他小葉菜類(芹菜除外)、其他柑桔類(柳橙除外)、其他果菜類(番茄除外)、其他(蔬果類)*、其他(穀類)*、其他(茶類)*","OXAMYL：規則無明文（D 檔標示一般「其他…」列無逐列明文定義；即使另有星號列也不得略過此不確定性）","004、129、065、006、007、008","-"
"天竺葵","賜諾殺","SPINOSAD","其他小葉菜類(不結球萵苣、半結球萵苣、芹菜、青蔥及紫蘇除外)、其他梨果類(蘋果除外)","SPINOSAD：規則無明文（D 檔標示一般「其他…」列無逐列明文定義；即使另有星號列也不得略過此不確定性）","167、168","-"
"太平洋榅桲","亞賜圃","ISOPROTHIOLANE","其他(蔬果類)*、其他(穀類)*、其他(茶類)*","ISOPROTHIOLANE：建議涵蓋（附表一註五檢體 I 類；只代表定量極限，不代表核准用藥範圍）","006","0.01*"
"木瓜","芬普寧","FENPROPATHRIN","其他大漿果類(番荔枝除外)、其他莓(草莓除外)、其他柑桔類(柳橙、葡萄柚、檸檬除外)、其他梨果類﹙李、油桃、桃、蘋果及櫻桃除外﹚、其他(蔬果類)*、其他(穀類)*、其他(茶類)*","FENPROPATHRIN：規則無明文（D 檔標示一般「其他…」列無逐列明文定義；即使另有星號列也不得略過此不確定性）","135、034、136、137、006、007、008","-"
"木瓜","馬拉松","MALATHION","其他大漿果類(番荔枝、黃金果及榴槤蜜除外)、其他果菜類(金針除外)、其他(蔬果類)*、其他(穀類)*、其他(茶類)*","MALATHION：規則無明文（D 檔標示一般「其他…」列無逐列明文定義；即使另有星號列也不得略過此不確定性）","118、083、006、007、008","-"
"水稻","賽座滅","CYAZOFAMID","其他瓜菜類(小黃瓜、胡瓜除外)、其他(蔬果類)*、其他(穀類)*、其他(茶類)*","CYAZOFAMID：規則無明文（D 檔標示一般「其他…」列無逐列明文定義；即使另有星號列也不得略過此不確定性）","015、006、007、008","-"
"牛蒡","百滅寧","PERMETHRIN","其他包葉菜類(甘藍及結球萵苣除外)、其他根莖菜類(蘆筍除外)、其他乾豆類(棉籽、葵花籽除外)、其他(蔬果類)*、其他(穀類)*、其他(茶類)*","PERMETHRIN：規則無明文（D 檔標示一般「其他…」列無逐列明文定義；即使另有星號列也不得略過此不確定性）","174、173、175、006、007、008","-"
"牛蒡","芬化利","FENVALERATE","其他小漿果類(楊桃除外)、其他根莖菜類(胡蘿蔔除外)、其他(蔬果類)*、其他(穀類)*、其他(茶類)*","FENVALERATE：規則無明文（D 檔標示一般「其他…」列無逐列明文定義；即使另有星號列也不得略過此不確定性）","138、086、006、007、008","-"
"牛蒡","速殺氟","SULFOXAFLOR","其他十字花科包葉菜類(花椰菜除外)、其他根莖菜類(蒜頭、洋蔥、胡蘿蔔除外)、其他乾豆類(棉籽、油菜籽除外)","SULFOXAFLOR：規則無明文（D 檔標示一般「其他…」列無逐列明文定義；即使另有星號列也不得略過此不確定性）","097、098、099","-"
"牛蒡","福多寧","FLUTOLANIL","其他根莖菜類(芋頭、胡蘿蔔除外)、其他(蔬果類)*、其他(穀類)*、其他(茶類)*","FLUTOLANIL：規則無明文（D 檔標示一般「其他…」列無逐列明文定義；即使另有星號列也不得略過此不確定性）","146、006、007、008","-"
"仙草","亞托敏","AZOXYSTROBIN","其他小葉菜類(半結球萵苣、不結球萵苣、芹菜、青蔥、蒜及茼蒿除外)、其他小漿果類(藍莓、覆盆子除外)、其他豆菜類(刀豆、毛豆、花豆(鮮)、扁豆、豇豆(鮮)、萊豆、菜豆、豌豆、樹豆(鮮)、翼豆、蠶豆(鮮)、鷹嘴豆除外)、其他果菜類(枸杞、茄子、甜椒、番茄、辣椒除外)、其他根莖菜類(芋頭、洋蔥、馬鈴薯、甜菜根、人參(鮮)、牛蒡、豆薯、百合鱗莖、紅蔥頭、黑皮波羅門參、蕎頭、薑、蘆筍除外)、其他草木本植物(火龍果花、菊花除外)、其他堅果類(杏仁、開心果除外)、其他(蔬果類)*、其他(穀類)*、其他(茶類)*","AZOXYSTROBIN：規則無明文（D 檔標示一般「其他…」列無逐列明文定義；即使另有星號列也不得略過此不確定性）","017、018、019、020、021、022、023、006、007、008","-"
"仙草","硫敵克","THIODICARB","其他小葉菜類(芹菜除外)、其他包葉菜類(甘藍、青花菜及結球萵苣除外)、其他(蔬果類)*、其他(穀類)*、其他(茶類)*","THIODICARB：規則無明文（D 檔標示一般「其他…」列無逐列明文定義；即使另有星號列也不得略過此不確定性）","004、109、006、007、008","-"
"玉米","第滅寧","DELTAMETHRIN","其他根莖菜類(牛蒡、竹筍、洋蔥、胡蘿蔔、黑皮波羅門參、蘿蔔除外)、其他雜糧類(高粱除外)、其他果菜類(金針除外)、其他核果類(橄欖除外)、其他梨果類(桃除外)、其他(蔬果類)*、其他(穀類)*、其他(茶類)*","DELTAMETHRIN：規則無明文（D 檔標示一般「其他…」列無逐列明文定義；即使另有星號列也不得略過此不確定性）","082、052、083、084、085、006、007、008","-"
"玉米","莫多草淨","METOLACHLOR","其他雜糧類(高粱除外)、其他乾豆類(大豆除外)、其他(蔬果類)*、其他(穀類)*、其他(茶類)*","METOLACHLOR：規則無明文（D 檔標示一般「其他…」列無逐列明文定義；即使另有星號列也不得略過此不確定性）","052、124、006、007、008","-"
"玉米","硫敵克","THIODICARB","其他小葉菜類(芹菜除外)、其他包葉菜類(甘藍、青花菜及結球萵苣除外)、其他(蔬果類)*、其他(穀類)*、其他(茶類)*","THIODICARB：規則無明文（D 檔標示一般「其他…」列無逐列明文定義；即使另有星號列也不得略過此不確定性）","004、109、006、007、008","-"
"玉米","撲滅松","FENITROTHION","其他雜糧類(高粱除外)、其他(蔬果類)*、其他(穀類)*、其他(茶類)*","FENITROTHION：規則無明文（D 檔標示一般「其他…」列無逐列明文定義；即使另有星號列也不得略過此不確定性）","052、006、007、008","-"
"瓜果類","凡殺克絕","FAMOXADONE","其他(蔬果類)*、其他(穀類)*、其他(茶類)*","FAMOXADONE：建議涵蓋（附表一註五檢體 I 類；只代表定量極限，不代表核准用藥範圍）","006","0.01*"
"瓜果類","布瑞莫","BUPIRIMATE","其他(蔬果類)*、其他(穀類)*、其他(茶類)*","BUPIRIMATE：建議涵蓋（附表一註五檢體 I 類；只代表定量極限，不代表核准用藥範圍）","006","0.01*"
"瓜果類","白列克收欣","BOSCALID","其他瓜菜類(南瓜、小黃瓜、胡瓜除外)、其他(蔬果類)*、其他(穀類)*、其他(茶類)*","BOSCALID：規則無明文（D 檔標示一般「其他…」列無逐列明文定義；即使另有星號列也不得略過此不確定性）","029、006、007、008","-"
"瓜果類","白列克敏","BOSCALID","其他瓜菜類(南瓜、小黃瓜、胡瓜除外)、其他(蔬果類)*、其他(穀類)*、其他(茶類)*","BOSCALID：規則無明文（D 檔標示一般「其他…」列無逐列明文定義；即使另有星號列也不得略過此不確定性）","029、006、007、008","-"
"瓜果類","白克列","BOSCALID","其他瓜菜類(南瓜、小黃瓜、胡瓜除外)、其他(蔬果類)*、其他(穀類)*、其他(茶類)*","BOSCALID：規則無明文（D 檔標示一般「其他…」列無逐列明文定義；即使另有星號列也不得略過此不確定性）","029、006、007、008","-"
"瓜果類","貝他-賽扶寧","BETA-CYFLUTHRIN","其他(蔬果類)*、其他(穀類)*、其他(茶類)*","BETA-CYFLUTHRIN：規則無明文（找不到成分＋星號列的唯一容許量原文，不得推定）","006","-"
"瓜果類","依瑞莫","ETHIRIMOL","其他(蔬果類)*、其他(穀類)*、其他(茶類)*","ETHIRIMOL：建議涵蓋（附表一註五檢體 I 類；只代表定量極限，不代表核准用藥範圍）","006","0.01*"
"瓜果類","賓得克利","PENCYCURON","其他(蔬果類)*、其他(穀類)*、其他(茶類)*","PENCYCURON：建議涵蓋（附表一註五檢體 I 類；只代表定量極限，不代表核准用藥範圍）","006","0.01*"
"瓜菜類","凡殺克絕","FAMOXADONE","其他(蔬果類)*、其他(穀類)*、其他(茶類)*","FAMOXADONE：建議涵蓋（附表一註五檢體 I 類；只代表定量極限，不代表核准用藥範圍）","006","0.01*"
"甘蔗","免賴得","BENOMYL","其他小漿果類(草莓及葡萄除外)、其他果菜類(洛神葵除外)、其他柑桔類(檸檬除外)、其他香辛植物(果實)(胡椒除外)、其他核果類(芒果除外)、其他乾豆類(油菜籽、落花生、大豆除外)、其他堅果類(澳洲胡桃除外)、其他梨果類(印度棗及櫻桃除外)、其他(蔬果類)*、其他(穀類)*、其他(茶類)*","BENOMYL：規則無明文（D 檔標示一般「其他…」列無逐列明文定義；即使另有星號列也不得略過此不確定性）","035、036、037、038、039、040、041、042、006、007、008","-"
"甘蔗","毆殺滅","OXAMYL","其他小葉菜類(芹菜除外)、其他柑桔類(柳橙除外)、其他果菜類(番茄除外)、其他(蔬果類)*、其他(穀類)*、其他(茶類)*","OXAMYL：規則無明文（D 檔標示一般「其他…」列無逐列明文定義；即使另有星號列也不得略過此不確定性）","004、129、065、006、007、008","-"
"甘藍","白列克敏","PYRACLOSTROBIN","其他乾豆類(落花生、小扁豆、菜豆、大豆、葵花籽、豌豆除外)、其他堅果類(開心果除外)、其他(蔬果類)*、其他(穀類)*、其他(茶類)*、其他十字花科小葉菜類(芥菜除外)","PYRACLOSTROBIN：規則無明文（D 檔標示一般「其他…」列無逐列明文定義；即使另有星號列也不得略過此不確定性）","160、161、006、007、008、181","-"
"甘藍","因滅汀","EMAMECTIN BENZOATE","其他瓜果類(洋香瓜除外)、其他豆菜類(刀豆、毛豆、花豆(鮮)、扁豆、豇豆(鮮)、菜豆、萊豆、豌豆、樹豆(鮮)、翼豆、蠶豆(鮮)、鷹嘴豆除外)、其他包葉菜類(結球萵苣除外)、其他果菜類(甜椒、番茄、辣椒除外)、其他梨果類(油桃、桃、蘋果除外)","EMAMECTIN BENZOATE：規則無明文（D 檔標示一般「其他…」列無逐列明文定義；即使另有星號列也不得略過此不確定性）","033、013、009、048、130","-"
"甘藍","芬化利","FENVALERATE","其他小漿果類(楊桃除外)、其他根莖菜類(胡蘿蔔除外)、其他(蔬果類)*、其他(穀類)*、其他(茶類)*","FENVALERATE：規則無明文（D 檔標示一般「其他…」列無逐列明文定義；即使另有星號列也不得略過此不確定性）","138、086、006、007、008","-"
"甘藍","復祿芬","OXYFLUORFEN","其他包葉菜類(朝鮮薊除外)、其他(蔬果類)*、其他(穀類)*、其他(茶類)*","OXYFLUORFEN：規則無明文（D 檔標示一般「其他…」列無逐列明文定義；即使另有星號列也不得略過此不確定性）","172、006、007、008","-"
"甘藷","芬化利","FENVALERATE","其他小漿果類(楊桃除外)、其他根莖菜類(胡蘿蔔除外)、其他(蔬果類)*、其他(穀類)*、其他(茶類)*","FENVALERATE：規則無明文（D 檔標示一般「其他…」列無逐列明文定義；即使另有星號列也不得略過此不確定性）","138、086、006、007、008","-"
"甘藷","馬拉松","MALATHION","其他大漿果類(番荔枝、黃金果及榴槤蜜除外)、其他果菜類(金針除外)、其他(蔬果類)*、其他(穀類)*、其他(茶類)*","MALATHION：規則無明文（D 檔標示一般「其他…」列無逐列明文定義；即使另有星號列也不得略過此不確定性）","118、083、006、007、008","-"
"甘藷","第滅寧","DELTAMETHRIN","其他根莖菜類(牛蒡、竹筍、洋蔥、胡蘿蔔、黑皮波羅門參、蘿蔔除外)、其他雜糧類(高粱除外)、其他果菜類(金針除外)、其他核果類(橄欖除外)、其他梨果類(桃除外)、其他(蔬果類)*、其他(穀類)*、其他(茶類)*","DELTAMETHRIN：規則無明文（D 檔標示一般「其他…」列無逐列明文定義；即使另有星號列也不得略過此不確定性）","082、052、083、084、085、006、007、008","-"
"甘藷","速殺氟","SULFOXAFLOR","其他十字花科包葉菜類(花椰菜除外)、其他根莖菜類(蒜頭、洋蔥、胡蘿蔔除外)、其他乾豆類(棉籽、油菜籽除外)","SULFOXAFLOR：規則無明文（D 檔標示一般「其他…」列無逐列明文定義；即使另有星號列也不得略過此不確定性）","097、098、099","-"
"甘藷","福多寧","FLUTOLANIL","其他根莖菜類(芋頭、胡蘿蔔除外)、其他(蔬果類)*、其他(穀類)*、其他(茶類)*","FLUTOLANIL：規則無明文（D 檔標示一般「其他…」列無逐列明文定義；即使另有星號列也不得略過此不確定性）","146、006、007、008","-"
"甘藷","腐絕","THIABENDAZOLE","其他根莖菜類(馬鈴薯除外)、其他(蔬果類)*、其他(穀類)*、其他(茶類)*","THIABENDAZOLE：規則無明文（D 檔標示一般「其他…」列無逐列明文定義；即使另有星號列也不得略過此不確定性）","103、006、007、008","-"
"甘藷","賽速安勃","CHLORANTRANILIPROLE","其他十字花科包葉菜類(甘藍、青花菜除外)、其他小葉菜類(十字花科小葉菜類、不結球萵苣、半結球萵苣、芹菜、菠菜、葉用豌豆、白鳳菜、芳香萬壽菊、青蔥、枸杞葉、紅鳳菜、韭菜、韭菜花、韭黃、香椿、茼蒿、蒜、龍鬚菜、闊包菊除外)、其他小漿果類(草莓、黑莓、蔓越莓、藍莓、覆盆子、葡萄除外)、其他瓜果類(洋香瓜、香瓜除外)、其他瓜菜類(胡瓜除外)、其他果菜類(甜椒、番茄、辣椒除外)、其他根莖菜類(胡蘿蔔、豆薯、狗尾草根、闊葉大豆根、蘿蔔除外)、其他堅果類(杏仁、美洲胡桃除外)、其他梨果類(李、杏、油桃、桃、梅、梨、蘋果、櫻桃除外)、其他麥類(大麥、小麥除外)、其他雜糧類(高粱除外)、其他(蔬果類)*、其他(穀類)*、其他(茶類)*","CHLORANTRANILIPROLE：規則無明文（D 檔標示一般「其他…」列無逐列明文定義；即使另有星號列也不得略過此不確定性）","043、044、045、046、047、048、049、050、025、051、052、006、007、008","-"
"甘藷","賽達松","PHENTHOATE","其他(蔬果類)*、其他(穀類)*、其他(茶類)*","PHENTHOATE：建議涵蓋（附表一註五檢體 I 類；只代表定量極限，不代表核准用藥範圍）","006","0.01*"
"印度棗","三氟派瑞","FLUOPYRAM","其他乾豆類(落花生、豇豆、油菜籽除外)、其他梨果類(桃、櫻桃除外)","FLUOPYRAM：規則無明文（D 檔標示一般「其他…」列無逐列明文定義；即使另有星號列也不得略過此不確定性）","144、145","-"
"向日葵","三氟得克利","TRIFLOXYSTROBIN","其他十字花科包葉菜類(甘藍、抱子甘藍除外)、其他瓜果類(西瓜、洋香瓜、香瓜除外)、其他瓜菜類(小黃瓜、胡瓜除外)、其他梨果類(印度棗、李、杏、枇杷、油桃、柿、紅棗、桃、梅、梨、櫻桃除外)、其他(蔬果類)*、其他(穀類)*、其他(茶類)*","TRIFLOXYSTROBIN：規則無明文（D 檔標示一般「其他…」列無逐列明文定義；即使另有星號列也不得略過此不確定性）","112、064、015、113、006、007、008","-"
"向日葵","四氯異苯腈","CHLOROTHALONIL","其他小葉菜類(十字花科小葉菜類除外)、其他小漿果類(草莓、藍莓除外)、其他乾豆類(落花生除外)、其他根莖菜類(人參(鮮)除外)、其他(蔬果類)*、其他(穀類)*、其他(茶類)*","CHLOROTHALONIL：規則無明文（D 檔標示一般「其他…」列無逐列明文定義；即使另有星號列也不得略過此不確定性）","055、056、057、058、006、007、008","-"
"向日葵","白列克敏","PYRACLOSTROBIN || BOSCALID","其他乾豆類(落花生、小扁豆、菜豆、大豆、葵花籽、豌豆除外)、其他堅果類(開心果除外)、其他(蔬果類)*、其他(穀類)*、其他(茶類)*、其他十字花科小葉菜類(芥菜除外) || 其他瓜菜類(南瓜、小黃瓜、胡瓜除外)、其他(蔬果類)*、其他(穀類)*、其他(茶類)*","PYRACLOSTROBIN：規則無明文（D 檔標示一般「其他…」列無逐列明文定義；即使另有星號列也不得略過此不確定性） || BOSCALID：規則無明文（D 檔標示一般「其他…」列無逐列明文定義；即使另有星號列也不得略過此不確定性）","160、161、006、007、008、181 || 029、006、007、008","- || -"
"向日葵","百克敏","PYRACLOSTROBIN","其他乾豆類(落花生、小扁豆、菜豆、大豆、葵花籽、豌豆除外)、其他堅果類(開心果除外)、其他(蔬果類)*、其他(穀類)*、其他(茶類)*、其他十字花科小葉菜類(芥菜除外)","PYRACLOSTROBIN：規則無明文（D 檔標示一般「其他…」列無逐列明文定義；即使另有星號列也不得略過此不確定性）","160、161、006、007、008、181","-"
"向日葵","克凡派","CHLORFENAPYR","其他瓜果類(洋香瓜除外)、其他小葉菜類(韭菜、茼蒿、菠菜、葉用豌豆除外)、其他(蔬果類)*、其他(穀類)*、其他(茶類)*","CHLORFENAPYR：規則無明文（D 檔標示一般「其他…」列無逐列明文定義；即使另有星號列也不得略過此不確定性）","033、053、006、007、008","-"
"向日葵","待克利","DIFENOCONAZOLE","其他十字花科包葉菜類(甘藍、抱子甘藍、花椰菜除外)、其他梨果類(柿、桃、梨、櫻桃、蘋果除外)、其他堅果類(杏仁、美洲湖桃除外)、其他(蔬果類)*、其他(穀類)*、其他(茶類)*","DIFENOCONAZOLE：規則無明文（D 檔標示一般「其他…」列無逐列明文定義；即使另有星號列也不得略過此不確定性）","088、089、090、006、007、008","-"
"向日葵","速殺氟","SULFOXAFLOR","其他十字花科包葉菜類(花椰菜除外)、其他根莖菜類(蒜頭、洋蔥、胡蘿蔔除外)、其他乾豆類(棉籽、油菜籽除外)","SULFOXAFLOR：規則無明文（D 檔標示一般「其他…」列無逐列明文定義；即使另有星號列也不得略過此不確定性）","097、098、099","-"
"向日葵","達特南","DINOTEFURAN","其他瓜果類(西瓜、洋香瓜、香瓜除外)、其他瓜菜類(冬瓜、南瓜、扁蒲、苦瓜、夏南瓜、隼人瓜、絲瓜、越瓜、胡瓜除外)、其他柑桔類(柑桔除外)、其他果菜類(金針、枸杞、秋葵、茄子、甜椒、番茄、辣椒除外)","DINOTEFURAN：規則無明文（D 檔標示一般「其他…」列無逐列明文定義；即使另有星號列也不得略過此不確定性）","064、094、067、095","-"
"竹","芬化利","FENVALERATE","其他小漿果類(楊桃除外)、其他根莖菜類(胡蘿蔔除外)、其他(蔬果類)*、其他(穀類)*、其他(茶類)*","FENVALERATE：規則無明文（D 檔標示一般「其他…」列無逐列明文定義；即使另有星號列也不得略過此不確定性）","138、086、006、007、008","-"
"竹","速殺氟","SULFOXAFLOR","其他十字花科包葉菜類(花椰菜除外)、其他根莖菜類(蒜頭、洋蔥、胡蘿蔔除外)、其他乾豆類(棉籽、油菜籽除外)","SULFOXAFLOR：規則無明文（D 檔標示一般「其他…」列無逐列明文定義；即使另有星號列也不得略過此不確定性）","097、098、099","-"
"竹","撲芬松","FENVALERATE","其他小漿果類(楊桃除外)、其他根莖菜類(胡蘿蔔除外)、其他(蔬果類)*、其他(穀類)*、其他(茶類)*","FENVALERATE：規則無明文（D 檔標示一般「其他…」列無逐列明文定義；即使另有星號列也不得略過此不確定性）","138、086、006、007、008","-"
"李","普克利","PROPICONAZOLE","其他梨果類(櫻桃、桃除外)、其他(蔬果類)*、其他(穀類)*、其他(茶類)*","PROPICONAZOLE：規則無明文（D 檔標示一般「其他…」列無逐列明文定義；即使另有星號列也不得略過此不確定性）","179、006、007、008","-"
"李","賽洛寧","LAMBDA-CYHALOTHRIN","其他小葉菜類(蒜除外)、其他核果類(荔枝除外)、其他根莖菜類(山藥、牛蒡、甘藷、芋頭、豆薯、洋蔥、胡蘿蔔、百合鱗莖、紅蔥頭、馬鈴薯、黑皮波羅門參、蒜頭、樹薯、蕎頭、狗尾草根、闊葉大豆根及蘆筍除外)、其他堅果類(胡桃、榛果除外)、其他梨果類(柿除外)、其他(蔬果類)*、其他(穀類)*、其他(茶類)*","LAMBDA-CYHALOTHRIN：規則無明文（D 檔標示一般「其他…」列無逐列明文定義；即使另有星號列也不得略過此不確定性）","068、069、070、071、072、006、007、008","-"
"芋","佈飛百滅寧","PERMETHRIN","其他包葉菜類(甘藍及結球萵苣除外)、其他根莖菜類(蘆筍除外)、其他乾豆類(棉籽、葵花籽除外)、其他(蔬果類)*、其他(穀類)*、其他(茶類)*","PERMETHRIN：規則無明文（D 檔標示一般「其他…」列無逐列明文定義；即使另有星號列也不得略過此不確定性）","174、173、175、006、007、008","-"
"芋","芬化利","FENVALERATE","其他小漿果類(楊桃除外)、其他根莖菜類(胡蘿蔔除外)、其他(蔬果類)*、其他(穀類)*、其他(茶類)*","FENVALERATE：規則無明文（D 檔標示一般「其他…」列無逐列明文定義；即使另有星號列也不得略過此不確定性）","138、086、006、007、008","-"
"芋","剋安勃","CHLORANTRANILIPROLE","其他十字花科包葉菜類(甘藍、青花菜除外)、其他小葉菜類(十字花科小葉菜類、不結球萵苣、半結球萵苣、芹菜、菠菜、葉用豌豆、白鳳菜、芳香萬壽菊、青蔥、枸杞葉、紅鳳菜、韭菜、韭菜花、韭黃、香椿、茼蒿、蒜、龍鬚菜、闊包菊除外)、其他小漿果類(草莓、黑莓、蔓越莓、藍莓、覆盆子、葡萄除外)、其他瓜果類(洋香瓜、香瓜除外)、其他瓜菜類(胡瓜除外)、其他果菜類(甜椒、番茄、辣椒除外)、其他根莖菜類(胡蘿蔔、豆薯、狗尾草根、闊葉大豆根、蘿蔔除外)、其他堅果類(杏仁、美洲胡桃除外)、其他梨果類(李、杏、油桃、桃、梅、梨、蘋果、櫻桃除外)、其他麥類(大麥、小麥除外)、其他雜糧類(高粱除外)、其他(蔬果類)*、其他(穀類)*、其他(茶類)*","CHLORANTRANILIPROLE：規則無明文（D 檔標示一般「其他…」列無逐列明文定義；即使另有星號列也不得略過此不確定性）","043、044、045、046、047、048、049、050、025、051、052、006、007、008","-"
"芋","第滅寧","DELTAMETHRIN","其他根莖菜類(牛蒡、竹筍、洋蔥、胡蘿蔔、黑皮波羅門參、蘿蔔除外)、其他雜糧類(高粱除外)、其他果菜類(金針除外)、其他核果類(橄欖除外)、其他梨果類(桃除外)、其他(蔬果類)*、其他(穀類)*、其他(茶類)*","DELTAMETHRIN：規則無明文（D 檔標示一般「其他…」列無逐列明文定義；即使另有星號列也不得略過此不確定性）","082、052、083、084、085、006、007、008","-"
"芋","速殺氟","SULFOXAFLOR","其他十字花科包葉菜類(花椰菜除外)、其他根莖菜類(蒜頭、洋蔥、胡蘿蔔除外)、其他乾豆類(棉籽、油菜籽除外)","SULFOXAFLOR：規則無明文（D 檔標示一般「其他…」列無逐列明文定義；即使另有星號列也不得略過此不確定性）","097、098、099","-"
"芋","賽滅寧","CYPERMETHRIN","其他包葉菜類(結球萵苣、甘藍、青花菜除外)、其他根莖菜類(豆薯、狗尾草根、洋蔥、甜菜根、闊葉大豆根、蘆筍除外)、其他麥類(大麥、小麥、黑麥、燕麥除外)、其他(蔬果類)*、其他(穀類)*、其他(茶類)*","CYPERMETHRIN：規則無明文（D 檔標示一般「其他…」列無逐列明文定義；即使另有星號列也不得略過此不確定性）","073、074、075、006、007、008","-"
"豆科小葉菜類","右滅達樂","METALAXYL-M","其他小葉菜類(不結球萵苣、半結球萵苣、芹菜、青蔥及菠菜除外)、其他小漿果類(草莓、葡萄、蔓越莓及藍莓除外)、其他果菜類(甜椒除外)、其他根莖菜類(洋蔥、胡蘿蔔、馬鈴薯、甜菜根及蘿蔔除外)","METALAXYL-M：規則無明文（D 檔標示一般「其他…」列無逐列明文定義；即使另有星號列也不得略過此不確定性）","120、121、010、122","-"
"豆科小葉菜類","四氯異苯腈","CHLOROTHALONIL","其他小葉菜類(十字花科小葉菜類除外)、其他小漿果類(草莓、藍莓除外)、其他乾豆類(落花生除外)、其他根莖菜類(人參(鮮)除外)、其他(蔬果類)*、其他(穀類)*、其他(茶類)*","CHLOROTHALONIL：規則無明文（D 檔標示一般「其他…」列無逐列明文定義；即使另有星號列也不得略過此不確定性）","055、056、057、058、006、007、008","-"
"豆科小葉菜類","百克敏","PYRACLOSTROBIN","其他乾豆類(落花生、小扁豆、菜豆、大豆、葵花籽、豌豆除外)、其他堅果類(開心果除外)、其他(蔬果類)*、其他(穀類)*、其他(茶類)*、其他十字花科小葉菜類(芥菜除外)","PYRACLOSTROBIN：規則無明文（D 檔標示一般「其他…」列無逐列明文定義；即使另有星號列也不得略過此不確定性）","160、161、006、007、008、181","-"
"豆科小葉菜類","亞托敏","AZOXYSTROBIN","其他小葉菜類(半結球萵苣、不結球萵苣、芹菜、青蔥、蒜及茼蒿除外)、其他小漿果類(藍莓、覆盆子除外)、其他豆菜類(刀豆、毛豆、花豆(鮮)、扁豆、豇豆(鮮)、萊豆、菜豆、豌豆、樹豆(鮮)、翼豆、蠶豆(鮮)、鷹嘴豆除外)、其他果菜類(枸杞、茄子、甜椒、番茄、辣椒除外)、其他根莖菜類(芋頭、洋蔥、馬鈴薯、甜菜根、人參(鮮)、牛蒡、豆薯、百合鱗莖、紅蔥頭、黑皮波羅門參、蕎頭、薑、蘆筍除外)、其他草木本植物(火龍果花、菊花除外)、其他堅果類(杏仁、開心果除外)、其他(蔬果類)*、其他(穀類)*、其他(茶類)*","AZOXYSTROBIN：規則無明文（D 檔標示一般「其他…」列無逐列明文定義；即使另有星號列也不得略過此不確定性）","017、018、019、020、021、022、023、006、007、008","-"
"豆科小葉菜類","剋安勃","CHLORANTRANILIPROLE","其他十字花科包葉菜類(甘藍、青花菜除外)、其他小葉菜類(十字花科小葉菜類、不結球萵苣、半結球萵苣、芹菜、菠菜、葉用豌豆、白鳳菜、芳香萬壽菊、青蔥、枸杞葉、紅鳳菜、韭菜、韭菜花、韭黃、香椿、茼蒿、蒜、龍鬚菜、闊包菊除外)、其他小漿果類(草莓、黑莓、蔓越莓、藍莓、覆盆子、葡萄除外)、其他瓜果類(洋香瓜、香瓜除外)、其他瓜菜類(胡瓜除外)、其他果菜類(甜椒、番茄、辣椒除外)、其他根莖菜類(胡蘿蔔、豆薯、狗尾草根、闊葉大豆根、蘿蔔除外)、其他堅果類(杏仁、美洲胡桃除外)、其他梨果類(李、杏、油桃、桃、梅、梨、蘋果、櫻桃除外)、其他麥類(大麥、小麥除外)、其他雜糧類(高粱除外)、其他(蔬果類)*、其他(穀類)*、其他(茶類)*","CHLORANTRANILIPROLE：規則無明文（D 檔標示一般「其他…」列無逐列明文定義；即使另有星號列也不得略過此不確定性）","043、044、045、046、047、048、049、050、025、051、052、006、007、008","-"
"豆科小葉菜類","益達胺","IMIDACLOPRID","其他小葉菜類(半結球萵苣、不結球萵苣、蒜、蕗蕎及芹菜除外)、其他包葉菜類(結球萵苣除外)、其他豆菜類(毛豆除外)、其他果菜類(甜椒、金針除外)、其他核果類(橄欖除外)、其他根莖菜類(茭白筍、蓮藕、山藥、洋蔥、紅蔥頭、馬鈴薯、黑皮波羅門參、牛蒡、百合鱗莖、竹筍、芋頭、豆薯除外)、其他乾豆類(油菜籽、葵花籽、蓮子、落花生、大豆、芝麻除外)、其他(蔬果類)*、其他(穀類)*、其他(茶類)*","IMIDACLOPRID：規則無明文（D 檔標示一般「其他…」列無逐列明文定義；即使另有星號列也不得略過此不確定性）","156、009、059、157、084、158、159、006、007、008","-"
"豆科小葉菜類","硫敵克","THIODICARB","其他小葉菜類(芹菜除外)、其他包葉菜類(甘藍、青花菜及結球萵苣除外)、其他(蔬果類)*、其他(穀類)*、其他(茶類)*","THIODICARB：規則無明文（D 檔標示一般「其他…」列無逐列明文定義；即使另有星號列也不得略過此不確定性）","004、109、006、007、008","-"
"豆科小葉菜類","滅達樂","METALAXYL","其他小葉菜類(不結球萵苣、半結球萵苣、芹菜、青蔥及菠菜除外)、其他小漿果類(草莓、葡萄、蔓越莓及藍莓除外)、其他果菜類(甜椒除外)、其他根莖菜類(洋蔥、胡蘿蔔、馬鈴薯、甜菜根及蘿蔔除外)","METALAXYL：規則無明文（D 檔標示一般「其他…」列無逐列明文定義；即使另有星號列也不得略過此不確定性）","120、121、010、122","-"
"豆科小葉菜類","賜派滅","SPIROTETRAMAT","其他十字花科包葉菜類(甘藍除外)、其他小葉菜類(十字花科小葉菜類、芹菜除外)、其他乾豆類(棉籽、大豆除外)、其他梨果類(印度棗、李、杏、枇杷、油桃、紅棗、桃、梅、梨、櫻桃除外)","SPIROTETRAMAT：規則無明文（D 檔標示一般「其他…」列無逐列明文定義；即使另有星號列也不得略過此不確定性）","115、169、170、171","-"
"豆科小葉菜類","賜諾特","SPINETORAM","其他豆菜類(毛豆、菜豆、蠶豆除外)","SPINETORAM：規則無明文（D 檔標示一般「其他…」列無逐列明文定義；即使另有星號列也不得略過此不確定性）","166","-"
"豆科小葉菜類","賜諾殺","SPINOSAD","其他小葉菜類(不結球萵苣、半結球萵苣、芹菜、青蔥及紫蘇除外)、其他梨果類(蘋果除外)","SPINOSAD：規則無明文（D 檔標示一般「其他…」列無逐列明文定義；即使另有星號列也不得略過此不確定性）","167、168","-"
"豆科小葉菜類","賽洛寧","LAMBDA-CYHALOTHRIN","其他小葉菜類(蒜除外)、其他核果類(荔枝除外)、其他根莖菜類(山藥、牛蒡、甘藷、芋頭、豆薯、洋蔥、胡蘿蔔、百合鱗莖、紅蔥頭、馬鈴薯、黑皮波羅門參、蒜頭、樹薯、蕎頭、狗尾草根、闊葉大豆根及蘆筍除外)、其他堅果類(胡桃、榛果除外)、其他梨果類(柿除外)、其他(蔬果類)*、其他(穀類)*、其他(茶類)*","LAMBDA-CYHALOTHRIN：規則無明文（D 檔標示一般「其他…」列無逐列明文定義；即使另有星號列也不得略過此不確定性）","068、069、070、071、072、006、007、008","-"
"豆科小葉菜類","賽速安","THIAMETHOXAM","其他小葉菜類(不結球萵苣、半結球萵苣除外)、其他小漿果類(番石榴、葡萄除外)、其他豆菜類(刀豆、毛豆、花豆、扁豆、豇豆、菜豆、萊豆、豌豆、樹豆、翼豆、蠶豆、鷹嘴豆除外)、其他果菜類(番茄除外)、其他柑桔類(葡萄柚、檸檬除外)、其他梨果類(李、杏、油桃、柿、桃、梅、梨、蘋果、櫻桃除外)、其他(蔬果類)*、其他(穀類)*、其他(茶類)*","THIAMETHOXAM：規則無明文（D 檔標示一般「其他…」列無逐列明文定義；即使另有星號列也不得略過此不確定性）","104、105、106、065、107、108、006、007、008","-"
"豆科小葉菜類","賽滅淨","CYROMAZINE","其他小葉菜類(?結球萵苣、半結球萵苣、芹菜、青蔥、菠菜、茼蒿除外)、其他豆菜類(萊豆除外)、其他包葉菜類(結球萵苣除外)、其他果菜類(甜椒、茄子、枸杞、番茄、辣椒除外)","CYROMAZINE：規則無明文（D 檔標示一般「其他…」列無逐列明文定義；即使另有星號列也不得略過此不確定性）","079、080、009、081","-"
"豆科豆菜類","可尼丁","CLOTHIANIDIN","其他小葉菜類(菠菜、十字花科小葉菜類、山茼蒿、不結球萵苣、半結球萵苣、白鳳菜、芳香萬壽菊、芹菜、青蔥、紅鳳菜、茼蒿、葉用甘藷、葉用豌豆、蕹菜、闊包菊、羅勒除外)、其他小漿果類(番石榴、葡萄、蓮霧除外)、其他瓜果類(西瓜、洋香瓜、香瓜除外)、其他瓜菜類(小黃瓜、冬瓜、南瓜、扁蒲、胡瓜、苦瓜、夏南瓜、隼人瓜、絲瓜、越瓜除外)、其他豆菜類(刀豆、毛豆、花豆(鮮)、扁豆、豇豆(鮮)、菜豆、萊豆、豌豆、樹豆(鮮)、翼豆、蠶豆(鮮)、鷹嘴豆除外)、其他果菜類(番茄除外)、其他梨果類(印度棗、李、杏、枇杷、油桃、柿、紅棗、桃、梅、梨、蘋果、櫻桃除外)、其他(蔬果類)*、其他(穀類)*、其他(茶類)*","CLOTHIANIDIN：規則無明文（D 檔標示一般「其他…」列無逐列明文定義；即使另有星號列也不得略過此不確定性）","062、063、064、012、013、065、066、006、007、008","-"
"豆科豆菜類","賽滅淨","CYROMAZINE","其他小葉菜類(?結球萵苣、半結球萵苣、芹菜、青蔥、菠菜、茼蒿除外)、其他豆菜類(萊豆除外)、其他包葉菜類(結球萵苣除外)、其他果菜類(甜椒、茄子、枸杞、番茄、辣椒除外)","CYROMAZINE：規則無明文（D 檔標示一般「其他…」列無逐列明文定義；即使另有星號列也不得略過此不確定性）","079、080、009、081","-"
"豆科根菜類","四氯異苯腈","CHLOROTHALONIL","其他小葉菜類(十字花科小葉菜類除外)、其他小漿果類(草莓、藍莓除外)、其他乾豆類(落花生除外)、其他根莖菜類(人參(鮮)除外)、其他(蔬果類)*、其他(穀類)*、其他(茶類)*","CHLOROTHALONIL：規則無明文（D 檔標示一般「其他…」列無逐列明文定義；即使另有星號列也不得略過此不確定性）","055、056、057、058、006、007、008","-"
"豆科根菜類","百克敏","PYRACLOSTROBIN","其他乾豆類(落花生、小扁豆、菜豆、大豆、葵花籽、豌豆除外)、其他堅果類(開心果除外)、其他(蔬果類)*、其他(穀類)*、其他(茶類)*、其他十字花科小葉菜類(芥菜除外)","PYRACLOSTROBIN：規則無明文（D 檔標示一般「其他…」列無逐列明文定義；即使另有星號列也不得略過此不確定性）","160、161、006、007、008、181","-"
"豆科根菜類","佈飛百滅寧","PERMETHRIN","其他包葉菜類(甘藍及結球萵苣除外)、其他根莖菜類(蘆筍除外)、其他乾豆類(棉籽、葵花籽除外)、其他(蔬果類)*、其他(穀類)*、其他(茶類)*","PERMETHRIN：規則無明文（D 檔標示一般「其他…」列無逐列明文定義；即使另有星號列也不得略過此不確定性）","174、173、175、006、007、008","-"
"豆科根菜類","亞托敏","AZOXYSTROBIN","其他小葉菜類(半結球萵苣、不結球萵苣、芹菜、青蔥、蒜及茼蒿除外)、其他小漿果類(藍莓、覆盆子除外)、其他豆菜類(刀豆、毛豆、花豆(鮮)、扁豆、豇豆(鮮)、萊豆、菜豆、豌豆、樹豆(鮮)、翼豆、蠶豆(鮮)、鷹嘴豆除外)、其他果菜類(枸杞、茄子、甜椒、番茄、辣椒除外)、其他根莖菜類(芋頭、洋蔥、馬鈴薯、甜菜根、人參(鮮)、牛蒡、豆薯、百合鱗莖、紅蔥頭、黑皮波羅門參、蕎頭、薑、蘆筍除外)、其他草木本植物(火龍果花、菊花除外)、其他堅果類(杏仁、開心果除外)、其他(蔬果類)*、其他(穀類)*、其他(茶類)*","AZOXYSTROBIN：規則無明文（D 檔標示一般「其他…」列無逐列明文定義；即使另有星號列也不得略過此不確定性）","017、018、019、020、021、022、023、006、007、008","-"
"豆科根菜類","芬化利","FENVALERATE","其他小漿果類(楊桃除外)、其他根莖菜類(胡蘿蔔除外)、其他(蔬果類)*、其他(穀類)*、其他(茶類)*","FENVALERATE：規則無明文（D 檔標示一般「其他…」列無逐列明文定義；即使另有星號列也不得略過此不確定性）","138、086、006、007、008","-"
"豆科根菜類","剋安勃","CHLORANTRANILIPROLE","其他十字花科包葉菜類(甘藍、青花菜除外)、其他小葉菜類(十字花科小葉菜類、不結球萵苣、半結球萵苣、芹菜、菠菜、葉用豌豆、白鳳菜、芳香萬壽菊、青蔥、枸杞葉、紅鳳菜、韭菜、韭菜花、韭黃、香椿、茼蒿、蒜、龍鬚菜、闊包菊除外)、其他小漿果類(草莓、黑莓、蔓越莓、藍莓、覆盆子、葡萄除外)、其他瓜果類(洋香瓜、香瓜除外)、其他瓜菜類(胡瓜除外)、其他果菜類(甜椒、番茄、辣椒除外)、其他根莖菜類(胡蘿蔔、豆薯、狗尾草根、闊葉大豆根、蘿蔔除外)、其他堅果類(杏仁、美洲胡桃除外)、其他梨果類(李、杏、油桃、桃、梅、梨、蘋果、櫻桃除外)、其他麥類(大麥、小麥除外)、其他雜糧類(高粱除外)、其他(蔬果類)*、其他(穀類)*、其他(茶類)*","CHLORANTRANILIPROLE：規則無明文（D 檔標示一般「其他…」列無逐列明文定義；即使另有星號列也不得略過此不確定性）","043、044、045、046、047、048、049、050、025、051、052、006、007、008","-"
"豆科根菜類","氟比拔克","FLUOPICOLIDE || PROPAMOCARB HYDROCHLORIDE","其他(蔬果類)*、其他(穀類)*、其他(茶類)* || 其他(蔬果類)*、其他(穀類)*、其他(茶類)*","FLUOPICOLIDE：建議涵蓋（附表一註五檢體 I 類；只代表定量極限，不代表核准用藥範圍） || PROPAMOCARB HYDROCHLORIDE：建議涵蓋（附表一註五檢體 I 類；只代表定量極限，不代表核准用藥範圍）","006 || 006","0.01* || 0.01*"
"豆科根菜類","氟克殺","FLUXAPYROXAD","其他豆菜類(毛豆除外)、其他乾豆類(大豆、落花生、小扁豆、棉籽、豌豆、油菜籽、葵花籽除外)、其他梨果類(李、杏、油桃、桃、梅、櫻桃除外)","FLUXAPYROXAD：規則無明文（D 檔標示一般「其他…」列無逐列明文定義；即使另有星號列也不得略過此不確定性）","059、148、003","-"
"豆科根菜類","益達胺","IMIDACLOPRID","其他小葉菜類(半結球萵苣、不結球萵苣、蒜、蕗蕎及芹菜除外)、其他包葉菜類(結球萵苣除外)、其他豆菜類(毛豆除外)、其他果菜類(甜椒、金針除外)、其他核果類(橄欖除外)、其他根莖菜類(茭白筍、蓮藕、山藥、洋蔥、紅蔥頭、馬鈴薯、黑皮波羅門參、牛蒡、百合鱗莖、竹筍、芋頭、豆薯除外)、其他乾豆類(油菜籽、葵花籽、蓮子、落花生、大豆、芝麻除外)、其他(蔬果類)*、其他(穀類)*、其他(茶類)*","IMIDACLOPRID：規則無明文（D 檔標示一般「其他…」列無逐列明文定義；即使另有星號列也不得略過此不確定性）","156、009、059、157、084、158、159、006、007、008","-"
"豆科根菜類","畢芬寧","BIFENTHRIN","其他小漿果類(草莓除外)、其他果菜類(金針、洛神葵除外)、其他根莖菜類(山藥除外)、其他(蔬果類)*、其他(穀類)*、其他(茶類)*","BIFENTHRIN：規則無明文（D 檔標示一般「其他…」列無逐列明文定義；即使另有星號列也不得略過此不確定性）","026、027、028、006、007、008","-"
"豆科根菜類","第滅寧","DELTAMETHRIN","其他根莖菜類(牛蒡、竹筍、洋蔥、胡蘿蔔、黑皮波羅門參、蘿蔔除外)、其他雜糧類(高粱除外)、其他果菜類(金針除外)、其他核果類(橄欖除外)、其他梨果類(桃除外)、其他(蔬果類)*、其他(穀類)*、其他(茶類)*","DELTAMETHRIN：規則無明文（D 檔標示一般「其他…」列無逐列明文定義；即使另有星號列也不得略過此不確定性）","082、052、083、084、085、006、007、008","-"
"豆科根菜類","速殺氟","SULFOXAFLOR","其他十字花科包葉菜類(花椰菜除外)、其他根莖菜類(蒜頭、洋蔥、胡蘿蔔除外)、其他乾豆類(棉籽、油菜籽除外)","SULFOXAFLOR：規則無明文（D 檔標示一般「其他…」列無逐列明文定義；即使另有星號列也不得略過此不確定性）","097、098、099","-"
"豆科根菜類","普拔克","PROPAMOCARB HYDROCHLORIDE","其他(蔬果類)*、其他(穀類)*、其他(茶類)*","PROPAMOCARB HYDROCHLORIDE：建議涵蓋（附表一註五檢體 I 類；只代表定量極限，不代表核准用藥範圍）","006","0.01*"
"豆科根菜類","達滅芬","DIMETHOMORPH","其他小漿果類(草莓、葡萄及蓮霧除外)、其他瓜果類(西瓜、洋香瓜、香瓜除外)、其他瓜菜類(小黃瓜、胡瓜除外)、其他果菜類(番茄、枸杞、茄子、甜椒、辣椒除外)、其他(蔬果類)*、其他(穀類)*、其他(茶類)*","DIMETHOMORPH：規則無明文（D 檔標示一般「其他…」列無逐列明文定義；即使另有星號列也不得略過此不確定性）","092、064、015、093、006、007、008","-"
"豆科根菜類","福多寧","FLUTOLANIL","其他根莖菜類(芋頭、胡蘿蔔除外)、其他(蔬果類)*、其他(穀類)*、其他(茶類)*","FLUTOLANIL：規則無明文（D 檔標示一般「其他…」列無逐列明文定義；即使另有星號列也不得略過此不確定性）","146、006、007、008","-"
"豆科根菜類","賜諾特","SPINETORAM","其他豆菜類(毛豆、菜豆、蠶豆除外)","SPINETORAM：規則無明文（D 檔標示一般「其他…」列無逐列明文定義；即使另有星號列也不得略過此不確定性）","166","-"
"豆科根菜類","賜諾殺","SPINOSAD","其他小葉菜類(不結球萵苣、半結球萵苣、芹菜、青蔥及紫蘇除外)、其他梨果類(蘋果除外)","SPINOSAD：規則無明文（D 檔標示一般「其他…」列無逐列明文定義；即使另有星號列也不得略過此不確定性）","167、168","-"
"豆科根菜類","賽洛寧","LAMBDA-CYHALOTHRIN","其他小葉菜類(蒜除外)、其他核果類(荔枝除外)、其他根莖菜類(山藥、牛蒡、甘藷、芋頭、豆薯、洋蔥、胡蘿蔔、百合鱗莖、紅蔥頭、馬鈴薯、黑皮波羅門參、蒜頭、樹薯、蕎頭、狗尾草根、闊葉大豆根及蘆筍除外)、其他堅果類(胡桃、榛果除外)、其他梨果類(柿除外)、其他(蔬果類)*、其他(穀類)*、其他(茶類)*","LAMBDA-CYHALOTHRIN：規則無明文（D 檔標示一般「其他…」列無逐列明文定義；即使另有星號列也不得略過此不確定性）","068、069、070、071、072、006、007、008","-"
"豆科根菜類","賽滅寧","CYPERMETHRIN","其他包葉菜類(結球萵苣、甘藍、青花菜除外)、其他根莖菜類(豆薯、狗尾草根、洋蔥、甜菜根、闊葉大豆根、蘆筍除外)、其他麥類(大麥、小麥、黑麥、燕麥除外)、其他(蔬果類)*、其他(穀類)*、其他(茶類)*","CYPERMETHRIN：規則無明文（D 檔標示一般「其他…」列無逐列明文定義；即使另有星號列也不得略過此不確定性）","073、074、075、006、007、008","-"
"豆科乾豆類","四氯托敏","CHLOROTHALONIL || AZOXYSTROBIN","其他小葉菜類(十字花科小葉菜類除外)、其他小漿果類(草莓、藍莓除外)、其他乾豆類(落花生除外)、其他根莖菜類(人參(鮮)除外)、其他(蔬果類)*、其他(穀類)*、其他(茶類)* || 其他小葉菜類(半結球萵苣、不結球萵苣、芹菜、青蔥、蒜及茼蒿除外)、其他小漿果類(藍莓、覆盆子除外)、其他豆菜類(刀豆、毛豆、花豆(鮮)、扁豆、豇豆(鮮)、萊豆、菜豆、豌豆、樹豆(鮮)、翼豆、蠶豆(鮮)、鷹嘴豆除外)、其他果菜類(枸杞、茄子、甜椒、番茄、辣椒除外)、其他根莖菜類(芋頭、洋蔥、馬鈴薯、甜菜根、人參(鮮)、牛蒡、豆薯、百合鱗莖、紅蔥頭、黑皮波羅門參、蕎頭、薑、蘆筍除外)、其他草木本植物(火龍果花、菊花除外)、其他堅果類(杏仁、開心果除外)、其他(蔬果類)*、其他(穀類)*、其他(茶類)*","CHLOROTHALONIL：規則無明文（D 檔標示一般「其他…」列無逐列明文定義；即使另有星號列也不得略過此不確定性） || AZOXYSTROBIN：規則無明文（D 檔標示一般「其他…」列無逐列明文定義；即使另有星號列也不得略過此不確定性）","055、056、057、058、006、007、008 || 017、018、019、020、021、022、023、006、007、008","- || -"
"豆科乾豆類","四氯異苯腈","CHLOROTHALONIL","其他小葉菜類(十字花科小葉菜類除外)、其他小漿果類(草莓、藍莓除外)、其他乾豆類(落花生除外)、其他根莖菜類(人參(鮮)除外)、其他(蔬果類)*、其他(穀類)*、其他(茶類)*","CHLOROTHALONIL：規則無明文（D 檔標示一般「其他…」列無逐列明文定義；即使另有星號列也不得略過此不確定性）","055、056、057、058、006、007、008","-"
"豆科乾豆類","白克列","BOSCALID","其他瓜菜類(南瓜、小黃瓜、胡瓜除外)、其他(蔬果類)*、其他(穀類)*、其他(茶類)*","BOSCALID：規則無明文（D 檔標示一般「其他…」列無逐列明文定義；即使另有星號列也不得略過此不確定性）","029、006、007、008","-"
"豆科乾豆類","百克敏","PYRACLOSTROBIN","其他乾豆類(落花生、小扁豆、菜豆、大豆、葵花籽、豌豆除外)、其他堅果類(開心果除外)、其他(蔬果類)*、其他(穀類)*、其他(茶類)*、其他十字花科小葉菜類(芥菜除外)","PYRACLOSTROBIN：規則無明文（D 檔標示一般「其他…」列無逐列明文定義；即使另有星號列也不得略過此不確定性）","160、161、006、007、008、181","-"
"豆科乾豆類","佈飛百滅寧","PROFENOFOS || PERMETHRIN","其他(蔬果類)*、其他(穀類)*、其他(茶類)* || 其他包葉菜類(甘藍及結球萵苣除外)、其他根莖菜類(蘆筍除外)、其他乾豆類(棉籽、葵花籽除外)、其他(蔬果類)*、其他(穀類)*、其他(茶類)*","PROFENOFOS：建議涵蓋（附表一註五檢體 II 類；只代表定量極限，不代表核准用藥範圍） || PERMETHRIN：規則無明文（D 檔標示一般「其他…」列無逐列明文定義；即使另有星號列也不得略過此不確定性）","007 || 174、173、175、006、007、008","0.02* || -"
"豆科乾豆類","氟克殺","FLUXAPYROXAD","其他豆菜類(毛豆除外)、其他乾豆類(大豆、落花生、小扁豆、棉籽、豌豆、油菜籽、葵花籽除外)、其他梨果類(李、杏、油桃、桃、梅、櫻桃除外)","FLUXAPYROXAD：規則無明文（D 檔標示一般「其他…」列無逐列明文定義；即使另有星號列也不得略過此不確定性）","059、148、003","-"
"豆科乾豆類","氟殺克敏","FLUXAPYROXAD || PYRACLOSTROBIN","其他豆菜類(毛豆除外)、其他乾豆類(大豆、落花生、小扁豆、棉籽、豌豆、油菜籽、葵花籽除外)、其他梨果類(李、杏、油桃、桃、梅、櫻桃除外) || 其他乾豆類(落花生、小扁豆、菜豆、大豆、葵花籽、豌豆除外)、其他堅果類(開心果除外)、其他(蔬果類)*、其他(穀類)*、其他(茶類)*、其他十字花科小葉菜類(芥菜除外)","FLUXAPYROXAD：規則無明文（D 檔標示一般「其他…」列無逐列明文定義；即使另有星號列也不得略過此不確定性） || PYRACLOSTROBIN：規則無明文（D 檔標示一般「其他…」列無逐列明文定義；即使另有星號列也不得略過此不確定性）","059、148、003 || 160、161、006、007、008、181","- || -"
"豆科乾豆類","第滅寧","DELTAMETHRIN","其他根莖菜類(牛蒡、竹筍、洋蔥、胡蘿蔔、黑皮波羅門參、蘿蔔除外)、其他雜糧類(高粱除外)、其他果菜類(金針除外)、其他核果類(橄欖除外)、其他梨果類(桃除外)、其他(蔬果類)*、其他(穀類)*、其他(茶類)*","DELTAMETHRIN：規則無明文（D 檔標示一般「其他…」列無逐列明文定義；即使另有星號列也不得略過此不確定性）","082、052、083、084、085、006、007、008","-"
"豆科乾豆類","速殺氟","SULFOXAFLOR","其他十字花科包葉菜類(花椰菜除外)、其他根莖菜類(蒜頭、洋蔥、胡蘿蔔除外)、其他乾豆類(棉籽、油菜籽除外)","SULFOXAFLOR：規則無明文（D 檔標示一般「其他…」列無逐列明文定義；即使另有星號列也不得略過此不確定性）","097、098、099","-"
"豆科乾豆類","硫敵克","THIODICARB","其他小葉菜類(芹菜除外)、其他包葉菜類(甘藍、青花菜及結球萵苣除外)、其他(蔬果類)*、其他(穀類)*、其他(茶類)*","THIODICARB：規則無明文（D 檔標示一般「其他…」列無逐列明文定義；即使另有星號列也不得略過此不確定性）","004、109、006、007、008","-"
"豆科乾豆類","滅芬諾","METHOXYFENOZIDE","其他瓜果類(西瓜除外)、其他豆菜類(豌豆除外)、其他乾豆類(大豆除外)、其他梨果類(梨、蘋果除外)、其他(蔬果類)*、其他(穀類)*、其他(茶類)*","METHOXYFENOZIDE：規則無明文（D 檔標示一般「其他…」列無逐列明文定義；即使另有星號列也不得略過此不確定性）","030、123、124、125、006、007、008","-"
"豆科乾豆類","福多寧","FLUTOLANIL","其他根莖菜類(芋頭、胡蘿蔔除外)、其他(蔬果類)*、其他(穀類)*、其他(茶類)*","FLUTOLANIL：規則無明文（D 檔標示一般「其他…」列無逐列明文定義；即使另有星號列也不得略過此不確定性）","146、006、007、008","-"
"豆科乾豆類","賜派滅","SPIROTETRAMAT","其他十字花科包葉菜類(甘藍除外)、其他小葉菜類(十字花科小葉菜類、芹菜除外)、其他乾豆類(棉籽、大豆除外)、其他梨果類(印度棗、李、杏、枇杷、油桃、紅棗、桃、梅、梨、櫻桃除外)","SPIROTETRAMAT：規則無明文（D 檔標示一般「其他…」列無逐列明文定義；即使另有星號列也不得略過此不確定性）","115、169、170、171","-"
"豆科乾豆類","賜諾特","SPINETORAM","其他豆菜類(毛豆、菜豆、蠶豆除外)","SPINETORAM：規則無明文（D 檔標示一般「其他…」列無逐列明文定義；即使另有星號列也不得略過此不確定性）","166","-"
"豆科乾豆類","賜諾殺","SPINOSAD","其他小葉菜類(不結球萵苣、半結球萵苣、芹菜、青蔥及紫蘇除外)、其他梨果類(蘋果除外)","SPINOSAD：規則無明文（D 檔標示一般「其他…」列無逐列明文定義；即使另有星號列也不得略過此不確定性）","167、168","-"
"豆菜類","白列克敏","PYRACLOSTROBIN || BOSCALID","其他乾豆類(落花生、小扁豆、菜豆、大豆、葵花籽、豌豆除外)、其他堅果類(開心果除外)、其他(蔬果類)*、其他(穀類)*、其他(茶類)*、其他十字花科小葉菜類(芥菜除外) || 其他瓜菜類(南瓜、小黃瓜、胡瓜除外)、其他(蔬果類)*、其他(穀類)*、其他(茶類)*","PYRACLOSTROBIN：規則無明文（D 檔標示一般「其他…」列無逐列明文定義；即使另有星號列也不得略過此不確定性） || BOSCALID：規則無明文（D 檔標示一般「其他…」列無逐列明文定義；即使另有星號列也不得略過此不確定性）","160、161、006、007、008、181 || 029、006、007、008","- || -"
"豆菜類","白克列","BOSCALID","其他瓜菜類(南瓜、小黃瓜、胡瓜除外)、其他(蔬果類)*、其他(穀類)*、其他(茶類)*","BOSCALID：規則無明文（D 檔標示一般「其他…」列無逐列明文定義；即使另有星號列也不得略過此不確定性）","029、006、007、008","-"
"豆菜類","百克敏","PYRACLOSTROBIN","其他乾豆類(落花生、小扁豆、菜豆、大豆、葵花籽、豌豆除外)、其他堅果類(開心果除外)、其他(蔬果類)*、其他(穀類)*、其他(茶類)*、其他十字花科小葉菜類(芥菜除外)","PYRACLOSTROBIN：規則無明文（D 檔標示一般「其他…」列無逐列明文定義；即使另有星號列也不得略過此不確定性）","160、161、006、007、008、181","-"
"豆菜類","派美尼","PYRIMETHANIL","其他梨果類(李、杏、油桃、桃、梅、梨、櫻桃除外)","PYRIMETHANIL：規則無明文（D 檔標示一般「其他…」列無逐列明文定義；即使另有星號列也不得略過此不確定性）","162","-"
"豆菜類","新殺蟎","BROMOPROPYLATE","其他瓜果類(西瓜除外)、其他梨果類(枇杷除外)、其他(蔬果類)*、其他(穀類)*、其他(茶類)*","BROMOPROPYLATE：規則無明文（D 檔標示一般「其他…」列無逐列明文定義；即使另有星號列也不得略過此不確定性）","030、031、006、007、008","-"
"豆菜類","達特南","DINOTEFURAN","其他瓜果類(西瓜、洋香瓜、香瓜除外)、其他瓜菜類(冬瓜、南瓜、扁蒲、苦瓜、夏南瓜、隼人瓜、絲瓜、越瓜、胡瓜除外)、其他柑桔類(柑桔除外)、其他果菜類(金針、枸杞、秋葵、茄子、甜椒、番茄、辣椒除外)","DINOTEFURAN：規則無明文（D 檔標示一般「其他…」列無逐列明文定義；即使另有星號列也不得略過此不確定性）","064、094、067、095","-"
"豆菜類","嘉保信","OXYCARBOXIN","其他(蔬果類)*、其他(穀類)*、其他(茶類)*","OXYCARBOXIN：建議涵蓋（附表一註五檢體 I 類；只代表定量極限，不代表核准用藥範圍）","006","0.01*"
"豆菜類","福多寧","FLUTOLANIL","其他根莖菜類(芋頭、胡蘿蔔除外)、其他(蔬果類)*、其他(穀類)*、其他(茶類)*","FLUTOLANIL：規則無明文（D 檔標示一般「其他…」列無逐列明文定義；即使另有星號列也不得略過此不確定性）","146、006、007、008","-"
"豆薯","伏寄普","FLUAZIFOP-P-BUTYL","其他根莖菜類(馬鈴薯除外)、其他(蔬果類)*、其他(穀類)*、其他(茶類)*","FLUAZIFOP-P-BUTYL：規則無明文（D 檔標示一般「其他…」列無逐列明文定義；即使另有星號列也不得略過此不確定性）","103、006、007、008","-"
"豆薯","百滅寧","PERMETHRIN","其他包葉菜類(甘藍及結球萵苣除外)、其他根莖菜類(蘆筍除外)、其他乾豆類(棉籽、葵花籽除外)、其他(蔬果類)*、其他(穀類)*、其他(茶類)*","PERMETHRIN：規則無明文（D 檔標示一般「其他…」列無逐列明文定義；即使另有星號列也不得略過此不確定性）","174、173、175、006、007、008","-"
"亞麻","貝芬得","CARBENDAZIM","其他小漿果類(草莓及葡萄除外)、其他果菜類(洛神葵除外)、其他柑桔類(檸檬除外)、其他香辛植物(果實)(胡椒除外)、其他核果類(芒果除外)、其他乾豆類(油菜籽、落花生、大豆除外)、其他堅果類(澳洲胡桃除外)、其他梨果類(印度棗及櫻桃除外)、其他(蔬果類)*、其他(穀類)*、其他(茶類)*","CARBENDAZIM：規則無明文（D 檔標示一般「其他…」列無逐列明文定義；即使另有星號列也不得略過此不確定性）","035、036、037、038、039、040、041、042、006、007、008","-"
"亞麻","氟殺克敏","FLUXAPYROXAD || PYRACLOSTROBIN","其他豆菜類(毛豆除外)、其他乾豆類(大豆、落花生、小扁豆、棉籽、豌豆、油菜籽、葵花籽除外)、其他梨果類(李、杏、油桃、桃、梅、櫻桃除外) || 其他乾豆類(落花生、小扁豆、菜豆、大豆、葵花籽、豌豆除外)、其他堅果類(開心果除外)、其他(蔬果類)*、其他(穀類)*、其他(茶類)*、其他十字花科小葉菜類(芥菜除外)","FLUXAPYROXAD：規則無明文（D 檔標示一般「其他…」列無逐列明文定義；即使另有星號列也不得略過此不確定性） || PYRACLOSTROBIN：規則無明文（D 檔標示一般「其他…」列無逐列明文定義；即使另有星號列也不得略過此不確定性）","059、148、003 || 160、161、006、007、008、181","- || -"
"亞麻","達有龍","DIURON","其他柑桔類(葡萄柚除外)","DIURON：規則無明文（D 檔標示一般「其他…」列無逐列明文定義；即使另有星號列也不得略過此不確定性）","096","-"
"枇杷","克收欣","KRESOXIM-METHYL","其他小漿果類(草莓、番石榴除外)、其他梨果類(柿除外)、其他(蔬果類)*、其他(穀類)*、其他(茶類)*","KRESOXIM-METHYL：規則無明文（D 檔標示一般「其他…」列無逐列明文定義；即使另有星號列也不得略過此不確定性）","117、072、006、007、008","-"
"枇杷","貝芬同","CARBENDAZIM","其他小漿果類(草莓及葡萄除外)、其他果菜類(洛神葵除外)、其他柑桔類(檸檬除外)、其他香辛植物(果實)(胡椒除外)、其他核果類(芒果除外)、其他乾豆類(油菜籽、落花生、大豆除外)、其他堅果類(澳洲胡桃除外)、其他梨果類(印度棗及櫻桃除外)、其他(蔬果類)*、其他(穀類)*、其他(茶類)*","CARBENDAZIM：規則無明文（D 檔標示一般「其他…」列無逐列明文定義；即使另有星號列也不得略過此不確定性）","035、036、037、038、039、040、041、042、006、007、008","-"
"枇杷","氟殺克敏","FLUXAPYROXAD","其他豆菜類(毛豆除外)、其他乾豆類(大豆、落花生、小扁豆、棉籽、豌豆、油菜籽、葵花籽除外)、其他梨果類(李、杏、油桃、桃、梅、櫻桃除外)","FLUXAPYROXAD：規則無明文（D 檔標示一般「其他…」列無逐列明文定義；即使另有星號列也不得略過此不確定性）","059、148、003","-"
"枇杷","賽洛寧","LAMBDA-CYHALOTHRIN","其他小葉菜類(蒜除外)、其他核果類(荔枝除外)、其他根莖菜類(山藥、牛蒡、甘藷、芋頭、豆薯、洋蔥、胡蘿蔔、百合鱗莖、紅蔥頭、馬鈴薯、黑皮波羅門參、蒜頭、樹薯、蕎頭、狗尾草根、闊葉大豆根及蘆筍除外)、其他堅果類(胡桃、榛果除外)、其他梨果類(柿除外)、其他(蔬果類)*、其他(穀類)*、其他(茶類)*","LAMBDA-CYHALOTHRIN：規則無明文（D 檔標示一般「其他…」列無逐列明文定義；即使另有星號列也不得略過此不確定性）","068、069、070、071、072、006、007、008","-"
"油菜","四氯異苯腈","CHLOROTHALONIL","其他小葉菜類(十字花科小葉菜類除外)、其他小漿果類(草莓、藍莓除外)、其他乾豆類(落花生除外)、其他根莖菜類(人參(鮮)除外)、其他(蔬果類)*、其他(穀類)*、其他(茶類)*","CHLOROTHALONIL：規則無明文（D 檔標示一般「其他…」列無逐列明文定義；即使另有星號列也不得略過此不確定性）","055、056、057、058、006、007、008","-"
"油菜","賽速安","THIAMETHOXAM","其他小葉菜類(不結球萵苣、半結球萵苣除外)、其他小漿果類(番石榴、葡萄除外)、其他豆菜類(刀豆、毛豆、花豆、扁豆、豇豆、菜豆、萊豆、豌豆、樹豆、翼豆、蠶豆、鷹嘴豆除外)、其他果菜類(番茄除外)、其他柑桔類(葡萄柚、檸檬除外)、其他梨果類(李、杏、油桃、柿、桃、梅、梨、蘋果、櫻桃除外)、其他(蔬果類)*、其他(穀類)*、其他(茶類)*","THIAMETHOXAM：規則無明文（D 檔標示一般「其他…」列無逐列明文定義；即使另有星號列也不得略過此不確定性）","104、105、106、065、107、108、006、007、008","-"
"狗尾草","伏寄普","FLUAZIFOP-P-BUTYL","其他根莖菜類(馬鈴薯除外)、其他(蔬果類)*、其他(穀類)*、其他(茶類)*","FLUAZIFOP-P-BUTYL：規則無明文（D 檔標示一般「其他…」列無逐列明文定義；即使另有星號列也不得略過此不確定性）","103、006、007、008","-"
"狗尾草","百滅寧","PERMETHRIN","其他包葉菜類(甘藍及結球萵苣除外)、其他根莖菜類(蘆筍除外)、其他乾豆類(棉籽、葵花籽除外)、其他(蔬果類)*、其他(穀類)*、其他(茶類)*","PERMETHRIN：規則無明文（D 檔標示一般「其他…」列無逐列明文定義；即使另有星號列也不得略過此不確定性）","174、173、175、006、007、008","-"
"玫瑰","白克列","BOSCALID","其他瓜菜類(南瓜、小黃瓜、胡瓜除外)、其他(蔬果類)*、其他(穀類)*、其他(茶類)*","BOSCALID：規則無明文（D 檔標示一般「其他…」列無逐列明文定義；即使另有星號列也不得略過此不確定性）","029、006、007、008","-"
"玫瑰","貝芬硫醌","DITHIANON","其他核果類(芒果除外)","DITHIANON：規則無明文（D 檔標示一般「其他…」列無逐列明文定義；即使另有星號列也不得略過此不確定性）","039","-"
"玫瑰","毆殺松","ACEPHATE","其他小葉菜類(芹菜除外)、其他包葉菜類(結球萵苣除外)、其他果菜類(甜椒除外)、其他(蔬果類)*、其他(穀類)*、其他(茶類)*","ACEPHATE：規則無明文（D 檔標示一般「其他…」列無逐列明文定義；即使另有星號列也不得略過此不確定性）","004、009、010、006、007、008","-"
"玫瑰","賽扶寧","CYFLUTHRIN","其他(蔬果類)*、其他(穀類)*、其他(茶類)*","CYFLUTHRIN：規則無明文（作物分類或鮮／乾型態不足，不能選定星號檢體類別）","006、007、008","-"
"芥菜","毆殺滅","OXAMYL","其他小葉菜類(芹菜除外)、其他柑桔類(柳橙除外)、其他果菜類(番茄除外)、其他(蔬果類)*、其他(穀類)*、其他(茶類)*","OXAMYL：規則無明文（D 檔標示一般「其他…」列無逐列明文定義；即使另有星號列也不得略過此不確定性）","004、129、065、006、007、008","-"
"芥菜","賽滅淨","CYROMAZINE","其他小葉菜類(?結球萵苣、半結球萵苣、芹菜、青蔥、菠菜、茼蒿除外)、其他豆菜類(萊豆除外)、其他包葉菜類(結球萵苣除外)、其他果菜類(甜椒、茄子、枸杞、番茄、辣椒除外)","CYROMAZINE：規則無明文（D 檔標示一般「其他…」列無逐列明文定義；即使另有星號列也不得略過此不確定性）","079、080、009、081","-"
"芥藍","阿巴汀","ABAMECTIN","其他小葉菜類(芹菜除外)、其他包葉菜類(十字花科包葉菜類、結球萵苣除外)、其他(蔬果類)*、其他(穀類)*、其他(茶類)*","ABAMECTIN：規則無明文（D 檔標示一般「其他…」列無逐列明文定義；即使另有星號列也不得略過此不確定性）","004、005、006、007、008","-"
"芥藍","益達胺","IMIDACLOPRID","其他小葉菜類(半結球萵苣、不結球萵苣、蒜、蕗蕎及芹菜除外)、其他包葉菜類(結球萵苣除外)、其他豆菜類(毛豆除外)、其他果菜類(甜椒、金針除外)、其他核果類(橄欖除外)、其他根莖菜類(茭白筍、蓮藕、山藥、洋蔥、紅蔥頭、馬鈴薯、黑皮波羅門參、牛蒡、百合鱗莖、竹筍、芋頭、豆薯除外)、其他乾豆類(油菜籽、葵花籽、蓮子、落花生、大豆、芝麻除外)、其他(蔬果類)*、其他(穀類)*、其他(茶類)*","IMIDACLOPRID：規則無明文（D 檔標示一般「其他…」列無逐列明文定義；即使另有星號列也不得略過此不確定性）","156、009、059、157、084、158、159、006、007、008","-"
"花椰菜","益達胺","IMIDACLOPRID","其他小葉菜類(半結球萵苣、不結球萵苣、蒜、蕗蕎及芹菜除外)、其他包葉菜類(結球萵苣除外)、其他豆菜類(毛豆除外)、其他果菜類(甜椒、金針除外)、其他核果類(橄欖除外)、其他根莖菜類(茭白筍、蓮藕、山藥、洋蔥、紅蔥頭、馬鈴薯、黑皮波羅門參、牛蒡、百合鱗莖、竹筍、芋頭、豆薯除外)、其他乾豆類(油菜籽、葵花籽、蓮子、落花生、大豆、芝麻除外)、其他(蔬果類)*、其他(穀類)*、其他(茶類)*","IMIDACLOPRID：規則無明文（D 檔標示一般「其他…」列無逐列明文定義；即使另有星號列也不得略過此不確定性）","156、009、059、157、084、158、159、006、007、008","-"
"芹菜","克凡派","CHLORFENAPYR","其他瓜果類(洋香瓜除外)、其他小葉菜類(韭菜、茼蒿、菠菜、葉用豌豆除外)、其他(蔬果類)*、其他(穀類)*、其他(茶類)*","CHLORFENAPYR：規則無明文（D 檔標示一般「其他…」列無逐列明文定義；即使另有星號列也不得略過此不確定性）","033、053、006、007、008","-"
"芹菜","賽洛寧","LAMBDA-CYHALOTHRIN","其他小葉菜類(蒜除外)、其他核果類(荔枝除外)、其他根莖菜類(山藥、牛蒡、甘藷、芋頭、豆薯、洋蔥、胡蘿蔔、百合鱗莖、紅蔥頭、馬鈴薯、黑皮波羅門參、蒜頭、樹薯、蕎頭、狗尾草根、闊葉大豆根及蘆筍除外)、其他堅果類(胡桃、榛果除外)、其他梨果類(柿除外)、其他(蔬果類)*、其他(穀類)*、其他(茶類)*","LAMBDA-CYHALOTHRIN：規則無明文（D 檔標示一般「其他…」列無逐列明文定義；即使另有星號列也不得略過此不確定性）","068、069、070、071、072、006、007、008","-"
"金針","因滅汀","EMAMECTIN BENZOATE","其他瓜果類(洋香瓜除外)、其他豆菜類(刀豆、毛豆、花豆(鮮)、扁豆、豇豆(鮮)、菜豆、萊豆、豌豆、樹豆(鮮)、翼豆、蠶豆(鮮)、鷹嘴豆除外)、其他包葉菜類(結球萵苣除外)、其他果菜類(甜椒、番茄、辣椒除外)、其他梨果類(油桃、桃、蘋果除外)","EMAMECTIN BENZOATE：規則無明文（D 檔標示一般「其他…」列無逐列明文定義；即使另有星號列也不得略過此不確定性）","033、013、009、048、130","-"
"金針","亞托敏","AZOXYSTROBIN","其他小葉菜類(半結球萵苣、不結球萵苣、芹菜、青蔥、蒜及茼蒿除外)、其他小漿果類(藍莓、覆盆子除外)、其他豆菜類(刀豆、毛豆、花豆(鮮)、扁豆、豇豆(鮮)、萊豆、菜豆、豌豆、樹豆(鮮)、翼豆、蠶豆(鮮)、鷹嘴豆除外)、其他果菜類(枸杞、茄子、甜椒、番茄、辣椒除外)、其他根莖菜類(芋頭、洋蔥、馬鈴薯、甜菜根、人參(鮮)、牛蒡、豆薯、百合鱗莖、紅蔥頭、黑皮波羅門參、蕎頭、薑、蘆筍除外)、其他草木本植物(火龍果花、菊花除外)、其他堅果類(杏仁、開心果除外)、其他(蔬果類)*、其他(穀類)*、其他(茶類)*","AZOXYSTROBIN：規則無明文（D 檔標示一般「其他…」列無逐列明文定義；即使另有星號列也不得略過此不確定性）","017、018、019、020、021、022、023、006、007、008","-"
"金針","亞滅培","ACETAMIPRID","其他小漿果類(草莓、番石榴、楊桃、葡萄、蓮霧除外)、其他瓜菜類(小黃瓜、冬瓜、南瓜、扁蒲、胡瓜、苦瓜、夏南瓜、隼人瓜、絲瓜、越瓜除外)、其他豆菜類(刀豆、毛豆、花豆(鮮)、扁豆、豇豆(鮮)、菜豆、萊豆、豌豆、樹豆(鮮)、翼豆、蠶豆(鮮)、鷹嘴豆除外)、其他果菜類(枸杞、秋葵、茄子、甜椒、番茄、辣椒除外)、其他(蔬果類)*、其他(穀類)*、其他(茶類)*","ACETAMIPRID：規則無明文（D 檔標示一般「其他…」列無逐列明文定義；即使另有星號列也不得略過此不確定性）","011、012、013、014、006、007、008","-"
"金針","剋安勃","CHLORANTRANILIPROLE","其他十字花科包葉菜類(甘藍、青花菜除外)、其他小葉菜類(十字花科小葉菜類、不結球萵苣、半結球萵苣、芹菜、菠菜、葉用豌豆、白鳳菜、芳香萬壽菊、青蔥、枸杞葉、紅鳳菜、韭菜、韭菜花、韭黃、香椿、茼蒿、蒜、龍鬚菜、闊包菊除外)、其他小漿果類(草莓、黑莓、蔓越莓、藍莓、覆盆子、葡萄除外)、其他瓜果類(洋香瓜、香瓜除外)、其他瓜菜類(胡瓜除外)、其他果菜類(甜椒、番茄、辣椒除外)、其他根莖菜類(胡蘿蔔、豆薯、狗尾草根、闊葉大豆根、蘿蔔除外)、其他堅果類(杏仁、美洲胡桃除外)、其他梨果類(李、杏、油桃、桃、梅、梨、蘋果、櫻桃除外)、其他麥類(大麥、小麥除外)、其他雜糧類(高粱除外)、其他(蔬果類)*、其他(穀類)*、其他(茶類)*","CHLORANTRANILIPROLE：規則無明文（D 檔標示一般「其他…」列無逐列明文定義；即使另有星號列也不得略過此不確定性）","043、044、045、046、047、048、049、050、025、051、052、006、007、008","-"
"金針","達滅脫定","DIMETHOMORPH","其他小漿果類(草莓、葡萄及蓮霧除外)、其他瓜果類(西瓜、洋香瓜、香瓜除外)、其他瓜菜類(小黃瓜、胡瓜除外)、其他果菜類(番茄、枸杞、茄子、甜椒、辣椒除外)、其他(蔬果類)*、其他(穀類)*、其他(茶類)*","DIMETHOMORPH：規則無明文（D 檔標示一般「其他…」列無逐列明文定義；即使另有星號列也不得略過此不確定性）","092、064、015、093、006、007、008","-"
"金針","毆殺滅","OXAMYL","其他小葉菜類(芹菜除外)、其他柑桔類(柳橙除外)、其他果菜類(番茄除外)、其他(蔬果類)*、其他(穀類)*、其他(茶類)*","OXAMYL：規則無明文（D 檔標示一般「其他…」列無逐列明文定義；即使另有星號列也不得略過此不確定性）","004、129、065、006、007、008","-"
"金針","賽洛安勃","CHLORANTRANILIPROLE","其他十字花科包葉菜類(甘藍、青花菜除外)、其他小葉菜類(十字花科小葉菜類、不結球萵苣、半結球萵苣、芹菜、菠菜、葉用豌豆、白鳳菜、芳香萬壽菊、青蔥、枸杞葉、紅鳳菜、韭菜、韭菜花、韭黃、香椿、茼蒿、蒜、龍鬚菜、闊包菊除外)、其他小漿果類(草莓、黑莓、蔓越莓、藍莓、覆盆子、葡萄除外)、其他瓜果類(洋香瓜、香瓜除外)、其他瓜菜類(胡瓜除外)、其他果菜類(甜椒、番茄、辣椒除外)、其他根莖菜類(胡蘿蔔、豆薯、狗尾草根、闊葉大豆根、蘿蔔除外)、其他堅果類(杏仁、美洲胡桃除外)、其他梨果類(李、杏、油桃、桃、梅、梨、蘋果、櫻桃除外)、其他麥類(大麥、小麥除外)、其他雜糧類(高粱除外)、其他(蔬果類)*、其他(穀類)*、其他(茶類)*","CHLORANTRANILIPROLE：規則無明文（D 檔標示一般「其他…」列無逐列明文定義；即使另有星號列也不得略過此不確定性）","043、044、045、046、047、048、049、050、025、051、052、006、007、008","-"
"枸杞","益達胺","IMIDACLOPRID","其他小葉菜類(半結球萵苣、不結球萵苣、蒜、蕗蕎及芹菜除外)、其他包葉菜類(結球萵苣除外)、其他豆菜類(毛豆除外)、其他果菜類(甜椒、金針除外)、其他核果類(橄欖除外)、其他根莖菜類(茭白筍、蓮藕、山藥、洋蔥、紅蔥頭、馬鈴薯、黑皮波羅門參、牛蒡、百合鱗莖、竹筍、芋頭、豆薯除外)、其他乾豆類(油菜籽、葵花籽、蓮子、落花生、大豆、芝麻除外)、其他(蔬果類)*、其他(穀類)*、其他(茶類)*","IMIDACLOPRID：規則無明文（D 檔標示一般「其他…」列無逐列明文定義；即使另有星號列也不得略過此不確定性）","156、009、059、157、084、158、159、006、007、008","-"
"枸杞","畢芬寧","BIFENTHRIN","其他小漿果類(草莓除外)、其他果菜類(金針、洛神葵除外)、其他根莖菜類(山藥除外)、其他(蔬果類)*、其他(穀類)*、其他(茶類)*","BIFENTHRIN：規則無明文（D 檔標示一般「其他…」列無逐列明文定義；即使另有星號列也不得略過此不確定性）","026、027、028、006、007、008","-"
"柿","二福隆","DIFLUBENZURON","其他梨果類(李、油桃、桃、蘋果除外)、其他(蔬果類)*、其他(穀類)*、其他(茶類)*","DIFLUBENZURON：規則無明文（D 檔標示一般「其他…」列無逐列明文定義；即使另有星號列也不得略過此不確定性）","091、006、007、008","-"
"柿","三氟派瑞","FLUOPYRAM","其他乾豆類(落花生、豇豆、油菜籽除外)、其他梨果類(桃、櫻桃除外)","FLUOPYRAM：規則無明文（D 檔標示一般「其他…」列無逐列明文定義；即使另有星號列也不得略過此不確定性）","144、145","-"
"柿","第滅寧","DELTAMETHRIN","其他根莖菜類(牛蒡、竹筍、洋蔥、胡蘿蔔、黑皮波羅門參、蘿蔔除外)、其他雜糧類(高粱除外)、其他果菜類(金針除外)、其他核果類(橄欖除外)、其他梨果類(桃除外)、其他(蔬果類)*、其他(穀類)*、其他(茶類)*","DELTAMETHRIN：規則無明文（D 檔標示一般「其他…」列無逐列明文定義；即使另有星號列也不得略過此不確定性）","082、052、083、084、085、006、007、008","-"
"柿","邁克尼","MYCLOBUTANIL","其他小漿果類(葡萄除外)、其他梨果類(李、油桃、桃、櫻桃及梨除外)、其他(蔬果類)*、其他(穀類)*、其他(茶類)*","MYCLOBUTANIL：規則無明文（D 檔標示一般「其他…」列無逐列明文定義；即使另有星號列也不得略過此不確定性）","126、127、006、007、008","-"
"洋蔥","四氯異苯腈","CHLOROTHALONIL","其他小葉菜類(十字花科小葉菜類除外)、其他小漿果類(草莓、藍莓除外)、其他乾豆類(落花生除外)、其他根莖菜類(人參(鮮)除外)、其他(蔬果類)*、其他(穀類)*、其他(茶類)*","CHLOROTHALONIL：規則無明文（D 檔標示一般「其他…」列無逐列明文定義；即使另有星號列也不得略過此不確定性）","055、056、057、058、006、007、008","-"
"洋蔥","伏寄普","FLUAZIFOP-P-BUTYL","其他根莖菜類(馬鈴薯除外)、其他(蔬果類)*、其他(穀類)*、其他(茶類)*","FLUAZIFOP-P-BUTYL：規則無明文（D 檔標示一般「其他…」列無逐列明文定義；即使另有星號列也不得略過此不確定性）","103、006、007、008","-"
"洛神葵","亞托敏","AZOXYSTROBIN","其他小葉菜類(半結球萵苣、不結球萵苣、芹菜、青蔥、蒜及茼蒿除外)、其他小漿果類(藍莓、覆盆子除外)、其他豆菜類(刀豆、毛豆、花豆(鮮)、扁豆、豇豆(鮮)、萊豆、菜豆、豌豆、樹豆(鮮)、翼豆、蠶豆(鮮)、鷹嘴豆除外)、其他果菜類(枸杞、茄子、甜椒、番茄、辣椒除外)、其他根莖菜類(芋頭、洋蔥、馬鈴薯、甜菜根、人參(鮮)、牛蒡、豆薯、百合鱗莖、紅蔥頭、黑皮波羅門參、蕎頭、薑、蘆筍除外)、其他草木本植物(火龍果花、菊花除外)、其他堅果類(杏仁、開心果除外)、其他(蔬果類)*、其他(穀類)*、其他(茶類)*","AZOXYSTROBIN：規則無明文（D 檔標示一般「其他…」列無逐列明文定義；即使另有星號列也不得略過此不確定性）","017、018、019、020、021、022、023、006、007、008","-"
"洛神葵","亞滅培","ACETAMIPRID","其他小漿果類(草莓、番石榴、楊桃、葡萄、蓮霧除外)、其他瓜菜類(小黃瓜、冬瓜、南瓜、扁蒲、胡瓜、苦瓜、夏南瓜、隼人瓜、絲瓜、越瓜除外)、其他豆菜類(刀豆、毛豆、花豆(鮮)、扁豆、豇豆(鮮)、菜豆、萊豆、豌豆、樹豆(鮮)、翼豆、蠶豆(鮮)、鷹嘴豆除外)、其他果菜類(枸杞、秋葵、茄子、甜椒、番茄、辣椒除外)、其他(蔬果類)*、其他(穀類)*、其他(茶類)*","ACETAMIPRID：規則無明文（D 檔標示一般「其他…」列無逐列明文定義；即使另有星號列也不得略過此不確定性）","011、012、013、014、006、007、008","-"
"洛神葵","剋安勃","CHLORANTRANILIPROLE","其他十字花科包葉菜類(甘藍、青花菜除外)、其他小葉菜類(十字花科小葉菜類、不結球萵苣、半結球萵苣、芹菜、菠菜、葉用豌豆、白鳳菜、芳香萬壽菊、青蔥、枸杞葉、紅鳳菜、韭菜、韭菜花、韭黃、香椿、茼蒿、蒜、龍鬚菜、闊包菊除外)、其他小漿果類(草莓、黑莓、蔓越莓、藍莓、覆盆子、葡萄除外)、其他瓜果類(洋香瓜、香瓜除外)、其他瓜菜類(胡瓜除外)、其他果菜類(甜椒、番茄、辣椒除外)、其他根莖菜類(胡蘿蔔、豆薯、狗尾草根、闊葉大豆根、蘿蔔除外)、其他堅果類(杏仁、美洲胡桃除外)、其他梨果類(李、杏、油桃、桃、梅、梨、蘋果、櫻桃除外)、其他麥類(大麥、小麥除外)、其他雜糧類(高粱除外)、其他(蔬果類)*、其他(穀類)*、其他(茶類)*","CHLORANTRANILIPROLE：規則無明文（D 檔標示一般「其他…」列無逐列明文定義；即使另有星號列也不得略過此不確定性）","043、044、045、046、047、048、049、050、025、051、052、006、007、008","-"
"洛神葵","馬拉松","MALATHION","其他大漿果類(番荔枝、黃金果及榴槤蜜除外)、其他果菜類(金針除外)、其他(蔬果類)*、其他(穀類)*、其他(茶類)*","MALATHION：規則無明文（D 檔標示一般「其他…」列無逐列明文定義；即使另有星號列也不得略過此不確定性）","118、083、006、007、008","-"
"洛神葵","第滅寧","DELTAMETHRIN","其他根莖菜類(牛蒡、竹筍、洋蔥、胡蘿蔔、黑皮波羅門參、蘿蔔除外)、其他雜糧類(高粱除外)、其他果菜類(金針除外)、其他核果類(橄欖除外)、其他梨果類(桃除外)、其他(蔬果類)*、其他(穀類)*、其他(茶類)*","DELTAMETHRIN：規則無明文（D 檔標示一般「其他…」列無逐列明文定義；即使另有星號列也不得略過此不確定性）","082、052、083、084、085、006、007、008","-"
"洛神葵","達滅克敏","DIMETHOMORPH","其他小漿果類(草莓、葡萄及蓮霧除外)、其他瓜果類(西瓜、洋香瓜、香瓜除外)、其他瓜菜類(小黃瓜、胡瓜除外)、其他果菜類(番茄、枸杞、茄子、甜椒、辣椒除外)、其他(蔬果類)*、其他(穀類)*、其他(茶類)*","DIMETHOMORPH：規則無明文（D 檔標示一般「其他…」列無逐列明文定義；即使另有星號列也不得略過此不確定性）","092、064、015、093、006、007、008","-"
"洛神葵","達滅脫定","DIMETHOMORPH","其他小漿果類(草莓、葡萄及蓮霧除外)、其他瓜果類(西瓜、洋香瓜、香瓜除外)、其他瓜菜類(小黃瓜、胡瓜除外)、其他果菜類(番茄、枸杞、茄子、甜椒、辣椒除外)、其他(蔬果類)*、其他(穀類)*、其他(茶類)*","DIMETHOMORPH：規則無明文（D 檔標示一般「其他…」列無逐列明文定義；即使另有星號列也不得略過此不確定性）","092、064、015、093、006、007、008","-"
"洛神葵","賽速安","THIAMETHOXAM","其他小葉菜類(不結球萵苣、半結球萵苣除外)、其他小漿果類(番石榴、葡萄除外)、其他豆菜類(刀豆、毛豆、花豆、扁豆、豇豆、菜豆、萊豆、豌豆、樹豆、翼豆、蠶豆、鷹嘴豆除外)、其他果菜類(番茄除外)、其他柑桔類(葡萄柚、檸檬除外)、其他梨果類(李、杏、油桃、柿、桃、梅、梨、蘋果、櫻桃除外)、其他(蔬果類)*、其他(穀類)*、其他(茶類)*","THIAMETHOXAM：規則無明文（D 檔標示一般「其他…」列無逐列明文定義；即使另有星號列也不得略過此不確定性）","104、105、106、065、107、108、006、007、008","-"
"秋葵","亞托敏","AZOXYSTROBIN","其他小葉菜類(半結球萵苣、不結球萵苣、芹菜、青蔥、蒜及茼蒿除外)、其他小漿果類(藍莓、覆盆子除外)、其他豆菜類(刀豆、毛豆、花豆(鮮)、扁豆、豇豆(鮮)、萊豆、菜豆、豌豆、樹豆(鮮)、翼豆、蠶豆(鮮)、鷹嘴豆除外)、其他果菜類(枸杞、茄子、甜椒、番茄、辣椒除外)、其他根莖菜類(芋頭、洋蔥、馬鈴薯、甜菜根、人參(鮮)、牛蒡、豆薯、百合鱗莖、紅蔥頭、黑皮波羅門參、蕎頭、薑、蘆筍除外)、其他草木本植物(火龍果花、菊花除外)、其他堅果類(杏仁、開心果除外)、其他(蔬果類)*、其他(穀類)*、其他(茶類)*","AZOXYSTROBIN：規則無明文（D 檔標示一般「其他…」列無逐列明文定義；即使另有星號列也不得略過此不確定性）","017、018、019、020、021、022、023、006、007、008","-"
"秋葵","剋安勃","CHLORANTRANILIPROLE","其他十字花科包葉菜類(甘藍、青花菜除外)、其他小葉菜類(十字花科小葉菜類、不結球萵苣、半結球萵苣、芹菜、菠菜、葉用豌豆、白鳳菜、芳香萬壽菊、青蔥、枸杞葉、紅鳳菜、韭菜、韭菜花、韭黃、香椿、茼蒿、蒜、龍鬚菜、闊包菊除外)、其他小漿果類(草莓、黑莓、蔓越莓、藍莓、覆盆子、葡萄除外)、其他瓜果類(洋香瓜、香瓜除外)、其他瓜菜類(胡瓜除外)、其他果菜類(甜椒、番茄、辣椒除外)、其他根莖菜類(胡蘿蔔、豆薯、狗尾草根、闊葉大豆根、蘿蔔除外)、其他堅果類(杏仁、美洲胡桃除外)、其他梨果類(李、杏、油桃、桃、梅、梨、蘋果、櫻桃除外)、其他麥類(大麥、小麥除外)、其他雜糧類(高粱除外)、其他(蔬果類)*、其他(穀類)*、其他(茶類)*","CHLORANTRANILIPROLE：規則無明文（D 檔標示一般「其他…」列無逐列明文定義；即使另有星號列也不得略過此不確定性）","043、044、045、046、047、048、049、050、025、051、052、006、007、008","-"
"秋葵","益達胺","IMIDACLOPRID","其他小葉菜類(半結球萵苣、不結球萵苣、蒜、蕗蕎及芹菜除外)、其他包葉菜類(結球萵苣除外)、其他豆菜類(毛豆除外)、其他果菜類(甜椒、金針除外)、其他核果類(橄欖除外)、其他根莖菜類(茭白筍、蓮藕、山藥、洋蔥、紅蔥頭、馬鈴薯、黑皮波羅門參、牛蒡、百合鱗莖、竹筍、芋頭、豆薯除外)、其他乾豆類(油菜籽、葵花籽、蓮子、落花生、大豆、芝麻除外)、其他(蔬果類)*、其他(穀類)*、其他(茶類)*","IMIDACLOPRID：規則無明文（D 檔標示一般「其他…」列無逐列明文定義；即使另有星號列也不得略過此不確定性）","156、009、059、157、084、158、159、006、007、008","-"
"秋葵","馬拉松","MALATHION","其他大漿果類(番荔枝、黃金果及榴槤蜜除外)、其他果菜類(金針除外)、其他(蔬果類)*、其他(穀類)*、其他(茶類)*","MALATHION：規則無明文（D 檔標示一般「其他…」列無逐列明文定義；即使另有星號列也不得略過此不確定性）","118、083、006、007、008","-"
"秋葵","畢芬寧","BIFENTHRIN","其他小漿果類(草莓除外)、其他果菜類(金針、洛神葵除外)、其他根莖菜類(山藥除外)、其他(蔬果類)*、其他(穀類)*、其他(茶類)*","BIFENTHRIN：規則無明文（D 檔標示一般「其他…」列無逐列明文定義；即使另有星號列也不得略過此不確定性）","026、027、028、006、007、008","-"
"秋葵","第滅寧","DELTAMETHRIN","其他根莖菜類(牛蒡、竹筍、洋蔥、胡蘿蔔、黑皮波羅門參、蘿蔔除外)、其他雜糧類(高粱除外)、其他果菜類(金針除外)、其他核果類(橄欖除外)、其他梨果類(桃除外)、其他(蔬果類)*、其他(穀類)*、其他(茶類)*","DELTAMETHRIN：規則無明文（D 檔標示一般「其他…」列無逐列明文定義；即使另有星號列也不得略過此不確定性）","082、052、083、084、085、006、007、008","-"
"秋葵","達滅克敏","DIMETHOMORPH","其他小漿果類(草莓、葡萄及蓮霧除外)、其他瓜果類(西瓜、洋香瓜、香瓜除外)、其他瓜菜類(小黃瓜、胡瓜除外)、其他果菜類(番茄、枸杞、茄子、甜椒、辣椒除外)、其他(蔬果類)*、其他(穀類)*、其他(茶類)*","DIMETHOMORPH：規則無明文（D 檔標示一般「其他…」列無逐列明文定義；即使另有星號列也不得略過此不確定性）","092、064、015、093、006、007、008","-"
"秋葵","賽速安","THIAMETHOXAM","其他小葉菜類(不結球萵苣、半結球萵苣除外)、其他小漿果類(番石榴、葡萄除外)、其他豆菜類(刀豆、毛豆、花豆、扁豆、豇豆、菜豆、萊豆、豌豆、樹豆、翼豆、蠶豆、鷹嘴豆除外)、其他果菜類(番茄除外)、其他柑桔類(葡萄柚、檸檬除外)、其他梨果類(李、杏、油桃、柿、桃、梅、梨、蘋果、櫻桃除外)、其他(蔬果類)*、其他(穀類)*、其他(茶類)*","THIAMETHOXAM：規則無明文（D 檔標示一般「其他…」列無逐列明文定義；即使另有星號列也不得略過此不確定性）","104、105、106、065、107、108、006、007、008","-"
"紅豆","左旋莫多草","S-METOLACHLOR","其他雜糧類(高粱除外)、其他乾豆類(大豆除外)、其他(蔬果類)*、其他(穀類)*、其他(茶類)*","S-METOLACHLOR：規則無明文（D 檔標示一般「其他…」列無逐列明文定義；即使另有星號列也不得略過此不確定性）","052、124、006、007、008","-"
"紅豆","西殺草","SETHOXYDIM","其他乾豆類(落花生及大豆除外)","SETHOXYDIM：規則無明文（D 檔標示一般「其他…」列無逐列明文定義；即使另有星號列也不得略過此不確定性）","165","-"
"胡麻","四氯異苯腈","CHLOROTHALONIL","其他小葉菜類(十字花科小葉菜類除外)、其他小漿果類(草莓、藍莓除外)、其他乾豆類(落花生除外)、其他根莖菜類(人參(鮮)除外)、其他(蔬果類)*、其他(穀類)*、其他(茶類)*","CHLOROTHALONIL：規則無明文（D 檔標示一般「其他…」列無逐列明文定義；即使另有星號列也不得略過此不確定性）","055、056、057、058、006、007、008","-"
"胡麻","白克列","BOSCALID","其他瓜菜類(南瓜、小黃瓜、胡瓜除外)、其他(蔬果類)*、其他(穀類)*、其他(茶類)*","BOSCALID：規則無明文（D 檔標示一般「其他…」列無逐列明文定義；即使另有星號列也不得略過此不確定性）","029、006、007、008","-"
"胡麻","百滅寧","PERMETHRIN","其他包葉菜類(甘藍及結球萵苣除外)、其他根莖菜類(蘆筍除外)、其他乾豆類(棉籽、葵花籽除外)、其他(蔬果類)*、其他(穀類)*、其他(茶類)*","PERMETHRIN：規則無明文（D 檔標示一般「其他…」列無逐列明文定義；即使另有星號列也不得略過此不確定性）","174、173、175、006、007、008","-"
"胡麻","佈飛松","PROFENOFOS","其他(蔬果類)*、其他(穀類)*、其他(茶類)*","PROFENOFOS：建議涵蓋（附表一註五檢體 II 類；只代表定量極限，不代表核准用藥範圍）","007","0.02*"
"胡麻","克凡派","CHLORFENAPYR","其他瓜果類(洋香瓜除外)、其他小葉菜類(韭菜、茼蒿、菠菜、葉用豌豆除外)、其他(蔬果類)*、其他(穀類)*、其他(茶類)*","CHLORFENAPYR：規則無明文（D 檔標示一般「其他…」列無逐列明文定義；即使另有星號列也不得略過此不確定性）","033、053、006、007、008","-"
"胡麻","亞托敏","AZOXYSTROBIN","其他小葉菜類(半結球萵苣、不結球萵苣、芹菜、青蔥、蒜及茼蒿除外)、其他小漿果類(藍莓、覆盆子除外)、其他豆菜類(刀豆、毛豆、花豆(鮮)、扁豆、豇豆(鮮)、萊豆、菜豆、豌豆、樹豆(鮮)、翼豆、蠶豆(鮮)、鷹嘴豆除外)、其他果菜類(枸杞、茄子、甜椒、番茄、辣椒除外)、其他根莖菜類(芋頭、洋蔥、馬鈴薯、甜菜根、人參(鮮)、牛蒡、豆薯、百合鱗莖、紅蔥頭、黑皮波羅門參、蕎頭、薑、蘆筍除外)、其他草木本植物(火龍果花、菊花除外)、其他堅果類(杏仁、開心果除外)、其他(蔬果類)*、其他(穀類)*、其他(茶類)*","AZOXYSTROBIN：規則無明文（D 檔標示一般「其他…」列無逐列明文定義；即使另有星號列也不得略過此不確定性）","017、018、019、020、021、022、023、006、007、008","-"
"胡麻","亞滅培","ACETAMIPRID","其他小漿果類(草莓、番石榴、楊桃、葡萄、蓮霧除外)、其他瓜菜類(小黃瓜、冬瓜、南瓜、扁蒲、胡瓜、苦瓜、夏南瓜、隼人瓜、絲瓜、越瓜除外)、其他豆菜類(刀豆、毛豆、花豆(鮮)、扁豆、豇豆(鮮)、菜豆、萊豆、豌豆、樹豆(鮮)、翼豆、蠶豆(鮮)、鷹嘴豆除外)、其他果菜類(枸杞、秋葵、茄子、甜椒、番茄、辣椒除外)、其他(蔬果類)*、其他(穀類)*、其他(茶類)*","ACETAMIPRID：規則無明文（D 檔標示一般「其他…」列無逐列明文定義；即使另有星號列也不得略過此不確定性）","011、012、013、014、006、007、008","-"
"胡麻","剋安勃","CHLORANTRANILIPROLE","其他十字花科包葉菜類(甘藍、青花菜除外)、其他小葉菜類(十字花科小葉菜類、不結球萵苣、半結球萵苣、芹菜、菠菜、葉用豌豆、白鳳菜、芳香萬壽菊、青蔥、枸杞葉、紅鳳菜、韭菜、韭菜花、韭黃、香椿、茼蒿、蒜、龍鬚菜、闊包菊除外)、其他小漿果類(草莓、黑莓、蔓越莓、藍莓、覆盆子、葡萄除外)、其他瓜果類(洋香瓜、香瓜除外)、其他瓜菜類(胡瓜除外)、其他果菜類(甜椒、番茄、辣椒除外)、其他根莖菜類(胡蘿蔔、豆薯、狗尾草根、闊葉大豆根、蘿蔔除外)、其他堅果類(杏仁、美洲胡桃除外)、其他梨果類(李、杏、油桃、桃、梅、梨、蘋果、櫻桃除外)、其他麥類(大麥、小麥除外)、其他雜糧類(高粱除外)、其他(蔬果類)*、其他(穀類)*、其他(茶類)*","CHLORANTRANILIPROLE：規則無明文（D 檔標示一般「其他…」列無逐列明文定義；即使另有星號列也不得略過此不確定性）","043、044、045、046、047、048、049、050、025、051、052、006、007、008","-"
"胡麻","氟殺克敏","FLUXAPYROXAD || PYRACLOSTROBIN","其他豆菜類(毛豆除外)、其他乾豆類(大豆、落花生、小扁豆、棉籽、豌豆、油菜籽、葵花籽除外)、其他梨果類(李、杏、油桃、桃、梅、櫻桃除外) || 其他乾豆類(落花生、小扁豆、菜豆、大豆、葵花籽、豌豆除外)、其他堅果類(開心果除外)、其他(蔬果類)*、其他(穀類)*、其他(茶類)*、其他十字花科小葉菜類(芥菜除外)","FLUXAPYROXAD：規則無明文（D 檔標示一般「其他…」列無逐列明文定義；即使另有星號列也不得略過此不確定性） || PYRACLOSTROBIN：規則無明文（D 檔標示一般「其他…」列無逐列明文定義；即使另有星號列也不得略過此不確定性）","059、148、003 || 160、161、006、007、008、181","- || -"
"胡麻","益達胺","IMIDACLOPRID","其他小葉菜類(半結球萵苣、不結球萵苣、蒜、蕗蕎及芹菜除外)、其他包葉菜類(結球萵苣除外)、其他豆菜類(毛豆除外)、其他果菜類(甜椒、金針除外)、其他核果類(橄欖除外)、其他根莖菜類(茭白筍、蓮藕、山藥、洋蔥、紅蔥頭、馬鈴薯、黑皮波羅門參、牛蒡、百合鱗莖、竹筍、芋頭、豆薯除外)、其他乾豆類(油菜籽、葵花籽、蓮子、落花生、大豆、芝麻除外)、其他(蔬果類)*、其他(穀類)*、其他(茶類)*","IMIDACLOPRID：規則無明文（D 檔標示一般「其他…」列無逐列明文定義；即使另有星號列也不得略過此不確定性）","156、009、059、157、084、158、159、006、007、008","-"
"胡麻","速殺氟","SULFOXAFLOR","其他十字花科包葉菜類(花椰菜除外)、其他根莖菜類(蒜頭、洋蔥、胡蘿蔔除外)、其他乾豆類(棉籽、油菜籽除外)","SULFOXAFLOR：規則無明文（D 檔標示一般「其他…」列無逐列明文定義；即使另有星號列也不得略過此不確定性）","097、098、099","-"
"胡麻","硫敵克","THIODICARB","其他小葉菜類(芹菜除外)、其他包葉菜類(甘藍、青花菜及結球萵苣除外)、其他(蔬果類)*、其他(穀類)*、其他(茶類)*","THIODICARB：規則無明文（D 檔標示一般「其他…」列無逐列明文定義；即使另有星號列也不得略過此不確定性）","004、109、006、007、008","-"
"胡麻","新殺蟎","BROMOPROPYLATE","其他瓜果類(西瓜除外)、其他梨果類(枇杷除外)、其他(蔬果類)*、其他(穀類)*、其他(茶類)*","BROMOPROPYLATE：規則無明文（D 檔標示一般「其他…」列無逐列明文定義；即使另有星號列也不得略過此不確定性）","030、031、006、007、008","-"
"胡麻","達特南","DINOTEFURAN","其他瓜果類(西瓜、洋香瓜、香瓜除外)、其他瓜菜類(冬瓜、南瓜、扁蒲、苦瓜、夏南瓜、隼人瓜、絲瓜、越瓜、胡瓜除外)、其他柑桔類(柑桔除外)、其他果菜類(金針、枸杞、秋葵、茄子、甜椒、番茄、辣椒除外)","DINOTEFURAN：規則無明文（D 檔標示一般「其他…」列無逐列明文定義；即使另有星號列也不得略過此不確定性）","064、094、067、095","-"
"胡麻","福多寧","FLUTOLANIL","其他根莖菜類(芋頭、胡蘿蔔除外)、其他(蔬果類)*、其他(穀類)*、其他(茶類)*","FLUTOLANIL：規則無明文（D 檔標示一般「其他…」列無逐列明文定義；即使另有星號列也不得略過此不確定性）","146、006、007、008","-"
"胡麻","撲滅寧","PROCYMIDONE","其他梨果類(柿除外)、其他(蔬果類)*、其他(穀類)*、其他(茶類)*","PROCYMIDONE：規則無明文（D 檔標示一般「其他…」列無逐列明文定義；即使另有星號列也不得略過此不確定性）","072、006、007、008","-"
"胡麻","賜派滅","SPIROTETRAMAT","其他十字花科包葉菜類(甘藍除外)、其他小葉菜類(十字花科小葉菜類、芹菜除外)、其他乾豆類(棉籽、大豆除外)、其他梨果類(印度棗、李、杏、枇杷、油桃、紅棗、桃、梅、梨、櫻桃除外)","SPIROTETRAMAT：規則無明文（D 檔標示一般「其他…」列無逐列明文定義；即使另有星號列也不得略過此不確定性）","115、169、170、171","-"
"胡麻","賜諾特","SPINETORAM","其他豆菜類(毛豆、菜豆、蠶豆除外)","SPINETORAM：規則無明文（D 檔標示一般「其他…」列無逐列明文定義；即使另有星號列也不得略過此不確定性）","166","-"
"胡麻","賜諾殺","SPINOSAD","其他小葉菜類(不結球萵苣、半結球萵苣、芹菜、青蔥及紫蘇除外)、其他梨果類(蘋果除外)","SPINOSAD：規則無明文（D 檔標示一般「其他…」列無逐列明文定義；即使另有星號列也不得略過此不確定性）","167、168","-"
"胡蘿蔔","伏寄普","FLUAZIFOP-P-BUTYL","其他根莖菜類(馬鈴薯除外)、其他(蔬果類)*、其他(穀類)*、其他(茶類)*","FLUAZIFOP-P-BUTYL：規則無明文（D 檔標示一般「其他…」列無逐列明文定義；即使另有星號列也不得略過此不確定性）","103、006、007、008","-"
"胡蘿蔔","佈飛百滅寧","PERMETHRIN","其他包葉菜類(甘藍及結球萵苣除外)、其他根莖菜類(蘆筍除外)、其他乾豆類(棉籽、葵花籽除外)、其他(蔬果類)*、其他(穀類)*、其他(茶類)*","PERMETHRIN：規則無明文（D 檔標示一般「其他…」列無逐列明文定義；即使另有星號列也不得略過此不確定性）","174、173、175、006、007、008","-"
"胡蘿蔔","賽滅寧","CYPERMETHRIN","其他包葉菜類(結球萵苣、甘藍、青花菜除外)、其他根莖菜類(豆薯、狗尾草根、洋蔥、甜菜根、闊葉大豆根、蘆筍除外)、其他麥類(大麥、小麥、黑麥、燕麥除外)、其他(蔬果類)*、其他(穀類)*、其他(茶類)*","CYPERMETHRIN：規則無明文（D 檔標示一般「其他…」列無逐列明文定義；即使另有星號列也不得略過此不確定性）","073、074、075、006、007、008","-"
"茄子","因滅汀","EMAMECTIN BENZOATE","其他瓜果類(洋香瓜除外)、其他豆菜類(刀豆、毛豆、花豆(鮮)、扁豆、豇豆(鮮)、菜豆、萊豆、豌豆、樹豆(鮮)、翼豆、蠶豆(鮮)、鷹嘴豆除外)、其他包葉菜類(結球萵苣除外)、其他果菜類(甜椒、番茄、辣椒除外)、其他梨果類(油桃、桃、蘋果除外)","EMAMECTIN BENZOATE：規則無明文（D 檔標示一般「其他…」列無逐列明文定義；即使另有星號列也不得略過此不確定性）","033、013、009、048、130","-"
"茄子","益達胺","IMIDACLOPRID","其他小葉菜類(半結球萵苣、不結球萵苣、蒜、蕗蕎及芹菜除外)、其他包葉菜類(結球萵苣除外)、其他豆菜類(毛豆除外)、其他果菜類(甜椒、金針除外)、其他核果類(橄欖除外)、其他根莖菜類(茭白筍、蓮藕、山藥、洋蔥、紅蔥頭、馬鈴薯、黑皮波羅門參、牛蒡、百合鱗莖、竹筍、芋頭、豆薯除外)、其他乾豆類(油菜籽、葵花籽、蓮子、落花生、大豆、芝麻除外)、其他(蔬果類)*、其他(穀類)*、其他(茶類)*","IMIDACLOPRID：規則無明文（D 檔標示一般「其他…」列無逐列明文定義；即使另有星號列也不得略過此不確定性）","156、009、059、157、084、158、159、006、007、008","-"
"茄子","畢芬寧","BIFENTHRIN","其他小漿果類(草莓除外)、其他果菜類(金針、洛神葵除外)、其他根莖菜類(山藥除外)、其他(蔬果類)*、其他(穀類)*、其他(茶類)*","BIFENTHRIN：規則無明文（D 檔標示一般「其他…」列無逐列明文定義；即使另有星號列也不得略過此不確定性）","026、027、028、006、007、008","-"
"茄子","第滅寧","DELTAMETHRIN","其他根莖菜類(牛蒡、竹筍、洋蔥、胡蘿蔔、黑皮波羅門參、蘿蔔除外)、其他雜糧類(高粱除外)、其他果菜類(金針除外)、其他核果類(橄欖除外)、其他梨果類(桃除外)、其他(蔬果類)*、其他(穀類)*、其他(茶類)*","DELTAMETHRIN：規則無明文（D 檔標示一般「其他…」列無逐列明文定義；即使另有星號列也不得略過此不確定性）","082、052、083、084、085、006、007、008","-"
"茄科小葉菜類","右滅達樂","METALAXYL-M","其他小葉菜類(不結球萵苣、半結球萵苣、芹菜、青蔥及菠菜除外)、其他小漿果類(草莓、葡萄、蔓越莓及藍莓除外)、其他果菜類(甜椒除外)、其他根莖菜類(洋蔥、胡蘿蔔、馬鈴薯、甜菜根及蘿蔔除外)","METALAXYL-M：規則無明文（D 檔標示一般「其他…」列無逐列明文定義；即使另有星號列也不得略過此不確定性）","120、121、010、122","-"
"茄科小葉菜類","克凡派","CHLORFENAPYR","其他瓜果類(洋香瓜除外)、其他小葉菜類(韭菜、茼蒿、菠菜、葉用豌豆除外)、其他(蔬果類)*、其他(穀類)*、其他(茶類)*","CHLORFENAPYR：規則無明文（D 檔標示一般「其他…」列無逐列明文定義；即使另有星號列也不得略過此不確定性）","033、053、006、007、008","-"
"茄科小葉菜類","免得克敏","PYRACLOSTROBIN","其他乾豆類(落花生、小扁豆、菜豆、大豆、葵花籽、豌豆除外)、其他堅果類(開心果除外)、其他(蔬果類)*、其他(穀類)*、其他(茶類)*、其他十字花科小葉菜類(芥菜除外)","PYRACLOSTROBIN：規則無明文（D 檔標示一般「其他…」列無逐列明文定義；即使另有星號列也不得略過此不確定性）","160、161、006、007、008、181","-"
"茄科小葉菜類","亞托敏","AZOXYSTROBIN","其他小葉菜類(半結球萵苣、不結球萵苣、芹菜、青蔥、蒜及茼蒿除外)、其他小漿果類(藍莓、覆盆子除外)、其他豆菜類(刀豆、毛豆、花豆(鮮)、扁豆、豇豆(鮮)、萊豆、菜豆、豌豆、樹豆(鮮)、翼豆、蠶豆(鮮)、鷹嘴豆除外)、其他果菜類(枸杞、茄子、甜椒、番茄、辣椒除外)、其他根莖菜類(芋頭、洋蔥、馬鈴薯、甜菜根、人參(鮮)、牛蒡、豆薯、百合鱗莖、紅蔥頭、黑皮波羅門參、蕎頭、薑、蘆筍除外)、其他草木本植物(火龍果花、菊花除外)、其他堅果類(杏仁、開心果除外)、其他(蔬果類)*、其他(穀類)*、其他(茶類)*","AZOXYSTROBIN：規則無明文（D 檔標示一般「其他…」列無逐列明文定義；即使另有星號列也不得略過此不確定性）","017、018、019、020、021、022、023、006、007、008","-"
"茄科小葉菜類","固殺草","GLUFOSINATE-AMMONIUM","其他梨果類(柿除外)、其他小漿果類(蓮霧除外)","GLUFOSINATE-AMMONIUM：規則無明文（D 檔標示一般「其他…」列無逐列明文定義；即使另有星號列也不得略過此不確定性）","072、150","-"
"茄科小葉菜類","阿巴汀","ABAMECTIN","其他小葉菜類(芹菜除外)、其他包葉菜類(十字花科包葉菜類、結球萵苣除外)、其他(蔬果類)*、其他(穀類)*、其他(茶類)*","ABAMECTIN：規則無明文（D 檔標示一般「其他…」列無逐列明文定義；即使另有星號列也不得略過此不確定性）","004、005、006、007、008","-"
"茄科小葉菜類","剋安勃","CHLORANTRANILIPROLE","其他十字花科包葉菜類(甘藍、青花菜除外)、其他小葉菜類(十字花科小葉菜類、不結球萵苣、半結球萵苣、芹菜、菠菜、葉用豌豆、白鳳菜、芳香萬壽菊、青蔥、枸杞葉、紅鳳菜、韭菜、韭菜花、韭黃、香椿、茼蒿、蒜、龍鬚菜、闊包菊除外)、其他小漿果類(草莓、黑莓、蔓越莓、藍莓、覆盆子、葡萄除外)、其他瓜果類(洋香瓜、香瓜除外)、其他瓜菜類(胡瓜除外)、其他果菜類(甜椒、番茄、辣椒除外)、其他根莖菜類(胡蘿蔔、豆薯、狗尾草根、闊葉大豆根、蘿蔔除外)、其他堅果類(杏仁、美洲胡桃除外)、其他梨果類(李、杏、油桃、桃、梅、梨、蘋果、櫻桃除外)、其他麥類(大麥、小麥除外)、其他雜糧類(高粱除外)、其他(蔬果類)*、其他(穀類)*、其他(茶類)*","CHLORANTRANILIPROLE：規則無明文（D 檔標示一般「其他…」列無逐列明文定義；即使另有星號列也不得略過此不確定性）","043、044、045、046、047、048、049、050、025、051、052、006、007、008","-"
"茄科小葉菜類","派美尼","PYRIMETHANIL","其他梨果類(李、杏、油桃、桃、梅、梨、櫻桃除外)","PYRIMETHANIL：規則無明文（D 檔標示一般「其他…」列無逐列明文定義；即使另有星號列也不得略過此不確定性）","162","-"
"茄科小葉菜類","益達胺","IMIDACLOPRID","其他小葉菜類(半結球萵苣、不結球萵苣、蒜、蕗蕎及芹菜除外)、其他包葉菜類(結球萵苣除外)、其他豆菜類(毛豆除外)、其他果菜類(甜椒、金針除外)、其他核果類(橄欖除外)、其他根莖菜類(茭白筍、蓮藕、山藥、洋蔥、紅蔥頭、馬鈴薯、黑皮波羅門參、牛蒡、百合鱗莖、竹筍、芋頭、豆薯除外)、其他乾豆類(油菜籽、葵花籽、蓮子、落花生、大豆、芝麻除外)、其他(蔬果類)*、其他(穀類)*、其他(茶類)*","IMIDACLOPRID：規則無明文（D 檔標示一般「其他…」列無逐列明文定義；即使另有星號列也不得略過此不確定性）","156、009、059、157、084、158、159、006、007、008","-"
"茄科小葉菜類","硫敵克","THIODICARB","其他小葉菜類(芹菜除外)、其他包葉菜類(甘藍、青花菜及結球萵苣除外)、其他(蔬果類)*、其他(穀類)*、其他(茶類)*","THIODICARB：規則無明文（D 檔標示一般「其他…」列無逐列明文定義；即使另有星號列也不得略過此不確定性）","004、109、006、007、008","-"
"茄科小葉菜類","滅達樂","METALAXYL","其他小葉菜類(不結球萵苣、半結球萵苣、芹菜、青蔥及菠菜除外)、其他小漿果類(草莓、葡萄、蔓越莓及藍莓除外)、其他果菜類(甜椒除外)、其他根莖菜類(洋蔥、胡蘿蔔、馬鈴薯、甜菜根及蘿蔔除外)","METALAXYL：規則無明文（D 檔標示一般「其他…」列無逐列明文定義；即使另有星號列也不得略過此不確定性）","120、121、010、122","-"
"茄科小葉菜類","達特南","DINOTEFURAN","其他瓜果類(西瓜、洋香瓜、香瓜除外)、其他瓜菜類(冬瓜、南瓜、扁蒲、苦瓜、夏南瓜、隼人瓜、絲瓜、越瓜、胡瓜除外)、其他柑桔類(柑桔除外)、其他果菜類(金針、枸杞、秋葵、茄子、甜椒、番茄、辣椒除外)","DINOTEFURAN：規則無明文（D 檔標示一般「其他…」列無逐列明文定義；即使另有星號列也不得略過此不確定性）","064、094、067、095","-"
"茄科小葉菜類","達滅芬","DIMETHOMORPH","其他小漿果類(草莓、葡萄及蓮霧除外)、其他瓜果類(西瓜、洋香瓜、香瓜除外)、其他瓜菜類(小黃瓜、胡瓜除外)、其他果菜類(番茄、枸杞、茄子、甜椒、辣椒除外)、其他(蔬果類)*、其他(穀類)*、其他(茶類)*","DIMETHOMORPH：規則無明文（D 檔標示一般「其他…」列無逐列明文定義；即使另有星號列也不得略過此不確定性）","092、064、015、093、006、007、008","-"
"茄科小葉菜類","賜派滅","SPIROTETRAMAT","其他十字花科包葉菜類(甘藍除外)、其他小葉菜類(十字花科小葉菜類、芹菜除外)、其他乾豆類(棉籽、大豆除外)、其他梨果類(印度棗、李、杏、枇杷、油桃、紅棗、桃、梅、梨、櫻桃除外)","SPIROTETRAMAT：規則無明文（D 檔標示一般「其他…」列無逐列明文定義；即使另有星號列也不得略過此不確定性）","115、169、170、171","-"
"茄科小葉菜類","賜諾特","SPINETORAM","其他豆菜類(毛豆、菜豆、蠶豆除外)","SPINETORAM：規則無明文（D 檔標示一般「其他…」列無逐列明文定義；即使另有星號列也不得略過此不確定性）","166","-"
"茄科小葉菜類","賜諾殺","SPINOSAD","其他小葉菜類(不結球萵苣、半結球萵苣、芹菜、青蔥及紫蘇除外)、其他梨果類(蘋果除外)","SPINOSAD：規則無明文（D 檔標示一般「其他…」列無逐列明文定義；即使另有星號列也不得略過此不確定性）","167、168","-"
"茄科小葉菜類","賽洛寧","LAMBDA-CYHALOTHRIN","其他小葉菜類(蒜除外)、其他核果類(荔枝除外)、其他根莖菜類(山藥、牛蒡、甘藷、芋頭、豆薯、洋蔥、胡蘿蔔、百合鱗莖、紅蔥頭、馬鈴薯、黑皮波羅門參、蒜頭、樹薯、蕎頭、狗尾草根、闊葉大豆根及蘆筍除外)、其他堅果類(胡桃、榛果除外)、其他梨果類(柿除外)、其他(蔬果類)*、其他(穀類)*、其他(茶類)*","LAMBDA-CYHALOTHRIN：規則無明文（D 檔標示一般「其他…」列無逐列明文定義；即使另有星號列也不得略過此不確定性）","068、069、070、071、072、006、007、008","-"
"茄科小葉菜類","賽速安","THIAMETHOXAM","其他小葉菜類(不結球萵苣、半結球萵苣除外)、其他小漿果類(番石榴、葡萄除外)、其他豆菜類(刀豆、毛豆、花豆、扁豆、豇豆、菜豆、萊豆、豌豆、樹豆、翼豆、蠶豆、鷹嘴豆除外)、其他果菜類(番茄除外)、其他柑桔類(葡萄柚、檸檬除外)、其他梨果類(李、杏、油桃、柿、桃、梅、梨、蘋果、櫻桃除外)、其他(蔬果類)*、其他(穀類)*、其他(茶類)*","THIAMETHOXAM：規則無明文（D 檔標示一般「其他…」列無逐列明文定義；即使另有星號列也不得略過此不確定性）","104、105、106、065、107、108、006、007、008","-"
"茄科小葉菜類","賽速安勃","THIAMETHOXAM || CHLORANTRANILIPROLE","其他小葉菜類(不結球萵苣、半結球萵苣除外)、其他小漿果類(番石榴、葡萄除外)、其他豆菜類(刀豆、毛豆、花豆、扁豆、豇豆、菜豆、萊豆、豌豆、樹豆、翼豆、蠶豆、鷹嘴豆除外)、其他果菜類(番茄除外)、其他柑桔類(葡萄柚、檸檬除外)、其他梨果類(李、杏、油桃、柿、桃、梅、梨、蘋果、櫻桃除外)、其他(蔬果類)*、其他(穀類)*、其他(茶類)* || 其他十字花科包葉菜類(甘藍、青花菜除外)、其他小葉菜類(十字花科小葉菜類、不結球萵苣、半結球萵苣、芹菜、菠菜、葉用豌豆、白鳳菜、芳香萬壽菊、青蔥、枸杞葉、紅鳳菜、韭菜、韭菜花、韭黃、香椿、茼蒿、蒜、龍鬚菜、闊包菊除外)、其他小漿果類(草莓、黑莓、蔓越莓、藍莓、覆盆子、葡萄除外)、其他瓜果類(洋香瓜、香瓜除外)、其他瓜菜類(胡瓜除外)、其他果菜類(甜椒、番茄、辣椒除外)、其他根莖菜類(胡蘿蔔、豆薯、狗尾草根、闊葉大豆根、蘿蔔除外)、其他堅果類(杏仁、美洲胡桃除外)、其他梨果類(李、杏、油桃、桃、梅、梨、蘋果、櫻桃除外)、其他麥類(大麥、小麥除外)、其他雜糧類(高粱除外)、其他(蔬果類)*、其他(穀類)*、其他(茶類)*","THIAMETHOXAM：規則無明文（D 檔標示一般「其他…」列無逐列明文定義；即使另有星號列也不得略過此不確定性） || CHLORANTRANILIPROLE：規則無明文（D 檔標示一般「其他…」列無逐列明文定義；即使另有星號列也不得略過此不確定性）","104、105、106、065、107、108、006、007、008 || 043、044、045、046、047、048、049、050、025、051、052、006、007、008","- || -"
"茄科小葉菜類","賽滅淨","CYROMAZINE","其他小葉菜類(?結球萵苣、半結球萵苣、芹菜、青蔥、菠菜、茼蒿除外)、其他豆菜類(萊豆除外)、其他包葉菜類(結球萵苣除外)、其他果菜類(甜椒、茄子、枸杞、番茄、辣椒除外)","CYROMAZINE：規則無明文（D 檔標示一般「其他…」列無逐列明文定義；即使另有星號列也不得略過此不確定性）","079、080、009、081","-"
"茄科小葉菜類","邁克尼","MYCLOBUTANIL","其他小漿果類(葡萄除外)、其他梨果類(李、油桃、桃、櫻桃及梨除外)、其他(蔬果類)*、其他(穀類)*、其他(茶類)*","MYCLOBUTANIL：規則無明文（D 檔標示一般「其他…」列無逐列明文定義；即使另有星號列也不得略過此不確定性）","126、127、006、007、008","-"
"茄科果菜類","凡殺克絕","FAMOXADONE","其他(蔬果類)*、其他(穀類)*、其他(茶類)*","FAMOXADONE：建議涵蓋（附表一註五檢體 I 類；只代表定量極限，不代表核准用藥範圍）","006","0.01*"
"茄科果菜類","可尼丁","CLOTHIANIDIN","其他小葉菜類(菠菜、十字花科小葉菜類、山茼蒿、不結球萵苣、半結球萵苣、白鳳菜、芳香萬壽菊、芹菜、青蔥、紅鳳菜、茼蒿、葉用甘藷、葉用豌豆、蕹菜、闊包菊、羅勒除外)、其他小漿果類(番石榴、葡萄、蓮霧除外)、其他瓜果類(西瓜、洋香瓜、香瓜除外)、其他瓜菜類(小黃瓜、冬瓜、南瓜、扁蒲、胡瓜、苦瓜、夏南瓜、隼人瓜、絲瓜、越瓜除外)、其他豆菜類(刀豆、毛豆、花豆(鮮)、扁豆、豇豆(鮮)、菜豆、萊豆、豌豆、樹豆(鮮)、翼豆、蠶豆(鮮)、鷹嘴豆除外)、其他果菜類(番茄除外)、其他梨果類(印度棗、李、杏、枇杷、油桃、柿、紅棗、桃、梅、梨、蘋果、櫻桃除外)、其他(蔬果類)*、其他(穀類)*、其他(茶類)*","CLOTHIANIDIN：規則無明文（D 檔標示一般「其他…」列無逐列明文定義；即使另有星號列也不得略過此不確定性）","062、063、064、012、013、065、066、006、007、008","-"
"茄科果菜類","白列克敏","PYRACLOSTROBIN || BOSCALID","其他乾豆類(落花生、小扁豆、菜豆、大豆、葵花籽、豌豆除外)、其他堅果類(開心果除外)、其他(蔬果類)*、其他(穀類)*、其他(茶類)*、其他十字花科小葉菜類(芥菜除外) || 其他瓜菜類(南瓜、小黃瓜、胡瓜除外)、其他(蔬果類)*、其他(穀類)*、其他(茶類)*","PYRACLOSTROBIN：規則無明文（D 檔標示一般「其他…」列無逐列明文定義；即使另有星號列也不得略過此不確定性） || BOSCALID：規則無明文（D 檔標示一般「其他…」列無逐列明文定義；即使另有星號列也不得略過此不確定性）","160、161、006、007、008、181 || 029、006、007、008","- || -"
"茄科果菜類","白克列","BOSCALID","其他瓜菜類(南瓜、小黃瓜、胡瓜除外)、其他(蔬果類)*、其他(穀類)*、其他(茶類)*","BOSCALID：規則無明文（D 檔標示一般「其他…」列無逐列明文定義；即使另有星號列也不得略過此不確定性）","029、006、007、008","-"
"茄科果菜類","因滅汀","EMAMECTIN BENZOATE","其他瓜果類(洋香瓜除外)、其他豆菜類(刀豆、毛豆、花豆(鮮)、扁豆、豇豆(鮮)、菜豆、萊豆、豌豆、樹豆(鮮)、翼豆、蠶豆(鮮)、鷹嘴豆除外)、其他包葉菜類(結球萵苣除外)、其他果菜類(甜椒、番茄、辣椒除外)、其他梨果類(油桃、桃、蘋果除外)","EMAMECTIN BENZOATE：規則無明文（D 檔標示一般「其他…」列無逐列明文定義；即使另有星號列也不得略過此不確定性）","033、013、009、048、130","-"
"茄科果菜類","百克敏","PYRACLOSTROBIN","其他乾豆類(落花生、小扁豆、菜豆、大豆、葵花籽、豌豆除外)、其他堅果類(開心果除外)、其他(蔬果類)*、其他(穀類)*、其他(茶類)*、其他十字花科小葉菜類(芥菜除外)","PYRACLOSTROBIN：規則無明文（D 檔標示一般「其他…」列無逐列明文定義；即使另有星號列也不得略過此不確定性）","160、161、006、007、008、181","-"
"茄科果菜類","免得克敏","PYRACLOSTROBIN","其他乾豆類(落花生、小扁豆、菜豆、大豆、葵花籽、豌豆除外)、其他堅果類(開心果除外)、其他(蔬果類)*、其他(穀類)*、其他(茶類)*、其他十字花科小葉菜類(芥菜除外)","PYRACLOSTROBIN：規則無明文（D 檔標示一般「其他…」列無逐列明文定義；即使另有星號列也不得略過此不確定性）","160、161、006、007、008、181","-"
"茄科果菜類","亞托敏","AZOXYSTROBIN","其他小葉菜類(半結球萵苣、不結球萵苣、芹菜、青蔥、蒜及茼蒿除外)、其他小漿果類(藍莓、覆盆子除外)、其他豆菜類(刀豆、毛豆、花豆(鮮)、扁豆、豇豆(鮮)、萊豆、菜豆、豌豆、樹豆(鮮)、翼豆、蠶豆(鮮)、鷹嘴豆除外)、其他果菜類(枸杞、茄子、甜椒、番茄、辣椒除外)、其他根莖菜類(芋頭、洋蔥、馬鈴薯、甜菜根、人參(鮮)、牛蒡、豆薯、百合鱗莖、紅蔥頭、黑皮波羅門參、蕎頭、薑、蘆筍除外)、其他草木本植物(火龍果花、菊花除外)、其他堅果類(杏仁、開心果除外)、其他(蔬果類)*、其他(穀類)*、其他(茶類)*","AZOXYSTROBIN：規則無明文（D 檔標示一般「其他…」列無逐列明文定義；即使另有星號列也不得略過此不確定性）","017、018、019、020、021、022、023、006、007、008","-"
"茄科果菜類","亞滅培","ACETAMIPRID","其他小漿果類(草莓、番石榴、楊桃、葡萄、蓮霧除外)、其他瓜菜類(小黃瓜、冬瓜、南瓜、扁蒲、胡瓜、苦瓜、夏南瓜、隼人瓜、絲瓜、越瓜除外)、其他豆菜類(刀豆、毛豆、花豆(鮮)、扁豆、豇豆(鮮)、菜豆、萊豆、豌豆、樹豆(鮮)、翼豆、蠶豆(鮮)、鷹嘴豆除外)、其他果菜類(枸杞、秋葵、茄子、甜椒、番茄、辣椒除外)、其他(蔬果類)*、其他(穀類)*、其他(茶類)*","ACETAMIPRID：規則無明文（D 檔標示一般「其他…」列無逐列明文定義；即使另有星號列也不得略過此不確定性）","011、012、013、014、006、007、008","-"
"茄科果菜類","依普同","IPRODIONE","其他核果類(芒果除外)、其他乾豆類(油菜籽、葵花籽除外)、其他(蔬果類)*、其他(穀類)*、其他(茶類)*、其他包葉菜類(結球萵苣除外)","IPRODIONE：規則無明文（D 檔標示一般「其他…」列無逐列明文定義；即使另有星號列也不得略過此不確定性）","039、114、006、007、008、009","-"
"茄科果菜類","固殺草","GLUFOSINATE-AMMONIUM","其他梨果類(柿除外)、其他小漿果類(蓮霧除外)","GLUFOSINATE-AMMONIUM：規則無明文（D 檔標示一般「其他…」列無逐列明文定義；即使另有星號列也不得略過此不確定性）","072、150","-"
"茄科果菜類","芬化利","FENVALERATE","其他小漿果類(楊桃除外)、其他根莖菜類(胡蘿蔔除外)、其他(蔬果類)*、其他(穀類)*、其他(茶類)*","FENVALERATE：規則無明文（D 檔標示一般「其他…」列無逐列明文定義；即使另有星號列也不得略過此不確定性）","138、086、006、007、008","-"
"茄科果菜類","芬殺蟎","FENAZAQUIN","其他(蔬果類)*、其他(穀類)*、其他(茶類)*","FENAZAQUIN：建議涵蓋（附表一註五檢體 I 類；只代表定量極限，不代表核准用藥範圍）","006","0.01*"
"茄科果菜類","芬普蟎","FENPYROXIMATE","其他瓜果類(西瓜、洋香瓜、香瓜除外)、其他果菜類(枸杞、茄子、香瓜茄、甜椒、番茄、辣椒除外)、其他梨果類(梨、蘋果除外)、其他(蔬果類)*、其他(穀類)*、其他(茶類)*","FENPYROXIMATE：規則無明文（D 檔標示一般「其他…」列無逐列明文定義；即使另有星號列也不得略過此不確定性）","064、128、125、006、007、008","-"
"茄科果菜類","剋安勃","CHLORANTRANILIPROLE","其他十字花科包葉菜類(甘藍、青花菜除外)、其他小葉菜類(十字花科小葉菜類、不結球萵苣、半結球萵苣、芹菜、菠菜、葉用豌豆、白鳳菜、芳香萬壽菊、青蔥、枸杞葉、紅鳳菜、韭菜、韭菜花、韭黃、香椿、茼蒿、蒜、龍鬚菜、闊包菊除外)、其他小漿果類(草莓、黑莓、蔓越莓、藍莓、覆盆子、葡萄除外)、其他瓜果類(洋香瓜、香瓜除外)、其他瓜菜類(胡瓜除外)、其他果菜類(甜椒、番茄、辣椒除外)、其他根莖菜類(胡蘿蔔、豆薯、狗尾草根、闊葉大豆根、蘿蔔除外)、其他堅果類(杏仁、美洲胡桃除外)、其他梨果類(李、杏、油桃、桃、梅、梨、蘋果、櫻桃除外)、其他麥類(大麥、小麥除外)、其他雜糧類(高粱除外)、其他(蔬果類)*、其他(穀類)*、其他(茶類)*","CHLORANTRANILIPROLE：規則無明文（D 檔標示一般「其他…」列無逐列明文定義；即使另有星號列也不得略過此不確定性）","043、044、045、046、047、048、049、050、025、051、052、006、007、008","-"
"茄科果菜類","氟殺克敏","PYRACLOSTROBIN","其他乾豆類(落花生、小扁豆、菜豆、大豆、葵花籽、豌豆除外)、其他堅果類(開心果除外)、其他(蔬果類)*、其他(穀類)*、其他(茶類)*、其他十字花科小葉菜類(芥菜除外)","PYRACLOSTROBIN：規則無明文（D 檔標示一般「其他…」列無逐列明文定義；即使另有星號列也不得略過此不確定性）","160、161、006、007、008、181","-"
"茄科果菜類","派美尼","PYRIMETHANIL","其他梨果類(李、杏、油桃、桃、梅、梨、櫻桃除外)","PYRIMETHANIL：規則無明文（D 檔標示一般「其他…」列無逐列明文定義；即使另有星號列也不得略過此不確定性）","162","-"
"茄科果菜類","益達胺","IMIDACLOPRID","其他小葉菜類(半結球萵苣、不結球萵苣、蒜、蕗蕎及芹菜除外)、其他包葉菜類(結球萵苣除外)、其他豆菜類(毛豆除外)、其他果菜類(甜椒、金針除外)、其他核果類(橄欖除外)、其他根莖菜類(茭白筍、蓮藕、山藥、洋蔥、紅蔥頭、馬鈴薯、黑皮波羅門參、牛蒡、百合鱗莖、竹筍、芋頭、豆薯除外)、其他乾豆類(油菜籽、葵花籽、蓮子、落花生、大豆、芝麻除外)、其他(蔬果類)*、其他(穀類)*、其他(茶類)*","IMIDACLOPRID：規則無明文（D 檔標示一般「其他…」列無逐列明文定義；即使另有星號列也不得略過此不確定性）","156、009、059、157、084、158、159、006、007、008","-"
"茄科果菜類","馬拉松","MALATHION","其他大漿果類(番荔枝、黃金果及榴槤蜜除外)、其他果菜類(金針除外)、其他(蔬果類)*、其他(穀類)*、其他(茶類)*","MALATHION：規則無明文（D 檔標示一般「其他…」列無逐列明文定義；即使另有星號列也不得略過此不確定性）","118、083、006、007、008","-"
"茄科果菜類","滅賜克","METHIOCARB","其他(蔬果類)*、其他(穀類)*、其他(茶類)*","METHIOCARB：建議涵蓋（附表一註五檢體 I 類；只代表定量極限，不代表核准用藥範圍）","006","0.01*"
"茄科果菜類","達特南","DINOTEFURAN","其他瓜果類(西瓜、洋香瓜、香瓜除外)、其他瓜菜類(冬瓜、南瓜、扁蒲、苦瓜、夏南瓜、隼人瓜、絲瓜、越瓜、胡瓜除外)、其他柑桔類(柑桔除外)、其他果菜類(金針、枸杞、秋葵、茄子、甜椒、番茄、辣椒除外)","DINOTEFURAN：規則無明文（D 檔標示一般「其他…」列無逐列明文定義；即使另有星號列也不得略過此不確定性）","064、094、067、095","-"
"茄科果菜類","達滅芬","DIMETHOMORPH","其他小漿果類(草莓、葡萄及蓮霧除外)、其他瓜果類(西瓜、洋香瓜、香瓜除外)、其他瓜菜類(小黃瓜、胡瓜除外)、其他果菜類(番茄、枸杞、茄子、甜椒、辣椒除外)、其他(蔬果類)*、其他(穀類)*、其他(茶類)*","DIMETHOMORPH：規則無明文（D 檔標示一般「其他…」列無逐列明文定義；即使另有星號列也不得略過此不確定性）","092、064、015、093、006、007、008","-"
"茄科果菜類","達滅脫定","AMETOCTRADIN || DIMETHOMORPH","其他瓜菜類(小黃瓜、胡瓜除外)、其他果菜類(金針、枸杞、洛神葵、茄子 、香瓜茄、甜椒、番茄、辣椒、酸漿、樹番茄除外) || 其他小漿果類(草莓、葡萄及蓮霧除外)、其他瓜果類(西瓜、洋香瓜、香瓜除外)、其他瓜菜類(小黃瓜、胡瓜除外)、其他果菜類(番茄、枸杞、茄子、甜椒、辣椒除外)、其他(蔬果類)*、其他(穀類)*、其他(茶類)*","AMETOCTRADIN：規則無明文（D 檔標示一般「其他…」列無逐列明文定義；即使另有星號列也不得略過此不確定性） || DIMETHOMORPH：規則無明文（D 檔標示一般「其他…」列無逐列明文定義；即使另有星號列也不得略過此不確定性）","015、016 || 092、064、015、093、006、007、008","- || -"
"茄科果菜類","毆殺滅","OXAMYL","其他小葉菜類(芹菜除外)、其他柑桔類(柳橙除外)、其他果菜類(番茄除外)、其他(蔬果類)*、其他(穀類)*、其他(茶類)*","OXAMYL：規則無明文（D 檔標示一般「其他…」列無逐列明文定義；即使另有星號列也不得略過此不確定性）","004、129、065、006、007、008","-"
"茄科果菜類","賜諾特","SPINETORAM","其他豆菜類(毛豆、菜豆、蠶豆除外)","SPINETORAM：規則無明文（D 檔標示一般「其他…」列無逐列明文定義；即使另有星號列也不得略過此不確定性）","166","-"
"茄科果菜類","賜諾殺","SPINOSAD","其他小葉菜類(不結球萵苣、半結球萵苣、芹菜、青蔥及紫蘇除外)、其他梨果類(蘋果除外)","SPINOSAD：規則無明文（D 檔標示一般「其他…」列無逐列明文定義；即使另有星號列也不得略過此不確定性）","167、168","-"
"茄科果菜類","諾伐隆","NOVALURON","其他果菜類(枸杞、茄子、香瓜茄、甜椒、番茄、辣椒除外)","NOVALURON：規則無明文（D 檔標示一般「其他…」列無逐列明文定義；即使另有星號列也不得略過此不確定性）","128","-"
"茄科果菜類","賽果培","THIACLOPRID","其他瓜果類(洋香瓜除外)、其他梨果類(李、杏、油桃、桃、梅、梨、蘋果、櫻桃除外)、其他(蔬果類)*、其他(穀類)*、其他(茶類)*","THIACLOPRID：規則無明文（D 檔標示一般「其他…」列無逐列明文定義；即使另有星號列也不得略過此不確定性）","033、025、006、007、008","-"
"茄科果菜類","賽洛安勃","CHLORANTRANILIPROLE","其他十字花科包葉菜類(甘藍、青花菜除外)、其他小葉菜類(十字花科小葉菜類、不結球萵苣、半結球萵苣、芹菜、菠菜、葉用豌豆、白鳳菜、芳香萬壽菊、青蔥、枸杞葉、紅鳳菜、韭菜、韭菜花、韭黃、香椿、茼蒿、蒜、龍鬚菜、闊包菊除外)、其他小漿果類(草莓、黑莓、蔓越莓、藍莓、覆盆子、葡萄除外)、其他瓜果類(洋香瓜、香瓜除外)、其他瓜菜類(胡瓜除外)、其他果菜類(甜椒、番茄、辣椒除外)、其他根莖菜類(胡蘿蔔、豆薯、狗尾草根、闊葉大豆根、蘿蔔除外)、其他堅果類(杏仁、美洲胡桃除外)、其他梨果類(李、杏、油桃、桃、梅、梨、蘋果、櫻桃除外)、其他麥類(大麥、小麥除外)、其他雜糧類(高粱除外)、其他(蔬果類)*、其他(穀類)*、其他(茶類)*","CHLORANTRANILIPROLE：規則無明文（D 檔標示一般「其他…」列無逐列明文定義；即使另有星號列也不得略過此不確定性）","043、044、045、046、047、048、049、050、025、051、052、006、007、008","-"
"茄科果菜類","賽速安","THIAMETHOXAM","其他小葉菜類(不結球萵苣、半結球萵苣除外)、其他小漿果類(番石榴、葡萄除外)、其他豆菜類(刀豆、毛豆、花豆、扁豆、豇豆、菜豆、萊豆、豌豆、樹豆、翼豆、蠶豆、鷹嘴豆除外)、其他果菜類(番茄除外)、其他柑桔類(葡萄柚、檸檬除外)、其他梨果類(李、杏、油桃、柿、桃、梅、梨、蘋果、櫻桃除外)、其他(蔬果類)*、其他(穀類)*、其他(茶類)*","THIAMETHOXAM：規則無明文（D 檔標示一般「其他…」列無逐列明文定義；即使另有星號列也不得略過此不確定性）","104、105、106、065、107、108、006、007、008","-"
"茄科果菜類","賽速安勃","THIAMETHOXAM || CHLORANTRANILIPROLE","其他小葉菜類(不結球萵苣、半結球萵苣除外)、其他小漿果類(番石榴、葡萄除外)、其他豆菜類(刀豆、毛豆、花豆、扁豆、豇豆、菜豆、萊豆、豌豆、樹豆、翼豆、蠶豆、鷹嘴豆除外)、其他果菜類(番茄除外)、其他柑桔類(葡萄柚、檸檬除外)、其他梨果類(李、杏、油桃、柿、桃、梅、梨、蘋果、櫻桃除外)、其他(蔬果類)*、其他(穀類)*、其他(茶類)* || 其他十字花科包葉菜類(甘藍、青花菜除外)、其他小葉菜類(十字花科小葉菜類、不結球萵苣、半結球萵苣、芹菜、菠菜、葉用豌豆、白鳳菜、芳香萬壽菊、青蔥、枸杞葉、紅鳳菜、韭菜、韭菜花、韭黃、香椿、茼蒿、蒜、龍鬚菜、闊包菊除外)、其他小漿果類(草莓、黑莓、蔓越莓、藍莓、覆盆子、葡萄除外)、其他瓜果類(洋香瓜、香瓜除外)、其他瓜菜類(胡瓜除外)、其他果菜類(甜椒、番茄、辣椒除外)、其他根莖菜類(胡蘿蔔、豆薯、狗尾草根、闊葉大豆根、蘿蔔除外)、其他堅果類(杏仁、美洲胡桃除外)、其他梨果類(李、杏、油桃、桃、梅、梨、蘋果、櫻桃除外)、其他麥類(大麥、小麥除外)、其他雜糧類(高粱除外)、其他(蔬果類)*、其他(穀類)*、其他(茶類)*","THIAMETHOXAM：規則無明文（D 檔標示一般「其他…」列無逐列明文定義；即使另有星號列也不得略過此不確定性） || CHLORANTRANILIPROLE：規則無明文（D 檔標示一般「其他…」列無逐列明文定義；即使另有星號列也不得略過此不確定性）","104、105、106、065、107、108、006、007、008 || 043、044、045、046、047、048、049、050、025、051、052、006、007、008","- || -"
"茄科果菜類","賽滅淨","CYROMAZINE","其他小葉菜類(?結球萵苣、半結球萵苣、芹菜、青蔥、菠菜、茼蒿除外)、其他豆菜類(萊豆除外)、其他包葉菜類(結球萵苣除外)、其他果菜類(甜椒、茄子、枸杞、番茄、辣椒除外)","CYROMAZINE：規則無明文（D 檔標示一般「其他…」列無逐列明文定義；即使另有星號列也不得略過此不確定性）","079、080、009、081","-"
"茄科果菜類","邁克尼","MYCLOBUTANIL","其他小漿果類(葡萄除外)、其他梨果類(李、油桃、桃、櫻桃及梨除外)、其他(蔬果類)*、其他(穀類)*、其他(茶類)*","MYCLOBUTANIL：規則無明文（D 檔標示一般「其他…」列無逐列明文定義；即使另有星號列也不得略過此不確定性）","126、127、006、007、008","-"
"茄科根菜類","伏寄普","FLUAZIFOP-P-BUTYL","其他根莖菜類(馬鈴薯除外)、其他(蔬果類)*、其他(穀類)*、其他(茶類)*","FLUAZIFOP-P-BUTYL：規則無明文（D 檔標示一般「其他…」列無逐列明文定義；即使另有星號列也不得略過此不確定性）","103、006、007、008","-"
"茄科根菜類","佈飛百滅寧","PERMETHRIN","其他包葉菜類(甘藍及結球萵苣除外)、其他根莖菜類(蘆筍除外)、其他乾豆類(棉籽、葵花籽除外)、其他(蔬果類)*、其他(穀類)*、其他(茶類)*","PERMETHRIN：規則無明文（D 檔標示一般「其他…」列無逐列明文定義；即使另有星號列也不得略過此不確定性）","174、173、175、006、007、008","-"
"茄科根菜類","佈飛賽滅寧","CYPERMETHRIN","其他包葉菜類(結球萵苣、甘藍、青花菜除外)、其他根莖菜類(豆薯、狗尾草根、洋蔥、甜菜根、闊葉大豆根、蘆筍除外)、其他麥類(大麥、小麥、黑麥、燕麥除外)、其他(蔬果類)*、其他(穀類)*、其他(茶類)*","CYPERMETHRIN：規則無明文（D 檔標示一般「其他…」列無逐列明文定義；即使另有星號列也不得略過此不確定性）","073、074、075、006、007、008","-"
"茄科根菜類","免得克敏","PYRACLOSTROBIN","其他乾豆類(落花生、小扁豆、菜豆、大豆、葵花籽、豌豆除外)、其他堅果類(開心果除外)、其他(蔬果類)*、其他(穀類)*、其他(茶類)*、其他十字花科小葉菜類(芥菜除外)","PYRACLOSTROBIN：規則無明文（D 檔標示一般「其他…」列無逐列明文定義；即使另有星號列也不得略過此不確定性）","160、161、006、007、008、181","-"
"茄科根菜類","亞托敏","AZOXYSTROBIN","其他小葉菜類(半結球萵苣、不結球萵苣、芹菜、青蔥、蒜及茼蒿除外)、其他小漿果類(藍莓、覆盆子除外)、其他豆菜類(刀豆、毛豆、花豆(鮮)、扁豆、豇豆(鮮)、萊豆、菜豆、豌豆、樹豆(鮮)、翼豆、蠶豆(鮮)、鷹嘴豆除外)、其他果菜類(枸杞、茄子、甜椒、番茄、辣椒除外)、其他根莖菜類(芋頭、洋蔥、馬鈴薯、甜菜根、人參(鮮)、牛蒡、豆薯、百合鱗莖、紅蔥頭、黑皮波羅門參、蕎頭、薑、蘆筍除外)、其他草木本植物(火龍果花、菊花除外)、其他堅果類(杏仁、開心果除外)、其他(蔬果類)*、其他(穀類)*、其他(茶類)*","AZOXYSTROBIN：規則無明文（D 檔標示一般「其他…」列無逐列明文定義；即使另有星號列也不得略過此不確定性）","017、018、019、020、021、022、023、006、007、008","-"
"茄科根菜類","芬化利","FENVALERATE","其他小漿果類(楊桃除外)、其他根莖菜類(胡蘿蔔除外)、其他(蔬果類)*、其他(穀類)*、其他(茶類)*","FENVALERATE：規則無明文（D 檔標示一般「其他…」列無逐列明文定義；即使另有星號列也不得略過此不確定性）","138、086、006、007、008","-"
"茄科根菜類","剋安勃","CHLORANTRANILIPROLE","其他十字花科包葉菜類(甘藍、青花菜除外)、其他小葉菜類(十字花科小葉菜類、不結球萵苣、半結球萵苣、芹菜、菠菜、葉用豌豆、白鳳菜、芳香萬壽菊、青蔥、枸杞葉、紅鳳菜、韭菜、韭菜花、韭黃、香椿、茼蒿、蒜、龍鬚菜、闊包菊除外)、其他小漿果類(草莓、黑莓、蔓越莓、藍莓、覆盆子、葡萄除外)、其他瓜果類(洋香瓜、香瓜除外)、其他瓜菜類(胡瓜除外)、其他果菜類(甜椒、番茄、辣椒除外)、其他根莖菜類(胡蘿蔔、豆薯、狗尾草根、闊葉大豆根、蘿蔔除外)、其他堅果類(杏仁、美洲胡桃除外)、其他梨果類(李、杏、油桃、桃、梅、梨、蘋果、櫻桃除外)、其他麥類(大麥、小麥除外)、其他雜糧類(高粱除外)、其他(蔬果類)*、其他(穀類)*、其他(茶類)*","CHLORANTRANILIPROLE：規則無明文（D 檔標示一般「其他…」列無逐列明文定義；即使另有星號列也不得略過此不確定性）","043、044、045、046、047、048、049、050、025、051、052、006、007、008","-"
"茄科根菜類","氟比拔克","FLUOPICOLIDE || PROPAMOCARB HYDROCHLORIDE","其他(蔬果類)*、其他(穀類)*、其他(茶類)* || 其他(蔬果類)*、其他(穀類)*、其他(茶類)*","FLUOPICOLIDE：建議涵蓋（附表一註五檢體 I 類；只代表定量極限，不代表核准用藥範圍） || PROPAMOCARB HYDROCHLORIDE：建議涵蓋（附表一註五檢體 I 類；只代表定量極限，不代表核准用藥範圍）","006 || 006","0.01* || 0.01*"
"茄科根菜類","派美尼","PYRIMETHANIL","其他梨果類(李、杏、油桃、桃、梅、梨、櫻桃除外)","PYRIMETHANIL：規則無明文（D 檔標示一般「其他…」列無逐列明文定義；即使另有星號列也不得略過此不確定性）","162","-"
"茄科根菜類","益達胺","IMIDACLOPRID","其他小葉菜類(半結球萵苣、不結球萵苣、蒜、蕗蕎及芹菜除外)、其他包葉菜類(結球萵苣除外)、其他豆菜類(毛豆除外)、其他果菜類(甜椒、金針除外)、其他核果類(橄欖除外)、其他根莖菜類(茭白筍、蓮藕、山藥、洋蔥、紅蔥頭、馬鈴薯、黑皮波羅門參、牛蒡、百合鱗莖、竹筍、芋頭、豆薯除外)、其他乾豆類(油菜籽、葵花籽、蓮子、落花生、大豆、芝麻除外)、其他(蔬果類)*、其他(穀類)*、其他(茶類)*","IMIDACLOPRID：規則無明文（D 檔標示一般「其他…」列無逐列明文定義；即使另有星號列也不得略過此不確定性）","156、009、059、157、084、158、159、006、007、008","-"
"茄科根菜類","第滅寧","DELTAMETHRIN","其他根莖菜類(牛蒡、竹筍、洋蔥、胡蘿蔔、黑皮波羅門參、蘿蔔除外)、其他雜糧類(高粱除外)、其他果菜類(金針除外)、其他核果類(橄欖除外)、其他梨果類(桃除外)、其他(蔬果類)*、其他(穀類)*、其他(茶類)*","DELTAMETHRIN：規則無明文（D 檔標示一般「其他…」列無逐列明文定義；即使另有星號列也不得略過此不確定性）","082、052、083、084、085、006、007、008","-"
"茄科根菜類","達特南","DINOTEFURAN","其他瓜果類(西瓜、洋香瓜、香瓜除外)、其他瓜菜類(冬瓜、南瓜、扁蒲、苦瓜、夏南瓜、隼人瓜、絲瓜、越瓜、胡瓜除外)、其他柑桔類(柑桔除外)、其他果菜類(金針、枸杞、秋葵、茄子、甜椒、番茄、辣椒除外)","DINOTEFURAN：規則無明文（D 檔標示一般「其他…」列無逐列明文定義；即使另有星號列也不得略過此不確定性）","064、094、067、095","-"
"茄科根菜類","達滅芬","DIMETHOMORPH","其他小漿果類(草莓、葡萄及蓮霧除外)、其他瓜果類(西瓜、洋香瓜、香瓜除外)、其他瓜菜類(小黃瓜、胡瓜除外)、其他果菜類(番茄、枸杞、茄子、甜椒、辣椒除外)、其他(蔬果類)*、其他(穀類)*、其他(茶類)*","DIMETHOMORPH：規則無明文（D 檔標示一般「其他…」列無逐列明文定義；即使另有星號列也不得略過此不確定性）","092、064、015、093、006、007、008","-"
"茄科根菜類","福多寧","FLUTOLANIL","其他根莖菜類(芋頭、胡蘿蔔除外)、其他(蔬果類)*、其他(穀類)*、其他(茶類)*","FLUTOLANIL：規則無明文（D 檔標示一般「其他…」列無逐列明文定義；即使另有星號列也不得略過此不確定性）","146、006、007、008","-"
"茄科根菜類","賜諾特","SPINETORAM","其他豆菜類(毛豆、菜豆、蠶豆除外)","SPINETORAM：規則無明文（D 檔標示一般「其他…」列無逐列明文定義；即使另有星號列也不得略過此不確定性）","166","-"
"茄科根菜類","賜諾殺","SPINOSAD","其他小葉菜類(不結球萵苣、半結球萵苣、芹菜、青蔥及紫蘇除外)、其他梨果類(蘋果除外)","SPINOSAD：規則無明文（D 檔標示一般「其他…」列無逐列明文定義；即使另有星號列也不得略過此不確定性）","167、168","-"
"茄科根菜類","賽洛寧","LAMBDA-CYHALOTHRIN","其他小葉菜類(蒜除外)、其他核果類(荔枝除外)、其他根莖菜類(山藥、牛蒡、甘藷、芋頭、豆薯、洋蔥、胡蘿蔔、百合鱗莖、紅蔥頭、馬鈴薯、黑皮波羅門參、蒜頭、樹薯、蕎頭、狗尾草根、闊葉大豆根及蘆筍除外)、其他堅果類(胡桃、榛果除外)、其他梨果類(柿除外)、其他(蔬果類)*、其他(穀類)*、其他(茶類)*","LAMBDA-CYHALOTHRIN：規則無明文（D 檔標示一般「其他…」列無逐列明文定義；即使另有星號列也不得略過此不確定性）","068、069、070、071、072、006、007、008","-"
"茄科根菜類","賽滅寧","CYPERMETHRIN","其他包葉菜類(結球萵苣、甘藍、青花菜除外)、其他根莖菜類(豆薯、狗尾草根、洋蔥、甜菜根、闊葉大豆根、蘆筍除外)、其他麥類(大麥、小麥、黑麥、燕麥除外)、其他(蔬果類)*、其他(穀類)*、其他(茶類)*","CYPERMETHRIN：規則無明文（D 檔標示一般「其他…」列無逐列明文定義；即使另有星號列也不得略過此不確定性）","073、074、075、006、007、008","-"
"香瓜茄","畢芬寧","BIFENTHRIN","其他小漿果類(草莓除外)、其他果菜類(金針、洛神葵除外)、其他根莖菜類(山藥除外)、其他(蔬果類)*、其他(穀類)*、其他(茶類)*","BIFENTHRIN：規則無明文（D 檔標示一般「其他…」列無逐列明文定義；即使另有星號列也不得略過此不確定性）","026、027、028、006、007、008","-"
"香椿","克凡派","CHLORFENAPYR","其他瓜果類(洋香瓜除外)、其他小葉菜類(韭菜、茼蒿、菠菜、葉用豌豆除外)、其他(蔬果類)*、其他(穀類)*、其他(茶類)*","CHLORFENAPYR：規則無明文（D 檔標示一般「其他…」列無逐列明文定義；即使另有星號列也不得略過此不確定性）","033、053、006、007、008","-"
"香椿","亞托敏","AZOXYSTROBIN","其他小葉菜類(半結球萵苣、不結球萵苣、芹菜、青蔥、蒜及茼蒿除外)、其他小漿果類(藍莓、覆盆子除外)、其他豆菜類(刀豆、毛豆、花豆(鮮)、扁豆、豇豆(鮮)、萊豆、菜豆、豌豆、樹豆(鮮)、翼豆、蠶豆(鮮)、鷹嘴豆除外)、其他果菜類(枸杞、茄子、甜椒、番茄、辣椒除外)、其他根莖菜類(芋頭、洋蔥、馬鈴薯、甜菜根、人參(鮮)、牛蒡、豆薯、百合鱗莖、紅蔥頭、黑皮波羅門參、蕎頭、薑、蘆筍除外)、其他草木本植物(火龍果花、菊花除外)、其他堅果類(杏仁、開心果除外)、其他(蔬果類)*、其他(穀類)*、其他(茶類)*","AZOXYSTROBIN：規則無明文（D 檔標示一般「其他…」列無逐列明文定義；即使另有星號列也不得略過此不確定性）","017、018、019、020、021、022、023、006、007、008","-"
"香椿","硫敵克","THIODICARB","其他小葉菜類(芹菜除外)、其他包葉菜類(甘藍、青花菜及結球萵苣除外)、其他(蔬果類)*、其他(穀類)*、其他(茶類)*","THIODICARB：規則無明文（D 檔標示一般「其他…」列無逐列明文定義；即使另有星號列也不得略過此不確定性）","004、109、006、007、008","-"
"香蕉","芬普寧","FENPROPATHRIN","其他大漿果類(番荔枝除外)、其他莓(草莓除外)、其他柑桔類(柳橙、葡萄柚、檸檬除外)、其他梨果類﹙李、油桃、桃、蘋果及櫻桃除外﹚、其他(蔬果類)*、其他(穀類)*、其他(茶類)*","FENPROPATHRIN：規則無明文（D 檔標示一般「其他…」列無逐列明文定義；即使另有星號列也不得略過此不確定性）","135、034、136、137、006、007、008","-"
"香蕉","撲馬松","MALATHION","其他大漿果類(番荔枝、黃金果及榴槤蜜除外)、其他果菜類(金針除外)、其他(蔬果類)*、其他(穀類)*、其他(茶類)*","MALATHION：規則無明文（D 檔標示一般「其他…」列無逐列明文定義；即使另有星號列也不得略過此不確定性）","118、083、006、007、008","-"
"唇形花科小葉菜類","益達胺","IMIDACLOPRID","其他小葉菜類(半結球萵苣、不結球萵苣、蒜、蕗蕎及芹菜除外)、其他包葉菜類(結球萵苣除外)、其他豆菜類(毛豆除外)、其他果菜類(甜椒、金針除外)、其他核果類(橄欖除外)、其他根莖菜類(茭白筍、蓮藕、山藥、洋蔥、紅蔥頭、馬鈴薯、黑皮波羅門參、牛蒡、百合鱗莖、竹筍、芋頭、豆薯除外)、其他乾豆類(油菜籽、葵花籽、蓮子、落花生、大豆、芝麻除外)、其他(蔬果類)*、其他(穀類)*、其他(茶類)*","IMIDACLOPRID：規則無明文（D 檔標示一般「其他…」列無逐列明文定義；即使另有星號列也不得略過此不確定性）","156、009、059、157、084、158、159、006、007、008","-"
"根菜類","賽洛寧","LAMBDA-CYHALOTHRIN","其他小葉菜類(蒜除外)、其他核果類(荔枝除外)、其他根莖菜類(山藥、牛蒡、甘藷、芋頭、豆薯、洋蔥、胡蘿蔔、百合鱗莖、紅蔥頭、馬鈴薯、黑皮波羅門參、蒜頭、樹薯、蕎頭、狗尾草根、闊葉大豆根及蘆筍除外)、其他堅果類(胡桃、榛果除外)、其他梨果類(柿除外)、其他(蔬果類)*、其他(穀類)*、其他(茶類)*","LAMBDA-CYHALOTHRIN：規則無明文（D 檔標示一般「其他…」列無逐列明文定義；即使另有星號列也不得略過此不確定性）","068、069、070、071、072、006、007、008","-"
"桃","克收欣","KRESOXIM-METHYL","其他小漿果類(草莓、番石榴除外)、其他梨果類(柿除外)、其他(蔬果類)*、其他(穀類)*、其他(茶類)*","KRESOXIM-METHYL：規則無明文（D 檔標示一般「其他…」列無逐列明文定義；即使另有星號列也不得略過此不確定性）","117、072、006、007、008","-"
"桃","菲克利","HEXACONAZOLE","其他梨果類(印度棗除外)、其他(蔬果類)*、其他(穀類)*、其他(茶類)*","HEXACONAZOLE：規則無明文（D 檔標示一般「其他…」列無逐列明文定義；即使另有星號列也不得略過此不確定性）","152、006、007、008","-"
"桃","菲克利腐絕","HEXACONAZOLE","其他梨果類(印度棗除外)、其他(蔬果類)*、其他(穀類)*、其他(茶類)*","HEXACONAZOLE：規則無明文（D 檔標示一般「其他…」列無逐列明文定義；即使另有星號列也不得略過此不確定性）","152、006、007、008","-"
"桑樹","芬殺松","FENTHION","其他(蔬果類)*、其他(穀類)*、其他(茶類)*","FENTHION：建議涵蓋（附表一註五檢體 I 類；只代表定量極限，不代表核准用藥範圍）","006","0.01*"
"桑樹","速殺氟","SULFOXAFLOR","其他十字花科包葉菜類(花椰菜除外)、其他根莖菜類(蒜頭、洋蔥、胡蘿蔔除外)、其他乾豆類(棉籽、油菜籽除外)","SULFOXAFLOR：規則無明文（D 檔標示一般「其他…」列無逐列明文定義；即使另有星號列也不得略過此不確定性）","097、098、099","-"
"桑樹","達特南","DINOTEFURAN","其他瓜果類(西瓜、洋香瓜、香瓜除外)、其他瓜菜類(冬瓜、南瓜、扁蒲、苦瓜、夏南瓜、隼人瓜、絲瓜、越瓜、胡瓜除外)、其他柑桔類(柑桔除外)、其他果菜類(金針、枸杞、秋葵、茄子、甜椒、番茄、辣椒除外)","DINOTEFURAN：規則無明文（D 檔標示一般「其他…」列無逐列明文定義；即使另有星號列也不得略過此不確定性）","064、094、067、095","-"
"桑樹","賜諾特","SPINETORAM","其他豆菜類(毛豆、菜豆、蠶豆除外)","SPINETORAM：規則無明文（D 檔標示一般「其他…」列無逐列明文定義；即使另有星號列也不得略過此不確定性）","166","-"
"珠蔥","白列克敏","BOSCALID","其他瓜菜類(南瓜、小黃瓜、胡瓜除外)、其他(蔬果類)*、其他(穀類)*、其他(茶類)*","BOSCALID：規則無明文（D 檔標示一般「其他…」列無逐列明文定義；即使另有星號列也不得略過此不確定性）","029、006、007、008","-"
"珠蔥","克凡派","CHLORFENAPYR","其他瓜果類(洋香瓜除外)、其他小葉菜類(韭菜、茼蒿、菠菜、葉用豌豆除外)、其他(蔬果類)*、其他(穀類)*、其他(茶類)*","CHLORFENAPYR：規則無明文（D 檔標示一般「其他…」列無逐列明文定義；即使另有星號列也不得略過此不確定性）","033、053、006、007、008","-"
"珠蔥","亞滅培","ACETAMIPRID","其他小漿果類(草莓、番石榴、楊桃、葡萄、蓮霧除外)、其他瓜菜類(小黃瓜、冬瓜、南瓜、扁蒲、胡瓜、苦瓜、夏南瓜、隼人瓜、絲瓜、越瓜除外)、其他豆菜類(刀豆、毛豆、花豆(鮮)、扁豆、豇豆(鮮)、菜豆、萊豆、豌豆、樹豆(鮮)、翼豆、蠶豆(鮮)、鷹嘴豆除外)、其他果菜類(枸杞、秋葵、茄子、甜椒、番茄、辣椒除外)、其他(蔬果類)*、其他(穀類)*、其他(茶類)*","ACETAMIPRID：規則無明文（D 檔標示一般「其他…」列無逐列明文定義；即使另有星號列也不得略過此不確定性）","011、012、013、014、006、007、008","-"
"珠蔥","待克利","DIFENOCONAZOLE","其他十字花科包葉菜類(甘藍、抱子甘藍、花椰菜除外)、其他梨果類(柿、桃、梨、櫻桃、蘋果除外)、其他堅果類(杏仁、美洲湖桃除外)、其他(蔬果類)*、其他(穀類)*、其他(茶類)*","DIFENOCONAZOLE：規則無明文（D 檔標示一般「其他…」列無逐列明文定義；即使另有星號列也不得略過此不確定性）","088、089、090、006、007、008","-"
"珠蔥","得芬諾","TEBUFENOZIDE","其他小葉菜類(茼蒿除外)、其他梨果類(柿除外)、其他(蔬果類)*、其他(穀類)*、其他(茶類)*","TEBUFENOZIDE：規則無明文（D 檔標示一般「其他…」列無逐列明文定義；即使另有星號列也不得略過此不確定性）","101、072、006、007、008","-"
"珠蔥","賽滅淨","CYROMAZINE","其他小葉菜類(?結球萵苣、半結球萵苣、芹菜、青蔥、菠菜、茼蒿除外)、其他豆菜類(萊豆除外)、其他包葉菜類(結球萵苣除外)、其他果菜類(甜椒、茄子、枸杞、番茄、辣椒除外)","CYROMAZINE：規則無明文（D 檔標示一般「其他…」列無逐列明文定義；即使另有星號列也不得略過此不確定性）","079、080、009、081","-"
"茭白筍","益滅松","PHOSMET","其他根莖菜類(馬鈴薯除外)、其他(蔬果類)*、其他(穀類)*、其他(茶類)*","PHOSMET：規則無明文（D 檔標示一般「其他…」列無逐列明文定義；即使另有星號列也不得略過此不確定性）","103、006、007、008","-"
"茭白筍","速殺氟","SULFOXAFLOR","其他十字花科包葉菜類(花椰菜除外)、其他根莖菜類(蒜頭、洋蔥、胡蘿蔔除外)、其他乾豆類(棉籽、油菜籽除外)","SULFOXAFLOR：規則無明文（D 檔標示一般「其他…」列無逐列明文定義；即使另有星號列也不得略過此不確定性）","097、098、099","-"
"草莓","可尼丁","CLOTHIANIDIN","其他小葉菜類(菠菜、十字花科小葉菜類、山茼蒿、不結球萵苣、半結球萵苣、白鳳菜、芳香萬壽菊、芹菜、青蔥、紅鳳菜、茼蒿、葉用甘藷、葉用豌豆、蕹菜、闊包菊、羅勒除外)、其他小漿果類(番石榴、葡萄、蓮霧除外)、其他瓜果類(西瓜、洋香瓜、香瓜除外)、其他瓜菜類(小黃瓜、冬瓜、南瓜、扁蒲、胡瓜、苦瓜、夏南瓜、隼人瓜、絲瓜、越瓜除外)、其他豆菜類(刀豆、毛豆、花豆(鮮)、扁豆、豇豆(鮮)、菜豆、萊豆、豌豆、樹豆(鮮)、翼豆、蠶豆(鮮)、鷹嘴豆除外)、其他果菜類(番茄除外)、其他梨果類(印度棗、李、杏、枇杷、油桃、柿、紅棗、桃、梅、梨、蘋果、櫻桃除外)、其他(蔬果類)*、其他(穀類)*、其他(茶類)*","CLOTHIANIDIN：規則無明文（D 檔標示一般「其他…」列無逐列明文定義；即使另有星號列也不得略過此不確定性）","062、063、064、012、013、065、066、006、007、008","-"
"草莓","亞托敏","AZOXYSTROBIN","其他小葉菜類(半結球萵苣、不結球萵苣、芹菜、青蔥、蒜及茼蒿除外)、其他小漿果類(藍莓、覆盆子除外)、其他豆菜類(刀豆、毛豆、花豆(鮮)、扁豆、豇豆(鮮)、萊豆、菜豆、豌豆、樹豆(鮮)、翼豆、蠶豆(鮮)、鷹嘴豆除外)、其他果菜類(枸杞、茄子、甜椒、番茄、辣椒除外)、其他根莖菜類(芋頭、洋蔥、馬鈴薯、甜菜根、人參(鮮)、牛蒡、豆薯、百合鱗莖、紅蔥頭、黑皮波羅門參、蕎頭、薑、蘆筍除外)、其他草木本植物(火龍果花、菊花除外)、其他堅果類(杏仁、開心果除外)、其他(蔬果類)*、其他(穀類)*、其他(茶類)*","AZOXYSTROBIN：規則無明文（D 檔標示一般「其他…」列無逐列明文定義；即使另有星號列也不得略過此不確定性）","017、018、019、020、021、022、023、006、007、008","-"
"草莓","芬化利","FENVALERATE","其他小漿果類(楊桃除外)、其他根莖菜類(胡蘿蔔除外)、其他(蔬果類)*、其他(穀類)*、其他(茶類)*","FENVALERATE：規則無明文（D 檔標示一般「其他…」列無逐列明文定義；即使另有星號列也不得略過此不確定性）","138、086、006、007、008","-"
"草莓","賽速安","THIAMETHOXAM","其他小葉菜類(不結球萵苣、半結球萵苣除外)、其他小漿果類(番石榴、葡萄除外)、其他豆菜類(刀豆、毛豆、花豆、扁豆、豇豆、菜豆、萊豆、豌豆、樹豆、翼豆、蠶豆、鷹嘴豆除外)、其他果菜類(番茄除外)、其他柑桔類(葡萄柚、檸檬除外)、其他梨果類(李、杏、油桃、柿、桃、梅、梨、蘋果、櫻桃除外)、其他(蔬果類)*、其他(穀類)*、其他(茶類)*","THIAMETHOXAM：規則無明文（D 檔標示一般「其他…」列無逐列明文定義；即使另有星號列也不得略過此不確定性）","104、105、106、065、107、108、006、007、008","-"
"草莓","賽速安勃","THIAMETHOXAM","其他小葉菜類(不結球萵苣、半結球萵苣除外)、其他小漿果類(番石榴、葡萄除外)、其他豆菜類(刀豆、毛豆、花豆、扁豆、豇豆、菜豆、萊豆、豌豆、樹豆、翼豆、蠶豆、鷹嘴豆除外)、其他果菜類(番茄除外)、其他柑桔類(葡萄柚、檸檬除外)、其他梨果類(李、杏、油桃、柿、桃、梅、梨、蘋果、櫻桃除外)、其他(蔬果類)*、其他(穀類)*、其他(茶類)*","THIAMETHOXAM：規則無明文（D 檔標示一般「其他…」列無逐列明文定義；即使另有星號列也不得略過此不確定性）","104、105、106、065、107、108、006、007、008","-"
"荔枝","甲基多保淨","THIOPHANATE-METHYL","其他小漿果類(草莓及葡萄除外)、其他果菜類(洛神葵除外)、其他柑桔類(檸檬除外)、其他香辛植物(果實)(胡椒除外)、其他核果類(芒果除外)、其他乾豆類(油菜籽、落花生、大豆除外)、其他堅果類(澳洲胡桃除外)、其他梨果類(印度棗及櫻桃除外)、其他(蔬果類)*、其他(穀類)*、其他(茶類)*","THIOPHANATE-METHYL：規則無明文（D 檔標示一般「其他…」列無逐列明文定義；即使另有星號列也不得略過此不確定性）","035、036、037、038、039、040、041、042、006、007、008","-"
"荔枝","第滅寧","DELTAMETHRIN","其他根莖菜類(牛蒡、竹筍、洋蔥、胡蘿蔔、黑皮波羅門參、蘿蔔除外)、其他雜糧類(高粱除外)、其他果菜類(金針除外)、其他核果類(橄欖除外)、其他梨果類(桃除外)、其他(蔬果類)*、其他(穀類)*、其他(茶類)*","DELTAMETHRIN：規則無明文（D 檔標示一般「其他…」列無逐列明文定義；即使另有星號列也不得略過此不確定性）","082、052、083、084、085、006、007、008","-"
"荔枝","腈硫醌","DITHIANON","其他核果類(芒果除外)","DITHIANON：規則無明文（D 檔標示一般「其他…」列無逐列明文定義；即使另有星號列也不得略過此不確定性）","039","-"
"荔枝","腈硫醌銅","DITHIANON","其他核果類(芒果除外)","DITHIANON：規則無明文（D 檔標示一般「其他…」列無逐列明文定義；即使另有星號列也不得略過此不確定性）","039","-"
"荔枝","嘉賜貝芬","CARBENDAZIM","其他小漿果類(草莓及葡萄除外)、其他果菜類(洛神葵除外)、其他柑桔類(檸檬除外)、其他香辛植物(果實)(胡椒除外)、其他核果類(芒果除外)、其他乾豆類(油菜籽、落花生、大豆除外)、其他堅果類(澳洲胡桃除外)、其他梨果類(印度棗及櫻桃除外)、其他(蔬果類)*、其他(穀類)*、其他(茶類)*","CARBENDAZIM：規則無明文（D 檔標示一般「其他…」列無逐列明文定義；即使另有星號列也不得略過此不確定性）","035、036、037、038、039、040、041、042、006、007、008","-"
"馬鈴薯","四氯異苯腈","CHLOROTHALONIL","其他小葉菜類(十字花科小葉菜類除外)、其他小漿果類(草莓、藍莓除外)、其他乾豆類(落花生除外)、其他根莖菜類(人參(鮮)除外)、其他(蔬果類)*、其他(穀類)*、其他(茶類)*","CHLOROTHALONIL：規則無明文（D 檔標示一般「其他…」列無逐列明文定義；即使另有星號列也不得略過此不確定性）","055、056、057、058、006、007、008","-"
"馬鈴薯","芬化利","FENVALERATE","其他小漿果類(楊桃除外)、其他根莖菜類(胡蘿蔔除外)、其他(蔬果類)*、其他(穀類)*、其他(茶類)*","FENVALERATE：規則無明文（D 檔標示一般「其他…」列無逐列明文定義；即使另有星號列也不得略過此不確定性）","138、086、006、007、008","-"
"馬鈴薯","第滅寧","DELTAMETHRIN","其他根莖菜類(牛蒡、竹筍、洋蔥、胡蘿蔔、黑皮波羅門參、蘿蔔除外)、其他雜糧類(高粱除外)、其他果菜類(金針除外)、其他核果類(橄欖除外)、其他梨果類(桃除外)、其他(蔬果類)*、其他(穀類)*、其他(茶類)*","DELTAMETHRIN：規則無明文（D 檔標示一般「其他…」列無逐列明文定義；即使另有星號列也不得略過此不確定性）","082、052、083、084、085、006、007、008","-"
"馬鈴薯","速殺氟","SULFOXAFLOR","其他十字花科包葉菜類(花椰菜除外)、其他根莖菜類(蒜頭、洋蔥、胡蘿蔔除外)、其他乾豆類(棉籽、油菜籽除外)","SULFOXAFLOR：規則無明文（D 檔標示一般「其他…」列無逐列明文定義；即使另有星號列也不得略過此不確定性）","097、098、099","-"
"高粱","氟芬隆","FLUFENOXURON","其他(蔬果類)*、其他(穀類)*、其他(茶類)*","FLUFENOXURON：建議涵蓋（附表一註五檢體 II 類；只代表定量極限，不代表核准用藥範圍）","007","0.02*"
"高粱","硫敵克","THIODICARB","其他小葉菜類(芹菜除外)、其他包葉菜類(甘藍、青花菜及結球萵苣除外)、其他(蔬果類)*、其他(穀類)*、其他(茶類)*","THIODICARB：規則無明文（D 檔標示一般「其他…」列無逐列明文定義；即使另有星號列也不得略過此不確定性）","004、109、006、007、008","-"
"高粱","賽速安","THIAMETHOXAM","其他小葉菜類(不結球萵苣、半結球萵苣除外)、其他小漿果類(番石榴、葡萄除外)、其他豆菜類(刀豆、毛豆、花豆、扁豆、豇豆、菜豆、萊豆、豌豆、樹豆、翼豆、蠶豆、鷹嘴豆除外)、其他果菜類(番茄除外)、其他柑桔類(葡萄柚、檸檬除外)、其他梨果類(李、杏、油桃、柿、桃、梅、梨、蘋果、櫻桃除外)、其他(蔬果類)*、其他(穀類)*、其他(茶類)*","THIAMETHOXAM：規則無明文（D 檔標示一般「其他…」列無逐列明文定義；即使另有星號列也不得略過此不確定性）","104、105、106、065、107、108、006、007、008","-"
"乾豆類","新殺蟎","BROMOPROPYLATE","其他瓜果類(西瓜除外)、其他梨果類(枇杷除外)、其他(蔬果類)*、其他(穀類)*、其他(茶類)*","BROMOPROPYLATE：規則無明文（D 檔標示一般「其他…」列無逐列明文定義；即使另有星號列也不得略過此不確定性）","030、031、006、007、008","-"
"婆羅門參","達滅芬","DIMETHOMORPH","其他小漿果類(草莓、葡萄及蓮霧除外)、其他瓜果類(西瓜、洋香瓜、香瓜除外)、其他瓜菜類(小黃瓜、胡瓜除外)、其他果菜類(番茄、枸杞、茄子、甜椒、辣椒除外)、其他(蔬果類)*、其他(穀類)*、其他(茶類)*","DIMETHOMORPH：規則無明文（D 檔標示一般「其他…」列無逐列明文定義；即使另有星號列也不得略過此不確定性）","092、064、015、093、006、007、008","-"
"婆羅門參","鋅錳克絕","CYMOXANIL","其他小漿果類(草莓除外)、其他(蔬果類)*、其他(穀類)*、其他(茶類)*","CYMOXANIL：規則無明文（D 檔標示一般「其他…」列無逐列明文定義；即使另有星號列也不得略過此不確定性）","026、006、007、008","-"
"旋花科小葉菜類","百克敏","PYRACLOSTROBIN","其他乾豆類(落花生、小扁豆、菜豆、大豆、葵花籽、豌豆除外)、其他堅果類(開心果除外)、其他(蔬果類)*、其他(穀類)*、其他(茶類)*、其他十字花科小葉菜類(芥菜除外)","PYRACLOSTROBIN：規則無明文（D 檔標示一般「其他…」列無逐列明文定義；即使另有星號列也不得略過此不確定性）","160、161、006、007、008、181","-"
"旋花科小葉菜類","克凡派","CHLORFENAPYR","其他瓜果類(洋香瓜除外)、其他小葉菜類(韭菜、茼蒿、菠菜、葉用豌豆除外)、其他(蔬果類)*、其他(穀類)*、其他(茶類)*","CHLORFENAPYR：規則無明文（D 檔標示一般「其他…」列無逐列明文定義；即使另有星號列也不得略過此不確定性）","033、053、006、007、008","-"
"旋花科小葉菜類","亞托敏","AZOXYSTROBIN","其他小葉菜類(半結球萵苣、不結球萵苣、芹菜、青蔥、蒜及茼蒿除外)、其他小漿果類(藍莓、覆盆子除外)、其他豆菜類(刀豆、毛豆、花豆(鮮)、扁豆、豇豆(鮮)、萊豆、菜豆、豌豆、樹豆(鮮)、翼豆、蠶豆(鮮)、鷹嘴豆除外)、其他果菜類(枸杞、茄子、甜椒、番茄、辣椒除外)、其他根莖菜類(芋頭、洋蔥、馬鈴薯、甜菜根、人參(鮮)、牛蒡、豆薯、百合鱗莖、紅蔥頭、黑皮波羅門參、蕎頭、薑、蘆筍除外)、其他草木本植物(火龍果花、菊花除外)、其他堅果類(杏仁、開心果除外)、其他(蔬果類)*、其他(穀類)*、其他(茶類)*","AZOXYSTROBIN：規則無明文（D 檔標示一般「其他…」列無逐列明文定義；即使另有星號列也不得略過此不確定性）","017、018、019、020、021、022、023、006、007、008","-"
"旋花科小葉菜類","剋安勃","CHLORANTRANILIPROLE","其他十字花科包葉菜類(甘藍、青花菜除外)、其他小葉菜類(十字花科小葉菜類、不結球萵苣、半結球萵苣、芹菜、菠菜、葉用豌豆、白鳳菜、芳香萬壽菊、青蔥、枸杞葉、紅鳳菜、韭菜、韭菜花、韭黃、香椿、茼蒿、蒜、龍鬚菜、闊包菊除外)、其他小漿果類(草莓、黑莓、蔓越莓、藍莓、覆盆子、葡萄除外)、其他瓜果類(洋香瓜、香瓜除外)、其他瓜菜類(胡瓜除外)、其他果菜類(甜椒、番茄、辣椒除外)、其他根莖菜類(胡蘿蔔、豆薯、狗尾草根、闊葉大豆根、蘿蔔除外)、其他堅果類(杏仁、美洲胡桃除外)、其他梨果類(李、杏、油桃、桃、梅、梨、蘋果、櫻桃除外)、其他麥類(大麥、小麥除外)、其他雜糧類(高粱除外)、其他(蔬果類)*、其他(穀類)*、其他(茶類)*","CHLORANTRANILIPROLE：規則無明文（D 檔標示一般「其他…」列無逐列明文定義；即使另有星號列也不得略過此不確定性）","043、044、045、046、047、048、049、050、025、051、052、006、007、008","-"
"旋花科小葉菜類","氟比拔克","FLUOPICOLIDE || PROPAMOCARB HYDROCHLORIDE","其他(蔬果類)*、其他(穀類)*、其他(茶類)* || 其他(蔬果類)*、其他(穀類)*、其他(茶類)*","FLUOPICOLIDE：建議涵蓋（附表一註五檢體 I 類；只代表定量極限，不代表核准用藥範圍） || PROPAMOCARB HYDROCHLORIDE：建議涵蓋（附表一註五檢體 I 類；只代表定量極限，不代表核准用藥範圍）","006 || 006","0.01* || 0.01*"
"旋花科小葉菜類","益達胺","IMIDACLOPRID","其他小葉菜類(半結球萵苣、不結球萵苣、蒜、蕗蕎及芹菜除外)、其他包葉菜類(結球萵苣除外)、其他豆菜類(毛豆除外)、其他果菜類(甜椒、金針除外)、其他核果類(橄欖除外)、其他根莖菜類(茭白筍、蓮藕、山藥、洋蔥、紅蔥頭、馬鈴薯、黑皮波羅門參、牛蒡、百合鱗莖、竹筍、芋頭、豆薯除外)、其他乾豆類(油菜籽、葵花籽、蓮子、落花生、大豆、芝麻除外)、其他(蔬果類)*、其他(穀類)*、其他(茶類)*","IMIDACLOPRID：規則無明文（D 檔標示一般「其他…」列無逐列明文定義；即使另有星號列也不得略過此不確定性）","156、009、059、157、084、158、159、006、007、008","-"
"旋花科小葉菜類","硫敵克","THIODICARB","其他小葉菜類(芹菜除外)、其他包葉菜類(甘藍、青花菜及結球萵苣除外)、其他(蔬果類)*、其他(穀類)*、其他(茶類)*","THIODICARB：規則無明文（D 檔標示一般「其他…」列無逐列明文定義；即使另有星號列也不得略過此不確定性）","004、109、006、007、008","-"
"旋花科小葉菜類","達滅芬","DIMETHOMORPH","其他小漿果類(草莓、葡萄及蓮霧除外)、其他瓜果類(西瓜、洋香瓜、香瓜除外)、其他瓜菜類(小黃瓜、胡瓜除外)、其他果菜類(番茄、枸杞、茄子、甜椒、辣椒除外)、其他(蔬果類)*、其他(穀類)*、其他(茶類)*","DIMETHOMORPH：規則無明文（D 檔標示一般「其他…」列無逐列明文定義；即使另有星號列也不得略過此不確定性）","092、064、015、093、006、007、008","-"
"旋花科小葉菜類","賜派滅","SPIROTETRAMAT","其他十字花科包葉菜類(甘藍除外)、其他小葉菜類(十字花科小葉菜類、芹菜除外)、其他乾豆類(棉籽、大豆除外)、其他梨果類(印度棗、李、杏、枇杷、油桃、紅棗、桃、梅、梨、櫻桃除外)","SPIROTETRAMAT：規則無明文（D 檔標示一般「其他…」列無逐列明文定義；即使另有星號列也不得略過此不確定性）","115、169、170、171","-"
"旋花科小葉菜類","賽速安","THIAMETHOXAM","其他小葉菜類(不結球萵苣、半結球萵苣除外)、其他小漿果類(番石榴、葡萄除外)、其他豆菜類(刀豆、毛豆、花豆、扁豆、豇豆、菜豆、萊豆、豌豆、樹豆、翼豆、蠶豆、鷹嘴豆除外)、其他果菜類(番茄除外)、其他柑桔類(葡萄柚、檸檬除外)、其他梨果類(李、杏、油桃、柿、桃、梅、梨、蘋果、櫻桃除外)、其他(蔬果類)*、其他(穀類)*、其他(茶類)*","THIAMETHOXAM：規則無明文（D 檔標示一般「其他…」列無逐列明文定義；即使另有星號列也不得略過此不確定性）","104、105、106、065、107、108、006、007、008","-"
"旋花科小葉菜類","賽滅淨","CYROMAZINE","其他小葉菜類(?結球萵苣、半結球萵苣、芹菜、青蔥、菠菜、茼蒿除外)、其他豆菜類(萊豆除外)、其他包葉菜類(結球萵苣除外)、其他果菜類(甜椒、茄子、枸杞、番茄、辣椒除外)","CYROMAZINE：規則無明文（D 檔標示一般「其他…」列無逐列明文定義；即使另有星號列也不得略過此不確定性）","079、080、009、081","-"
"旋花科根菜類","百克敏","PYRACLOSTROBIN","其他乾豆類(落花生、小扁豆、菜豆、大豆、葵花籽、豌豆除外)、其他堅果類(開心果除外)、其他(蔬果類)*、其他(穀類)*、其他(茶類)*、其他十字花科小葉菜類(芥菜除外)","PYRACLOSTROBIN：規則無明文（D 檔標示一般「其他…」列無逐列明文定義；即使另有星號列也不得略過此不確定性）","160、161、006、007、008、181","-"
"旋花科根菜類","佈飛百滅寧","PERMETHRIN","其他包葉菜類(甘藍及結球萵苣除外)、其他根莖菜類(蘆筍除外)、其他乾豆類(棉籽、葵花籽除外)、其他(蔬果類)*、其他(穀類)*、其他(茶類)*","PERMETHRIN：規則無明文（D 檔標示一般「其他…」列無逐列明文定義；即使另有星號列也不得略過此不確定性）","174、173、175、006、007、008","-"
"旋花科根菜類","芬化利","FENVALERATE","其他小漿果類(楊桃除外)、其他根莖菜類(胡蘿蔔除外)、其他(蔬果類)*、其他(穀類)*、其他(茶類)*","FENVALERATE：規則無明文（D 檔標示一般「其他…」列無逐列明文定義；即使另有星號列也不得略過此不確定性）","138、086、006、007、008","-"
"旋花科根菜類","剋安勃","CHLORANTRANILIPROLE","其他十字花科包葉菜類(甘藍、青花菜除外)、其他小葉菜類(十字花科小葉菜類、不結球萵苣、半結球萵苣、芹菜、菠菜、葉用豌豆、白鳳菜、芳香萬壽菊、青蔥、枸杞葉、紅鳳菜、韭菜、韭菜花、韭黃、香椿、茼蒿、蒜、龍鬚菜、闊包菊除外)、其他小漿果類(草莓、黑莓、蔓越莓、藍莓、覆盆子、葡萄除外)、其他瓜果類(洋香瓜、香瓜除外)、其他瓜菜類(胡瓜除外)、其他果菜類(甜椒、番茄、辣椒除外)、其他根莖菜類(胡蘿蔔、豆薯、狗尾草根、闊葉大豆根、蘿蔔除外)、其他堅果類(杏仁、美洲胡桃除外)、其他梨果類(李、杏、油桃、桃、梅、梨、蘋果、櫻桃除外)、其他麥類(大麥、小麥除外)、其他雜糧類(高粱除外)、其他(蔬果類)*、其他(穀類)*、其他(茶類)*","CHLORANTRANILIPROLE：規則無明文（D 檔標示一般「其他…」列無逐列明文定義；即使另有星號列也不得略過此不確定性）","043、044、045、046、047、048、049、050、025、051、052、006、007、008","-"
"旋花科根菜類","氟比拔克","FLUOPICOLIDE || PROPAMOCARB HYDROCHLORIDE","其他(蔬果類)*、其他(穀類)*、其他(茶類)* || 其他(蔬果類)*、其他(穀類)*、其他(茶類)*","FLUOPICOLIDE：建議涵蓋（附表一註五檢體 I 類；只代表定量極限，不代表核准用藥範圍） || PROPAMOCARB HYDROCHLORIDE：建議涵蓋（附表一註五檢體 I 類；只代表定量極限，不代表核准用藥範圍）","006 || 006","0.01* || 0.01*"
"旋花科根菜類","益達胺","IMIDACLOPRID","其他小葉菜類(半結球萵苣、不結球萵苣、蒜、蕗蕎及芹菜除外)、其他包葉菜類(結球萵苣除外)、其他豆菜類(毛豆除外)、其他果菜類(甜椒、金針除外)、其他核果類(橄欖除外)、其他根莖菜類(茭白筍、蓮藕、山藥、洋蔥、紅蔥頭、馬鈴薯、黑皮波羅門參、牛蒡、百合鱗莖、竹筍、芋頭、豆薯除外)、其他乾豆類(油菜籽、葵花籽、蓮子、落花生、大豆、芝麻除外)、其他(蔬果類)*、其他(穀類)*、其他(茶類)*","IMIDACLOPRID：規則無明文（D 檔標示一般「其他…」列無逐列明文定義；即使另有星號列也不得略過此不確定性）","156、009、059、157、084、158、159、006、007、008","-"
"旋花科根菜類","達滅芬","DIMETHOMORPH","其他小漿果類(草莓、葡萄及蓮霧除外)、其他瓜果類(西瓜、洋香瓜、香瓜除外)、其他瓜菜類(小黃瓜、胡瓜除外)、其他果菜類(番茄、枸杞、茄子、甜椒、辣椒除外)、其他(蔬果類)*、其他(穀類)*、其他(茶類)*","DIMETHOMORPH：規則無明文（D 檔標示一般「其他…」列無逐列明文定義；即使另有星號列也不得略過此不確定性）","092、064、015、093、006、007、008","-"
"旋花科根菜類","賽滅寧","CYPERMETHRIN","其他包葉菜類(結球萵苣、甘藍、青花菜除外)、其他根莖菜類(豆薯、狗尾草根、洋蔥、甜菜根、闊葉大豆根、蘆筍除外)、其他麥類(大麥、小麥、黑麥、燕麥除外)、其他(蔬果類)*、其他(穀類)*、其他(茶類)*","CYPERMETHRIN：規則無明文（D 檔標示一般「其他…」列無逐列明文定義；即使另有星號列也不得略過此不確定性）","073、074、075、006、007、008","-"
"梅","三氟派瑞","FLUOPYRAM","其他乾豆類(落花生、豇豆、油菜籽除外)、其他梨果類(桃、櫻桃除外)","FLUOPYRAM：規則無明文（D 檔標示一般「其他…」列無逐列明文定義；即使另有星號列也不得略過此不確定性）","144、145","-"
"梅","克收欣","KRESOXIM-METHYL","其他小漿果類(草莓、番石榴除外)、其他梨果類(柿除外)、其他(蔬果類)*、其他(穀類)*、其他(茶類)*","KRESOXIM-METHYL：規則無明文（D 檔標示一般「其他…」列無逐列明文定義；即使另有星號列也不得略過此不確定性）","117、072、006、007、008","-"
"梅","芬瑞莫","FENARIMOL","其他梨果類(櫻桃除外)、其他(蔬果類)*、其他(穀類)*、其他(茶類)*","FENARIMOL：規則無明文（D 檔標示一般「其他…」列無逐列明文定義；即使另有星號列也不得略過此不確定性）","131、006、007、008","-"
"梅","待克利","DIFENOCONAZOLE","其他十字花科包葉菜類(甘藍、抱子甘藍、花椰菜除外)、其他梨果類(柿、桃、梨、櫻桃、蘋果除外)、其他堅果類(杏仁、美洲湖桃除外)、其他(蔬果類)*、其他(穀類)*、其他(茶類)*","DIFENOCONAZOLE：規則無明文（D 檔標示一般「其他…」列無逐列明文定義；即使另有星號列也不得略過此不確定性）","088、089、090、006、007、008","-"
"梅","賽洛寧","LAMBDA-CYHALOTHRIN","其他小葉菜類(蒜除外)、其他核果類(荔枝除外)、其他根莖菜類(山藥、牛蒡、甘藷、芋頭、豆薯、洋蔥、胡蘿蔔、百合鱗莖、紅蔥頭、馬鈴薯、黑皮波羅門參、蒜頭、樹薯、蕎頭、狗尾草根、闊葉大豆根及蘆筍除外)、其他堅果類(胡桃、榛果除外)、其他梨果類(柿除外)、其他(蔬果類)*、其他(穀類)*、其他(茶類)*","LAMBDA-CYHALOTHRIN：規則無明文（D 檔標示一般「其他…」列無逐列明文定義；即使另有星號列也不得略過此不確定性）","068、069、070、071、072、006、007、008","-"
"梅","邁克尼","MYCLOBUTANIL","其他小漿果類(葡萄除外)、其他梨果類(李、油桃、桃、櫻桃及梨除外)、其他(蔬果類)*、其他(穀類)*、其他(茶類)*","MYCLOBUTANIL：規則無明文（D 檔標示一般「其他…」列無逐列明文定義；即使另有星號列也不得略過此不確定性）","126、127、006、007、008","-"
"梨","亞賜圃","ISOPROTHIOLANE","其他(蔬果類)*、其他(穀類)*、其他(茶類)*","ISOPROTHIOLANE：建議涵蓋（附表一註五檢體 I 類；只代表定量極限，不代表核准用藥範圍）","006","0.01*"
"甜椒","畢芬寧","BIFENTHRIN","其他小漿果類(草莓除外)、其他果菜類(金針、洛神葵除外)、其他根莖菜類(山藥除外)、其他(蔬果類)*、其他(穀類)*、其他(茶類)*","BIFENTHRIN：規則無明文（D 檔標示一般「其他…」列無逐列明文定義；即使另有星號列也不得略過此不確定性）","026、027、028、006、007、008","-"
"莧科小葉菜類","亞托敏","AZOXYSTROBIN","其他小葉菜類(半結球萵苣、不結球萵苣、芹菜、青蔥、蒜及茼蒿除外)、其他小漿果類(藍莓、覆盆子除外)、其他豆菜類(刀豆、毛豆、花豆(鮮)、扁豆、豇豆(鮮)、萊豆、菜豆、豌豆、樹豆(鮮)、翼豆、蠶豆(鮮)、鷹嘴豆除外)、其他果菜類(枸杞、茄子、甜椒、番茄、辣椒除外)、其他根莖菜類(芋頭、洋蔥、馬鈴薯、甜菜根、人參(鮮)、牛蒡、豆薯、百合鱗莖、紅蔥頭、黑皮波羅門參、蕎頭、薑、蘆筍除外)、其他草木本植物(火龍果花、菊花除外)、其他堅果類(杏仁、開心果除外)、其他(蔬果類)*、其他(穀類)*、其他(茶類)*","AZOXYSTROBIN：規則無明文（D 檔標示一般「其他…」列無逐列明文定義；即使另有星號列也不得略過此不確定性）","017、018、019、020、021、022、023、006、007、008","-"
"莧科小葉菜類","賽滅淨","CYROMAZINE","其他小葉菜類(?結球萵苣、半結球萵苣、芹菜、青蔥、菠菜、茼蒿除外)、其他豆菜類(萊豆除外)、其他包葉菜類(結球萵苣除外)、其他果菜類(甜椒、茄子、枸杞、番茄、辣椒除外)","CYROMAZINE：規則無明文（D 檔標示一般「其他…」列無逐列明文定義；即使另有星號列也不得略過此不確定性）","079、080、009、081","-"
"莧菜","克凡派","CHLORFENAPYR","其他瓜果類(洋香瓜除外)、其他小葉菜類(韭菜、茼蒿、菠菜、葉用豌豆除外)、其他(蔬果類)*、其他(穀類)*、其他(茶類)*","CHLORFENAPYR：規則無明文（D 檔標示一般「其他…」列無逐列明文定義；即使另有星號列也不得略過此不確定性）","033、053、006、007、008","-"
"莧菜","亞托敏","AZOXYSTROBIN","其他小葉菜類(半結球萵苣、不結球萵苣、芹菜、青蔥、蒜及茼蒿除外)、其他小漿果類(藍莓、覆盆子除外)、其他豆菜類(刀豆、毛豆、花豆(鮮)、扁豆、豇豆(鮮)、萊豆、菜豆、豌豆、樹豆(鮮)、翼豆、蠶豆(鮮)、鷹嘴豆除外)、其他果菜類(枸杞、茄子、甜椒、番茄、辣椒除外)、其他根莖菜類(芋頭、洋蔥、馬鈴薯、甜菜根、人參(鮮)、牛蒡、豆薯、百合鱗莖、紅蔥頭、黑皮波羅門參、蕎頭、薑、蘆筍除外)、其他草木本植物(火龍果花、菊花除外)、其他堅果類(杏仁、開心果除外)、其他(蔬果類)*、其他(穀類)*、其他(茶類)*","AZOXYSTROBIN：規則無明文（D 檔標示一般「其他…」列無逐列明文定義；即使另有星號列也不得略過此不確定性）","017、018、019、020、021、022、023、006、007、008","-"
"莧菜","剋安勃","CHLORANTRANILIPROLE","其他十字花科包葉菜類(甘藍、青花菜除外)、其他小葉菜類(十字花科小葉菜類、不結球萵苣、半結球萵苣、芹菜、菠菜、葉用豌豆、白鳳菜、芳香萬壽菊、青蔥、枸杞葉、紅鳳菜、韭菜、韭菜花、韭黃、香椿、茼蒿、蒜、龍鬚菜、闊包菊除外)、其他小漿果類(草莓、黑莓、蔓越莓、藍莓、覆盆子、葡萄除外)、其他瓜果類(洋香瓜、香瓜除外)、其他瓜菜類(胡瓜除外)、其他果菜類(甜椒、番茄、辣椒除外)、其他根莖菜類(胡蘿蔔、豆薯、狗尾草根、闊葉大豆根、蘿蔔除外)、其他堅果類(杏仁、美洲胡桃除外)、其他梨果類(李、杏、油桃、桃、梅、梨、蘋果、櫻桃除外)、其他麥類(大麥、小麥除外)、其他雜糧類(高粱除外)、其他(蔬果類)*、其他(穀類)*、其他(茶類)*","CHLORANTRANILIPROLE：規則無明文（D 檔標示一般「其他…」列無逐列明文定義；即使另有星號列也不得略過此不確定性）","043、044、045、046、047、048、049、050、025、051、052、006、007、008","-"
"莧菜","硫敵克","THIODICARB","其他小葉菜類(芹菜除外)、其他包葉菜類(甘藍、青花菜及結球萵苣除外)、其他(蔬果類)*、其他(穀類)*、其他(茶類)*","THIODICARB：規則無明文（D 檔標示一般「其他…」列無逐列明文定義；即使另有星號列也不得略過此不確定性）","004、109、006、007、008","-"
"莧菜","福賽得","FOSETYL-AL","其他小葉菜類(不結球萵苣、半結球萵苣、羽衣甘藍及蕹菜除外)、其他小漿果類(草莓除外)","FOSETYL-AL：規則無明文（D 檔標示一般「其他…」列無逐列明文定義；即使另有星號列也不得略過此不確定性）","149、026","-"
"莧菜","賽洛寧","LAMBDA-CYHALOTHRIN","其他小葉菜類(蒜除外)、其他核果類(荔枝除外)、其他根莖菜類(山藥、牛蒡、甘藷、芋頭、豆薯、洋蔥、胡蘿蔔、百合鱗莖、紅蔥頭、馬鈴薯、黑皮波羅門參、蒜頭、樹薯、蕎頭、狗尾草根、闊葉大豆根及蘆筍除外)、其他堅果類(胡桃、榛果除外)、其他梨果類(柿除外)、其他(蔬果類)*、其他(穀類)*、其他(茶類)*","LAMBDA-CYHALOTHRIN：規則無明文（D 檔標示一般「其他…」列無逐列明文定義；即使另有星號列也不得略過此不確定性）","068、069、070、071、072、006、007、008","-"
"莧菜","賽速安","THIAMETHOXAM","其他小葉菜類(不結球萵苣、半結球萵苣除外)、其他小漿果類(番石榴、葡萄除外)、其他豆菜類(刀豆、毛豆、花豆、扁豆、豇豆、菜豆、萊豆、豌豆、樹豆、翼豆、蠶豆、鷹嘴豆除外)、其他果菜類(番茄除外)、其他柑桔類(葡萄柚、檸檬除外)、其他梨果類(李、杏、油桃、柿、桃、梅、梨、蘋果、櫻桃除外)、其他(蔬果類)*、其他(穀類)*、其他(茶類)*","THIAMETHOXAM：規則無明文（D 檔標示一般「其他…」列無逐列明文定義；即使另有星號列也不得略過此不確定性）","104、105、106、065、107、108、006、007、008","-"
"莧菜","賽速安勃","THIAMETHOXAM || CHLORANTRANILIPROLE","其他小葉菜類(不結球萵苣、半結球萵苣除外)、其他小漿果類(番石榴、葡萄除外)、其他豆菜類(刀豆、毛豆、花豆、扁豆、豇豆、菜豆、萊豆、豌豆、樹豆、翼豆、蠶豆、鷹嘴豆除外)、其他果菜類(番茄除外)、其他柑桔類(葡萄柚、檸檬除外)、其他梨果類(李、杏、油桃、柿、桃、梅、梨、蘋果、櫻桃除外)、其他(蔬果類)*、其他(穀類)*、其他(茶類)* || 其他十字花科包葉菜類(甘藍、青花菜除外)、其他小葉菜類(十字花科小葉菜類、不結球萵苣、半結球萵苣、芹菜、菠菜、葉用豌豆、白鳳菜、芳香萬壽菊、青蔥、枸杞葉、紅鳳菜、韭菜、韭菜花、韭黃、香椿、茼蒿、蒜、龍鬚菜、闊包菊除外)、其他小漿果類(草莓、黑莓、蔓越莓、藍莓、覆盆子、葡萄除外)、其他瓜果類(洋香瓜、香瓜除外)、其他瓜菜類(胡瓜除外)、其他果菜類(甜椒、番茄、辣椒除外)、其他根莖菜類(胡蘿蔔、豆薯、狗尾草根、闊葉大豆根、蘿蔔除外)、其他堅果類(杏仁、美洲胡桃除外)、其他梨果類(李、杏、油桃、桃、梅、梨、蘋果、櫻桃除外)、其他麥類(大麥、小麥除外)、其他雜糧類(高粱除外)、其他(蔬果類)*、其他(穀類)*、其他(茶類)*","THIAMETHOXAM：規則無明文（D 檔標示一般「其他…」列無逐列明文定義；即使另有星號列也不得略過此不確定性） || CHLORANTRANILIPROLE：規則無明文（D 檔標示一般「其他…」列無逐列明文定義；即使另有星號列也不得略過此不確定性）","104、105、106、065、107、108、006、007、008 || 043、044、045、046、047、048、049、050、025、051、052、006、007、008","- || -"
"野茄","畢芬寧","BIFENTHRIN","其他小漿果類(草莓除外)、其他果菜類(金針、洛神葵除外)、其他根莖菜類(山藥除外)、其他(蔬果類)*、其他(穀類)*、其他(茶類)*","BIFENTHRIN：規則無明文（D 檔標示一般「其他…」列無逐列明文定義；即使另有星號列也不得略過此不確定性）","026、027、028、006、007、008","-"
"棉","三落松","TRIAZOPHOS","其他(蔬果類)*、其他(穀類)*、其他(茶類)*","TRIAZOPHOS：建議涵蓋（附表一註五檢體 II 類；只代表定量極限，不代表核准用藥範圍）","007","0.02*"
"棉","佈飛松","PROFENOFOS","其他(蔬果類)*、其他(穀類)*、其他(茶類)*","PROFENOFOS：建議涵蓋（附表一註五檢體 II 類；只代表定量極限，不代表核准用藥範圍）","007","0.02*"
"棉","毆殺松","ACEPHATE","其他小葉菜類(芹菜除外)、其他包葉菜類(結球萵苣除外)、其他果菜類(甜椒除外)、其他(蔬果類)*、其他(穀類)*、其他(茶類)*","ACEPHATE：規則無明文（D 檔標示一般「其他…」列無逐列明文定義；即使另有星號列也不得略過此不確定性）","004、009、010、006、007、008","-"
"無花果","凡殺克絕","CYMOXANIL","其他小漿果類(草莓除外)、其他(蔬果類)*、其他(穀類)*、其他(茶類)*","CYMOXANIL：規則無明文（D 檔標示一般「其他…」列無逐列明文定義；即使另有星號列也不得略過此不確定性）","026、006、007、008","-"
"無花果","甲基多保淨","THIOPHANATE-METHYL","其他小漿果類(草莓及葡萄除外)、其他果菜類(洛神葵除外)、其他柑桔類(檸檬除外)、其他香辛植物(果實)(胡椒除外)、其他核果類(芒果除外)、其他乾豆類(油菜籽、落花生、大豆除外)、其他堅果類(澳洲胡桃除外)、其他梨果類(印度棗及櫻桃除外)、其他(蔬果類)*、其他(穀類)*、其他(茶類)*","THIOPHANATE-METHYL：規則無明文（D 檔標示一般「其他…」列無逐列明文定義；即使另有星號列也不得略過此不確定性）","035、036、037、038、039、040、041、042、006、007、008","-"
"無花果","克收欣","KRESOXIM-METHYL","其他小漿果類(草莓、番石榴除外)、其他梨果類(柿除外)、其他(蔬果類)*、其他(穀類)*、其他(茶類)*","KRESOXIM-METHYL：規則無明文（D 檔標示一般「其他…」列無逐列明文定義；即使另有星號列也不得略過此不確定性）","117、072、006、007、008","-"
"無花果","免得爛","METIRAM","其他小漿果類(草莓除外)","METIRAM：規則無明文（D 檔標示一般「其他…」列無逐列明文定義；即使另有星號列也不得略過此不確定性）","026","-"
"無花果","亞托敏","AZOXYSTROBIN","其他小葉菜類(半結球萵苣、不結球萵苣、芹菜、青蔥、蒜及茼蒿除外)、其他小漿果類(藍莓、覆盆子除外)、其他豆菜類(刀豆、毛豆、花豆(鮮)、扁豆、豇豆(鮮)、萊豆、菜豆、豌豆、樹豆(鮮)、翼豆、蠶豆(鮮)、鷹嘴豆除外)、其他果菜類(枸杞、茄子、甜椒、番茄、辣椒除外)、其他根莖菜類(芋頭、洋蔥、馬鈴薯、甜菜根、人參(鮮)、牛蒡、豆薯、百合鱗莖、紅蔥頭、黑皮波羅門參、蕎頭、薑、蘆筍除外)、其他草木本植物(火龍果花、菊花除外)、其他堅果類(杏仁、開心果除外)、其他(蔬果類)*、其他(穀類)*、其他(茶類)*","AZOXYSTROBIN：規則無明文（D 檔標示一般「其他…」列無逐列明文定義；即使另有星號列也不得略過此不確定性）","017、018、019、020、021、022、023、006、007、008","-"
"無花果","得恩地","THIRAM","其他小漿果類(草莓除外)","THIRAM：規則無明文（D 檔標示一般「其他…」列無逐列明文定義；即使另有星號列也不得略過此不確定性）","026","-"
"無花果","達滅克敏","DIMETHOMORPH","其他小漿果類(草莓、葡萄及蓮霧除外)、其他瓜果類(西瓜、洋香瓜、香瓜除外)、其他瓜菜類(小黃瓜、胡瓜除外)、其他果菜類(番茄、枸杞、茄子、甜椒、辣椒除外)、其他(蔬果類)*、其他(穀類)*、其他(茶類)*","DIMETHOMORPH：規則無明文（D 檔標示一般「其他…」列無逐列明文定義；即使另有星號列也不得略過此不確定性）","092、064、015、093、006、007、008","-"
"無花果","福賽快得寧","FOSETYL-AL","其他小葉菜類(不結球萵苣、半結球萵苣、羽衣甘藍及蕹菜除外)、其他小漿果類(草莓除外)","FOSETYL-AL：規則無明文（D 檔標示一般「其他…」列無逐列明文定義；即使另有星號列也不得略過此不確定性）","149、026","-"
"無花果","銅滅達樂","METALAXYL","其他小葉菜類(不結球萵苣、半結球萵苣、芹菜、青蔥及菠菜除外)、其他小漿果類(草莓、葡萄、蔓越莓及藍莓除外)、其他果菜類(甜椒除外)、其他根莖菜類(洋蔥、胡蘿蔔、馬鈴薯、甜菜根及蘿蔔除外)","METALAXYL：規則無明文（D 檔標示一般「其他…」列無逐列明文定義；即使另有星號列也不得略過此不確定性）","120、121、010、122","-"
"無花果","鋅錳乃浦","MANCOZEB","其他小漿果類(草莓除外)","MANCOZEB：規則無明文（D 檔標示一般「其他…」列無逐列明文定義；即使另有星號列也不得略過此不確定性）","026","-"
"番石榴","凡殺克絕","CYMOXANIL","其他小漿果類(草莓除外)、其他(蔬果類)*、其他(穀類)*、其他(茶類)*","CYMOXANIL：規則無明文（D 檔標示一般「其他…」列無逐列明文定義；即使另有星號列也不得略過此不確定性）","026、006、007、008","-"
"番石榴","甲基多保淨","THIOPHANATE-METHYL","其他小漿果類(草莓及葡萄除外)、其他果菜類(洛神葵除外)、其他柑桔類(檸檬除外)、其他香辛植物(果實)(胡椒除外)、其他核果類(芒果除外)、其他乾豆類(油菜籽、落花生、大豆除外)、其他堅果類(澳洲胡桃除外)、其他梨果類(印度棗及櫻桃除外)、其他(蔬果類)*、其他(穀類)*、其他(茶類)*","THIOPHANATE-METHYL：規則無明文（D 檔標示一般「其他…」列無逐列明文定義；即使另有星號列也不得略過此不確定性）","035、036、037、038、039、040、041、042、006、007、008","-"
"番石榴","免得爛","METIRAM","其他小漿果類(草莓除外)","METIRAM：規則無明文（D 檔標示一般「其他…」列無逐列明文定義；即使另有星號列也不得略過此不確定性）","026","-"
"番石榴","亞托敏","AZOXYSTROBIN","其他小葉菜類(半結球萵苣、不結球萵苣、芹菜、青蔥、蒜及茼蒿除外)、其他小漿果類(藍莓、覆盆子除外)、其他豆菜類(刀豆、毛豆、花豆(鮮)、扁豆、豇豆(鮮)、萊豆、菜豆、豌豆、樹豆(鮮)、翼豆、蠶豆(鮮)、鷹嘴豆除外)、其他果菜類(枸杞、茄子、甜椒、番茄、辣椒除外)、其他根莖菜類(芋頭、洋蔥、馬鈴薯、甜菜根、人參(鮮)、牛蒡、豆薯、百合鱗莖、紅蔥頭、黑皮波羅門參、蕎頭、薑、蘆筍除外)、其他草木本植物(火龍果花、菊花除外)、其他堅果類(杏仁、開心果除外)、其他(蔬果類)*、其他(穀類)*、其他(茶類)*","AZOXYSTROBIN：規則無明文（D 檔標示一般「其他…」列無逐列明文定義；即使另有星號列也不得略過此不確定性）","017、018、019、020、021、022、023、006、007、008","-"
"番石榴","固殺草","GLUFOSINATE-AMMONIUM","其他梨果類(柿除外)、其他小漿果類(蓮霧除外)","GLUFOSINATE-AMMONIUM：規則無明文（D 檔標示一般「其他…」列無逐列明文定義；即使另有星號列也不得略過此不確定性）","072、150","-"
"番石榴","得恩地","THIRAM","其他小漿果類(草莓除外)","THIRAM：規則無明文（D 檔標示一般「其他…」列無逐列明文定義；即使另有星號列也不得略過此不確定性）","026","-"
"番石榴","畢芬寧","BIFENTHRIN","其他小漿果類(草莓除外)、其他果菜類(金針、洛神葵除外)、其他根莖菜類(山藥除外)、其他(蔬果類)*、其他(穀類)*、其他(茶類)*","BIFENTHRIN：規則無明文（D 檔標示一般「其他…」列無逐列明文定義；即使另有星號列也不得略過此不確定性）","026、027、028、006、007、008","-"
"番石榴","達滅克敏","DIMETHOMORPH","其他小漿果類(草莓、葡萄及蓮霧除外)、其他瓜果類(西瓜、洋香瓜、香瓜除外)、其他瓜菜類(小黃瓜、胡瓜除外)、其他果菜類(番茄、枸杞、茄子、甜椒、辣椒除外)、其他(蔬果類)*、其他(穀類)*、其他(茶類)*","DIMETHOMORPH：規則無明文（D 檔標示一般「其他…」列無逐列明文定義；即使另有星號列也不得略過此不確定性）","092、064、015、093、006、007、008","-"
"番石榴","福賽快得寧","FOSETYL-AL","其他小葉菜類(不結球萵苣、半結球萵苣、羽衣甘藍及蕹菜除外)、其他小漿果類(草莓除外)","FOSETYL-AL：規則無明文（D 檔標示一般「其他…」列無逐列明文定義；即使另有星號列也不得略過此不確定性）","149、026","-"
"番石榴","鋅錳乃浦","MANCOZEB","其他小漿果類(草莓除外)","MANCOZEB：規則無明文（D 檔標示一般「其他…」列無逐列明文定義；即使另有星號列也不得略過此不確定性）","026","-"
"番石榴","錳乃浦","MANEB","其他小漿果類(草莓除外)","MANEB：規則無明文（D 檔標示一般「其他…」列無逐列明文定義；即使另有星號列也不得略過此不確定性）","026","-"
"番茄","畢芬寧","BIFENTHRIN","其他小漿果類(草莓除外)、其他果菜類(金針、洛神葵除外)、其他根莖菜類(山藥除外)、其他(蔬果類)*、其他(穀類)*、其他(茶類)*","BIFENTHRIN：規則無明文（D 檔標示一般「其他…」列無逐列明文定義；即使另有星號列也不得略過此不確定性）","026、027、028、006、007、008","-"
"番茄","第滅寧","DELTAMETHRIN","其他根莖菜類(牛蒡、竹筍、洋蔥、胡蘿蔔、黑皮波羅門參、蘿蔔除外)、其他雜糧類(高粱除外)、其他果菜類(金針除外)、其他核果類(橄欖除外)、其他梨果類(桃除外)、其他(蔬果類)*、其他(穀類)*、其他(茶類)*","DELTAMETHRIN：規則無明文（D 檔標示一般「其他…」列無逐列明文定義；即使另有星號列也不得略過此不確定性）","082、052、083、084、085、006、007、008","-"
"番茄","鋅錳滅達樂","METALAXYL","其他小葉菜類(不結球萵苣、半結球萵苣、芹菜、青蔥及菠菜除外)、其他小漿果類(草莓、葡萄、蔓越莓及藍莓除外)、其他果菜類(甜椒除外)、其他根莖菜類(洋蔥、胡蘿蔔、馬鈴薯、甜菜根及蘿蔔除外)","METALAXYL：規則無明文（D 檔標示一般「其他…」列無逐列明文定義；即使另有星號列也不得略過此不確定性）","120、121、010、122","-"
"紫蘇","克凡派","CHLORFENAPYR","其他瓜果類(洋香瓜除外)、其他小葉菜類(韭菜、茼蒿、菠菜、葉用豌豆除外)、其他(蔬果類)*、其他(穀類)*、其他(茶類)*","CHLORFENAPYR：規則無明文（D 檔標示一般「其他…」列無逐列明文定義；即使另有星號列也不得略過此不確定性）","033、053、006、007、008","-"
"紫蘇","亞托敏","AZOXYSTROBIN","其他小葉菜類(半結球萵苣、不結球萵苣、芹菜、青蔥、蒜及茼蒿除外)、其他小漿果類(藍莓、覆盆子除外)、其他豆菜類(刀豆、毛豆、花豆(鮮)、扁豆、豇豆(鮮)、萊豆、菜豆、豌豆、樹豆(鮮)、翼豆、蠶豆(鮮)、鷹嘴豆除外)、其他果菜類(枸杞、茄子、甜椒、番茄、辣椒除外)、其他根莖菜類(芋頭、洋蔥、馬鈴薯、甜菜根、人參(鮮)、牛蒡、豆薯、百合鱗莖、紅蔥頭、黑皮波羅門參、蕎頭、薑、蘆筍除外)、其他草木本植物(火龍果花、菊花除外)、其他堅果類(杏仁、開心果除外)、其他(蔬果類)*、其他(穀類)*、其他(茶類)*","AZOXYSTROBIN：規則無明文（D 檔標示一般「其他…」列無逐列明文定義；即使另有星號列也不得略過此不確定性）","017、018、019、020、021、022、023、006、007、008","-"
"紫蘇","剋安勃","CHLORANTRANILIPROLE","其他十字花科包葉菜類(甘藍、青花菜除外)、其他小葉菜類(十字花科小葉菜類、不結球萵苣、半結球萵苣、芹菜、菠菜、葉用豌豆、白鳳菜、芳香萬壽菊、青蔥、枸杞葉、紅鳳菜、韭菜、韭菜花、韭黃、香椿、茼蒿、蒜、龍鬚菜、闊包菊除外)、其他小漿果類(草莓、黑莓、蔓越莓、藍莓、覆盆子、葡萄除外)、其他瓜果類(洋香瓜、香瓜除外)、其他瓜菜類(胡瓜除外)、其他果菜類(甜椒、番茄、辣椒除外)、其他根莖菜類(胡蘿蔔、豆薯、狗尾草根、闊葉大豆根、蘿蔔除外)、其他堅果類(杏仁、美洲胡桃除外)、其他梨果類(李、杏、油桃、桃、梅、梨、蘋果、櫻桃除外)、其他麥類(大麥、小麥除外)、其他雜糧類(高粱除外)、其他(蔬果類)*、其他(穀類)*、其他(茶類)*","CHLORANTRANILIPROLE：規則無明文（D 檔標示一般「其他…」列無逐列明文定義；即使另有星號列也不得略過此不確定性）","043、044、045、046、047、048、049、050、025、051、052、006、007、008","-"
"紫蘇","賽速安","THIAMETHOXAM","其他小葉菜類(不結球萵苣、半結球萵苣除外)、其他小漿果類(番石榴、葡萄除外)、其他豆菜類(刀豆、毛豆、花豆、扁豆、豇豆、菜豆、萊豆、豌豆、樹豆、翼豆、蠶豆、鷹嘴豆除外)、其他果菜類(番茄除外)、其他柑桔類(葡萄柚、檸檬除外)、其他梨果類(李、杏、油桃、柿、桃、梅、梨、蘋果、櫻桃除外)、其他(蔬果類)*、其他(穀類)*、其他(茶類)*","THIAMETHOXAM：規則無明文（D 檔標示一般「其他…」列無逐列明文定義；即使另有星號列也不得略過此不確定性）","104、105、106、065、107、108、006、007、008","-"
"紫蘇","賽速安勃","THIAMETHOXAM || CHLORANTRANILIPROLE","其他小葉菜類(不結球萵苣、半結球萵苣除外)、其他小漿果類(番石榴、葡萄除外)、其他豆菜類(刀豆、毛豆、花豆、扁豆、豇豆、菜豆、萊豆、豌豆、樹豆、翼豆、蠶豆、鷹嘴豆除外)、其他果菜類(番茄除外)、其他柑桔類(葡萄柚、檸檬除外)、其他梨果類(李、杏、油桃、柿、桃、梅、梨、蘋果、櫻桃除外)、其他(蔬果類)*、其他(穀類)*、其他(茶類)* || 其他十字花科包葉菜類(甘藍、青花菜除外)、其他小葉菜類(十字花科小葉菜類、不結球萵苣、半結球萵苣、芹菜、菠菜、葉用豌豆、白鳳菜、芳香萬壽菊、青蔥、枸杞葉、紅鳳菜、韭菜、韭菜花、韭黃、香椿、茼蒿、蒜、龍鬚菜、闊包菊除外)、其他小漿果類(草莓、黑莓、蔓越莓、藍莓、覆盆子、葡萄除外)、其他瓜果類(洋香瓜、香瓜除外)、其他瓜菜類(胡瓜除外)、其他果菜類(甜椒、番茄、辣椒除外)、其他根莖菜類(胡蘿蔔、豆薯、狗尾草根、闊葉大豆根、蘿蔔除外)、其他堅果類(杏仁、美洲胡桃除外)、其他梨果類(李、杏、油桃、桃、梅、梨、蘋果、櫻桃除外)、其他麥類(大麥、小麥除外)、其他雜糧類(高粱除外)、其他(蔬果類)*、其他(穀類)*、其他(茶類)*","THIAMETHOXAM：規則無明文（D 檔標示一般「其他…」列無逐列明文定義；即使另有星號列也不得略過此不確定性） || CHLORANTRANILIPROLE：規則無明文（D 檔標示一般「其他…」列無逐列明文定義；即使另有星號列也不得略過此不確定性）","104、105、106、065、107、108、006、007、008 || 043、044、045、046、047、048、049、050、025、051、052、006、007、008","- || -"
"結球白菜","四氯異苯腈","CHLOROTHALONIL","其他小葉菜類(十字花科小葉菜類除外)、其他小漿果類(草莓、藍莓除外)、其他乾豆類(落花生除外)、其他根莖菜類(人參(鮮)除外)、其他(蔬果類)*、其他(穀類)*、其他(茶類)*","CHLOROTHALONIL：規則無明文（D 檔標示一般「其他…」列無逐列明文定義；即使另有星號列也不得略過此不確定性）","055、056、057、058、006、007、008","-"
"結球白菜","復祿芬","OXYFLUORFEN","其他包葉菜類(朝鮮薊除外)、其他(蔬果類)*、其他(穀類)*、其他(茶類)*","OXYFLUORFEN：規則無明文（D 檔標示一般「其他…」列無逐列明文定義；即使另有星號列也不得略過此不確定性）","172、006、007、008","-"
"結球萵苣","三泰隆","TRIADIMENOL","其他瓜菜類(胡瓜除外)、其他雜糧類(玉米除外)、其他(蔬果類)*、其他(穀類)*、其他(茶類)*","TRIADIMENOL：規則無明文（D 檔標示一般「其他…」列無逐列明文定義；即使另有星號列也不得略過此不確定性）","047、111、006、007、008","-"
"結球萵苣","大克爛","DICLORAN","其他梨果類(油桃、桃除外)、其他(蔬果類)*、其他(穀類)*、其他(茶類)*","DICLORAN：規則無明文（D 檔標示一般「其他…」列無逐列明文定義；即使另有星號列也不得略過此不確定性）","087、006、007、008","-"
"結球萵苣","復祿芬","OXYFLUORFEN","其他包葉菜類(朝鮮薊除外)、其他(蔬果類)*、其他(穀類)*、其他(茶類)*","OXYFLUORFEN：規則無明文（D 檔標示一般「其他…」列無逐列明文定義；即使另有星號列也不得略過此不確定性）","172、006、007、008","-"
"菊科小葉菜類","可尼丁","CLOTHIANIDIN","其他小葉菜類(菠菜、十字花科小葉菜類、山茼蒿、不結球萵苣、半結球萵苣、白鳳菜、芳香萬壽菊、芹菜、青蔥、紅鳳菜、茼蒿、葉用甘藷、葉用豌豆、蕹菜、闊包菊、羅勒除外)、其他小漿果類(番石榴、葡萄、蓮霧除外)、其他瓜果類(西瓜、洋香瓜、香瓜除外)、其他瓜菜類(小黃瓜、冬瓜、南瓜、扁蒲、胡瓜、苦瓜、夏南瓜、隼人瓜、絲瓜、越瓜除外)、其他豆菜類(刀豆、毛豆、花豆(鮮)、扁豆、豇豆(鮮)、菜豆、萊豆、豌豆、樹豆(鮮)、翼豆、蠶豆(鮮)、鷹嘴豆除外)、其他果菜類(番茄除外)、其他梨果類(印度棗、李、杏、枇杷、油桃、柿、紅棗、桃、梅、梨、蘋果、櫻桃除外)、其他(蔬果類)*、其他(穀類)*、其他(茶類)*","CLOTHIANIDIN：規則無明文（D 檔標示一般「其他…」列無逐列明文定義；即使另有星號列也不得略過此不確定性）","062、063、064、012、013、065、066、006、007、008","-"
"菊科小葉菜類","右滅達樂","METALAXYL-M","其他小葉菜類(不結球萵苣、半結球萵苣、芹菜、青蔥及菠菜除外)、其他小漿果類(草莓、葡萄、蔓越莓及藍莓除外)、其他果菜類(甜椒除外)、其他根莖菜類(洋蔥、胡蘿蔔、馬鈴薯、甜菜根及蘿蔔除外)","METALAXYL-M：規則無明文（D 檔標示一般「其他…」列無逐列明文定義；即使另有星號列也不得略過此不確定性）","120、121、010、122","-"
"菊科小葉菜類","四氯異苯腈","CHLOROTHALONIL","其他小葉菜類(十字花科小葉菜類除外)、其他小漿果類(草莓、藍莓除外)、其他乾豆類(落花生除外)、其他根莖菜類(人參(鮮)除外)、其他(蔬果類)*、其他(穀類)*、其他(茶類)*","CHLOROTHALONIL：規則無明文（D 檔標示一般「其他…」列無逐列明文定義；即使另有星號列也不得略過此不確定性）","055、056、057、058、006、007、008","-"
"菊科小葉菜類","百克敏","PYRACLOSTROBIN","其他乾豆類(落花生、小扁豆、菜豆、大豆、葵花籽、豌豆除外)、其他堅果類(開心果除外)、其他(蔬果類)*、其他(穀類)*、其他(茶類)*、其他十字花科小葉菜類(芥菜除外)","PYRACLOSTROBIN：規則無明文（D 檔標示一般「其他…」列無逐列明文定義；即使另有星號列也不得略過此不確定性）","160、161、006、007、008、181","-"
"菊科小葉菜類","克凡派","CHLORFENAPYR","其他瓜果類(洋香瓜除外)、其他小葉菜類(韭菜、茼蒿、菠菜、葉用豌豆除外)、其他(蔬果類)*、其他(穀類)*、其他(茶類)*","CHLORFENAPYR：規則無明文（D 檔標示一般「其他…」列無逐列明文定義；即使另有星號列也不得略過此不確定性）","033、053、006、007、008","-"
"菊科小葉菜類","亞托敏","AZOXYSTROBIN","其他小葉菜類(半結球萵苣、不結球萵苣、芹菜、青蔥、蒜及茼蒿除外)、其他小漿果類(藍莓、覆盆子除外)、其他豆菜類(刀豆、毛豆、花豆(鮮)、扁豆、豇豆(鮮)、萊豆、菜豆、豌豆、樹豆(鮮)、翼豆、蠶豆(鮮)、鷹嘴豆除外)、其他果菜類(枸杞、茄子、甜椒、番茄、辣椒除外)、其他根莖菜類(芋頭、洋蔥、馬鈴薯、甜菜根、人參(鮮)、牛蒡、豆薯、百合鱗莖、紅蔥頭、黑皮波羅門參、蕎頭、薑、蘆筍除外)、其他草木本植物(火龍果花、菊花除外)、其他堅果類(杏仁、開心果除外)、其他(蔬果類)*、其他(穀類)*、其他(茶類)*","AZOXYSTROBIN：規則無明文（D 檔標示一般「其他…」列無逐列明文定義；即使另有星號列也不得略過此不確定性）","017、018、019、020、021、022、023、006、007、008","-"
"菊科小葉菜類","剋安勃","CHLORANTRANILIPROLE","其他十字花科包葉菜類(甘藍、青花菜除外)、其他小葉菜類(十字花科小葉菜類、不結球萵苣、半結球萵苣、芹菜、菠菜、葉用豌豆、白鳳菜、芳香萬壽菊、青蔥、枸杞葉、紅鳳菜、韭菜、韭菜花、韭黃、香椿、茼蒿、蒜、龍鬚菜、闊包菊除外)、其他小漿果類(草莓、黑莓、蔓越莓、藍莓、覆盆子、葡萄除外)、其他瓜果類(洋香瓜、香瓜除外)、其他瓜菜類(胡瓜除外)、其他果菜類(甜椒、番茄、辣椒除外)、其他根莖菜類(胡蘿蔔、豆薯、狗尾草根、闊葉大豆根、蘿蔔除外)、其他堅果類(杏仁、美洲胡桃除外)、其他梨果類(李、杏、油桃、桃、梅、梨、蘋果、櫻桃除外)、其他麥類(大麥、小麥除外)、其他雜糧類(高粱除外)、其他(蔬果類)*、其他(穀類)*、其他(茶類)*","CHLORANTRANILIPROLE：規則無明文（D 檔標示一般「其他…」列無逐列明文定義；即使另有星號列也不得略過此不確定性）","043、044、045、046、047、048、049、050、025、051、052、006、007、008","-"
"菊科小葉菜類","氟比拔克","FLUOPICOLIDE || PROPAMOCARB HYDROCHLORIDE","其他(蔬果類)*、其他(穀類)*、其他(茶類)* || 其他(蔬果類)*、其他(穀類)*、其他(茶類)*","FLUOPICOLIDE：建議涵蓋（附表一註五檢體 I 類；只代表定量極限，不代表核准用藥範圍） || PROPAMOCARB HYDROCHLORIDE：建議涵蓋（附表一註五檢體 I 類；只代表定量極限，不代表核准用藥範圍）","006 || 006","0.01* || 0.01*"
"菊科小葉菜類","益達胺","IMIDACLOPRID","其他小葉菜類(半結球萵苣、不結球萵苣、蒜、蕗蕎及芹菜除外)、其他包葉菜類(結球萵苣除外)、其他豆菜類(毛豆除外)、其他果菜類(甜椒、金針除外)、其他核果類(橄欖除外)、其他根莖菜類(茭白筍、蓮藕、山藥、洋蔥、紅蔥頭、馬鈴薯、黑皮波羅門參、牛蒡、百合鱗莖、竹筍、芋頭、豆薯除外)、其他乾豆類(油菜籽、葵花籽、蓮子、落花生、大豆、芝麻除外)、其他(蔬果類)*、其他(穀類)*、其他(茶類)*","IMIDACLOPRID：規則無明文（D 檔標示一般「其他…」列無逐列明文定義；即使另有星號列也不得略過此不確定性）","156、009、059、157、084、158、159、006、007、008","-"
"菊科小葉菜類","普拔克","PROPAMOCARB HYDROCHLORIDE","其他(蔬果類)*、其他(穀類)*、其他(茶類)*","PROPAMOCARB HYDROCHLORIDE：建議涵蓋（附表一註五檢體 I 類；只代表定量極限，不代表核准用藥範圍）","006","0.01*"
"菊科小葉菜類","硫敵克","THIODICARB","其他小葉菜類(芹菜除外)、其他包葉菜類(甘藍、青花菜及結球萵苣除外)、其他(蔬果類)*、其他(穀類)*、其他(茶類)*","THIODICARB：規則無明文（D 檔標示一般「其他…」列無逐列明文定義；即使另有星號列也不得略過此不確定性）","004、109、006、007、008","-"
"菊科小葉菜類","滅達樂","METALAXYL","其他小葉菜類(不結球萵苣、半結球萵苣、芹菜、青蔥及菠菜除外)、其他小漿果類(草莓、葡萄、蔓越莓及藍莓除外)、其他果菜類(甜椒除外)、其他根莖菜類(洋蔥、胡蘿蔔、馬鈴薯、甜菜根及蘿蔔除外)","METALAXYL：規則無明文（D 檔標示一般「其他…」列無逐列明文定義；即使另有星號列也不得略過此不確定性）","120、121、010、122","-"
"菊科小葉菜類","達特南","DINOTEFURAN","其他瓜果類(西瓜、洋香瓜、香瓜除外)、其他瓜菜類(冬瓜、南瓜、扁蒲、苦瓜、夏南瓜、隼人瓜、絲瓜、越瓜、胡瓜除外)、其他柑桔類(柑桔除外)、其他果菜類(金針、枸杞、秋葵、茄子、甜椒、番茄、辣椒除外)","DINOTEFURAN：規則無明文（D 檔標示一般「其他…」列無逐列明文定義；即使另有星號列也不得略過此不確定性）","064、094、067、095","-"
"菊科小葉菜類","達滅克敏","PYRACLOSTROBIN || DIMETHOMORPH","其他乾豆類(落花生、小扁豆、菜豆、大豆、葵花籽、豌豆除外)、其他堅果類(開心果除外)、其他(蔬果類)*、其他(穀類)*、其他(茶類)*、其他十字花科小葉菜類(芥菜除外) || 其他小漿果類(草莓、葡萄及蓮霧除外)、其他瓜果類(西瓜、洋香瓜、香瓜除外)、其他瓜菜類(小黃瓜、胡瓜除外)、其他果菜類(番茄、枸杞、茄子、甜椒、辣椒除外)、其他(蔬果類)*、其他(穀類)*、其他(茶類)*","PYRACLOSTROBIN：規則無明文（D 檔標示一般「其他…」列無逐列明文定義；即使另有星號列也不得略過此不確定性） || DIMETHOMORPH：規則無明文（D 檔標示一般「其他…」列無逐列明文定義；即使另有星號列也不得略過此不確定性）","160、161、006、007、008、181 || 092、064、015、093、006、007、008","- || -"
"菊科小葉菜類","達滅芬","DIMETHOMORPH","其他小漿果類(草莓、葡萄及蓮霧除外)、其他瓜果類(西瓜、洋香瓜、香瓜除外)、其他瓜菜類(小黃瓜、胡瓜除外)、其他果菜類(番茄、枸杞、茄子、甜椒、辣椒除外)、其他(蔬果類)*、其他(穀類)*、其他(茶類)*","DIMETHOMORPH：規則無明文（D 檔標示一般「其他…」列無逐列明文定義；即使另有星號列也不得略過此不確定性）","092、064、015、093、006、007、008","-"
"菊科小葉菜類","賜派滅","SPIROTETRAMAT","其他十字花科包葉菜類(甘藍除外)、其他小葉菜類(十字花科小葉菜類、芹菜除外)、其他乾豆類(棉籽、大豆除外)、其他梨果類(印度棗、李、杏、枇杷、油桃、紅棗、桃、梅、梨、櫻桃除外)","SPIROTETRAMAT：規則無明文（D 檔標示一般「其他…」列無逐列明文定義；即使另有星號列也不得略過此不確定性）","115、169、170、171","-"
"菊科小葉菜類","賜諾特","SPINETORAM","其他豆菜類(毛豆、菜豆、蠶豆除外)","SPINETORAM：規則無明文（D 檔標示一般「其他…」列無逐列明文定義；即使另有星號列也不得略過此不確定性）","166","-"
"菊科小葉菜類","賜諾殺","SPINOSAD","其他小葉菜類(不結球萵苣、半結球萵苣、芹菜、青蔥及紫蘇除外)、其他梨果類(蘋果除外)","SPINOSAD：規則無明文（D 檔標示一般「其他…」列無逐列明文定義；即使另有星號列也不得略過此不確定性）","167、168","-"
"菊科小葉菜類","賽洛寧","LAMBDA-CYHALOTHRIN","其他小葉菜類(蒜除外)、其他核果類(荔枝除外)、其他根莖菜類(山藥、牛蒡、甘藷、芋頭、豆薯、洋蔥、胡蘿蔔、百合鱗莖、紅蔥頭、馬鈴薯、黑皮波羅門參、蒜頭、樹薯、蕎頭、狗尾草根、闊葉大豆根及蘆筍除外)、其他堅果類(胡桃、榛果除外)、其他梨果類(柿除外)、其他(蔬果類)*、其他(穀類)*、其他(茶類)*","LAMBDA-CYHALOTHRIN：規則無明文（D 檔標示一般「其他…」列無逐列明文定義；即使另有星號列也不得略過此不確定性）","068、069、070、071、072、006、007、008","-"
"菊科小葉菜類","賽速安","THIAMETHOXAM","其他小葉菜類(不結球萵苣、半結球萵苣除外)、其他小漿果類(番石榴、葡萄除外)、其他豆菜類(刀豆、毛豆、花豆、扁豆、豇豆、菜豆、萊豆、豌豆、樹豆、翼豆、蠶豆、鷹嘴豆除外)、其他果菜類(番茄除外)、其他柑桔類(葡萄柚、檸檬除外)、其他梨果類(李、杏、油桃、柿、桃、梅、梨、蘋果、櫻桃除外)、其他(蔬果類)*、其他(穀類)*、其他(茶類)*","THIAMETHOXAM：規則無明文（D 檔標示一般「其他…」列無逐列明文定義；即使另有星號列也不得略過此不確定性）","104、105、106、065、107、108、006、007、008","-"
"菊科小葉菜類","賽速安勃","THIAMETHOXAM || CHLORANTRANILIPROLE","其他小葉菜類(不結球萵苣、半結球萵苣除外)、其他小漿果類(番石榴、葡萄除外)、其他豆菜類(刀豆、毛豆、花豆、扁豆、豇豆、菜豆、萊豆、豌豆、樹豆、翼豆、蠶豆、鷹嘴豆除外)、其他果菜類(番茄除外)、其他柑桔類(葡萄柚、檸檬除外)、其他梨果類(李、杏、油桃、柿、桃、梅、梨、蘋果、櫻桃除外)、其他(蔬果類)*、其他(穀類)*、其他(茶類)* || 其他十字花科包葉菜類(甘藍、青花菜除外)、其他小葉菜類(十字花科小葉菜類、不結球萵苣、半結球萵苣、芹菜、菠菜、葉用豌豆、白鳳菜、芳香萬壽菊、青蔥、枸杞葉、紅鳳菜、韭菜、韭菜花、韭黃、香椿、茼蒿、蒜、龍鬚菜、闊包菊除外)、其他小漿果類(草莓、黑莓、蔓越莓、藍莓、覆盆子、葡萄除外)、其他瓜果類(洋香瓜、香瓜除外)、其他瓜菜類(胡瓜除外)、其他果菜類(甜椒、番茄、辣椒除外)、其他根莖菜類(胡蘿蔔、豆薯、狗尾草根、闊葉大豆根、蘿蔔除外)、其他堅果類(杏仁、美洲胡桃除外)、其他梨果類(李、杏、油桃、桃、梅、梨、蘋果、櫻桃除外)、其他麥類(大麥、小麥除外)、其他雜糧類(高粱除外)、其他(蔬果類)*、其他(穀類)*、其他(茶類)*","THIAMETHOXAM：規則無明文（D 檔標示一般「其他…」列無逐列明文定義；即使另有星號列也不得略過此不確定性） || CHLORANTRANILIPROLE：規則無明文（D 檔標示一般「其他…」列無逐列明文定義；即使另有星號列也不得略過此不確定性）","104、105、106、065、107、108、006、007、008 || 043、044、045、046、047、048、049、050、025、051、052、006、007、008","- || -"
"菊科小葉菜類","賽速洛寧","THIAMETHOXAM","其他小葉菜類(不結球萵苣、半結球萵苣除外)、其他小漿果類(番石榴、葡萄除外)、其他豆菜類(刀豆、毛豆、花豆、扁豆、豇豆、菜豆、萊豆、豌豆、樹豆、翼豆、蠶豆、鷹嘴豆除外)、其他果菜類(番茄除外)、其他柑桔類(葡萄柚、檸檬除外)、其他梨果類(李、杏、油桃、柿、桃、梅、梨、蘋果、櫻桃除外)、其他(蔬果類)*、其他(穀類)*、其他(茶類)*","THIAMETHOXAM：規則無明文（D 檔標示一般「其他…」列無逐列明文定義；即使另有星號列也不得略過此不確定性）","104、105、106、065、107、108、006、007、008","-"
"菊科小葉菜類","賽滅淨","CYROMAZINE","其他小葉菜類(?結球萵苣、半結球萵苣、芹菜、青蔥、菠菜、茼蒿除外)、其他豆菜類(萊豆除外)、其他包葉菜類(結球萵苣除外)、其他果菜類(甜椒、茄子、枸杞、番茄、辣椒除外)","CYROMAZINE：規則無明文（D 檔標示一般「其他…」列無逐列明文定義；即使另有星號列也不得略過此不確定性）","079、080、009、081","-"
"菊科包葉菜類","可尼丁","CLOTHIANIDIN","其他小葉菜類(菠菜、十字花科小葉菜類、山茼蒿、不結球萵苣、半結球萵苣、白鳳菜、芳香萬壽菊、芹菜、青蔥、紅鳳菜、茼蒿、葉用甘藷、葉用豌豆、蕹菜、闊包菊、羅勒除外)、其他小漿果類(番石榴、葡萄、蓮霧除外)、其他瓜果類(西瓜、洋香瓜、香瓜除外)、其他瓜菜類(小黃瓜、冬瓜、南瓜、扁蒲、胡瓜、苦瓜、夏南瓜、隼人瓜、絲瓜、越瓜除外)、其他豆菜類(刀豆、毛豆、花豆(鮮)、扁豆、豇豆(鮮)、菜豆、萊豆、豌豆、樹豆(鮮)、翼豆、蠶豆(鮮)、鷹嘴豆除外)、其他果菜類(番茄除外)、其他梨果類(印度棗、李、杏、枇杷、油桃、柿、紅棗、桃、梅、梨、蘋果、櫻桃除外)、其他(蔬果類)*、其他(穀類)*、其他(茶類)*","CLOTHIANIDIN：規則無明文（D 檔標示一般「其他…」列無逐列明文定義；即使另有星號列也不得略過此不確定性）","062、063、064、012、013、065、066、006、007、008","-"
"菊科包葉菜類","因滅汀","EMAMECTIN BENZOATE","其他瓜果類(洋香瓜除外)、其他豆菜類(刀豆、毛豆、花豆(鮮)、扁豆、豇豆(鮮)、菜豆、萊豆、豌豆、樹豆(鮮)、翼豆、蠶豆(鮮)、鷹嘴豆除外)、其他包葉菜類(結球萵苣除外)、其他果菜類(甜椒、番茄、辣椒除外)、其他梨果類(油桃、桃、蘋果除外)","EMAMECTIN BENZOATE：規則無明文（D 檔標示一般「其他…」列無逐列明文定義；即使另有星號列也不得略過此不確定性）","033、013、009、048、130","-"
"菊科包葉菜類","百克敏","PYRACLOSTROBIN","其他乾豆類(落花生、小扁豆、菜豆、大豆、葵花籽、豌豆除外)、其他堅果類(開心果除外)、其他(蔬果類)*、其他(穀類)*、其他(茶類)*、其他十字花科小葉菜類(芥菜除外)","PYRACLOSTROBIN：規則無明文（D 檔標示一般「其他…」列無逐列明文定義；即使另有星號列也不得略過此不確定性）","160、161、006、007、008、181","-"
"菊科包葉菜類","芬化利","FENVALERATE","其他小漿果類(楊桃除外)、其他根莖菜類(胡蘿蔔除外)、其他(蔬果類)*、其他(穀類)*、其他(茶類)*","FENVALERATE：規則無明文（D 檔標示一般「其他…」列無逐列明文定義；即使另有星號列也不得略過此不確定性）","138、086、006、007、008","-"
"菊科包葉菜類","氟比拔克","FLUOPICOLIDE || PROPAMOCARB HYDROCHLORIDE","其他(蔬果類)*、其他(穀類)*、其他(茶類)* || 其他(蔬果類)*、其他(穀類)*、其他(茶類)*","FLUOPICOLIDE：建議涵蓋（附表一註五檢體 I 類；只代表定量極限，不代表核准用藥範圍） || PROPAMOCARB HYDROCHLORIDE：建議涵蓋（附表一註五檢體 I 類；只代表定量極限，不代表核准用藥範圍）","006 || 006","0.01* || 0.01*"
"菊科包葉菜類","益達胺","IMIDACLOPRID","其他小葉菜類(半結球萵苣、不結球萵苣、蒜、蕗蕎及芹菜除外)、其他包葉菜類(結球萵苣除外)、其他豆菜類(毛豆除外)、其他果菜類(甜椒、金針除外)、其他核果類(橄欖除外)、其他根莖菜類(茭白筍、蓮藕、山藥、洋蔥、紅蔥頭、馬鈴薯、黑皮波羅門參、牛蒡、百合鱗莖、竹筍、芋頭、豆薯除外)、其他乾豆類(油菜籽、葵花籽、蓮子、落花生、大豆、芝麻除外)、其他(蔬果類)*、其他(穀類)*、其他(茶類)*","IMIDACLOPRID：規則無明文（D 檔標示一般「其他…」列無逐列明文定義；即使另有星號列也不得略過此不確定性）","156、009、059、157、084、158、159、006、007、008","-"
"菊科包葉菜類","速殺氟","SULFOXAFLOR","其他十字花科包葉菜類(花椰菜除外)、其他根莖菜類(蒜頭、洋蔥、胡蘿蔔除外)、其他乾豆類(棉籽、油菜籽除外)","SULFOXAFLOR：規則無明文（D 檔標示一般「其他…」列無逐列明文定義；即使另有星號列也不得略過此不確定性）","097、098、099","-"
"菊科包葉菜類","普拔克","PROPAMOCARB HYDROCHLORIDE","其他(蔬果類)*、其他(穀類)*、其他(茶類)*","PROPAMOCARB HYDROCHLORIDE：建議涵蓋（附表一註五檢體 I 類；只代表定量極限，不代表核准用藥範圍）","006","0.01*"
"菊科包葉菜類","硫敵克","THIODICARB","其他小葉菜類(芹菜除外)、其他包葉菜類(甘藍、青花菜及結球萵苣除外)、其他(蔬果類)*、其他(穀類)*、其他(茶類)*","THIODICARB：規則無明文（D 檔標示一般「其他…」列無逐列明文定義；即使另有星號列也不得略過此不確定性）","004、109、006、007、008","-"
"菊科包葉菜類","達特南","DINOTEFURAN","其他瓜果類(西瓜、洋香瓜、香瓜除外)、其他瓜菜類(冬瓜、南瓜、扁蒲、苦瓜、夏南瓜、隼人瓜、絲瓜、越瓜、胡瓜除外)、其他柑桔類(柑桔除外)、其他果菜類(金針、枸杞、秋葵、茄子、甜椒、番茄、辣椒除外)","DINOTEFURAN：規則無明文（D 檔標示一般「其他…」列無逐列明文定義；即使另有星號列也不得略過此不確定性）","064、094、067、095","-"
"菊科包葉菜類","達滅克敏","PYRACLOSTROBIN || DIMETHOMORPH","其他乾豆類(落花生、小扁豆、菜豆、大豆、葵花籽、豌豆除外)、其他堅果類(開心果除外)、其他(蔬果類)*、其他(穀類)*、其他(茶類)*、其他十字花科小葉菜類(芥菜除外) || 其他小漿果類(草莓、葡萄及蓮霧除外)、其他瓜果類(西瓜、洋香瓜、香瓜除外)、其他瓜菜類(小黃瓜、胡瓜除外)、其他果菜類(番茄、枸杞、茄子、甜椒、辣椒除外)、其他(蔬果類)*、其他(穀類)*、其他(茶類)*","PYRACLOSTROBIN：規則無明文（D 檔標示一般「其他…」列無逐列明文定義；即使另有星號列也不得略過此不確定性） || DIMETHOMORPH：規則無明文（D 檔標示一般「其他…」列無逐列明文定義；即使另有星號列也不得略過此不確定性）","160、161、006、007、008、181 || 092、064、015、093、006、007、008","- || -"
"菊科包葉菜類","達滅芬","DIMETHOMORPH","其他小漿果類(草莓、葡萄及蓮霧除外)、其他瓜果類(西瓜、洋香瓜、香瓜除外)、其他瓜菜類(小黃瓜、胡瓜除外)、其他果菜類(番茄、枸杞、茄子、甜椒、辣椒除外)、其他(蔬果類)*、其他(穀類)*、其他(茶類)*","DIMETHOMORPH：規則無明文（D 檔標示一般「其他…」列無逐列明文定義；即使另有星號列也不得略過此不確定性）","092、064、015、093、006、007、008","-"
"菊科包葉菜類","賜派滅","SPIROTETRAMAT","其他十字花科包葉菜類(甘藍除外)、其他小葉菜類(十字花科小葉菜類、芹菜除外)、其他乾豆類(棉籽、大豆除外)、其他梨果類(印度棗、李、杏、枇杷、油桃、紅棗、桃、梅、梨、櫻桃除外)","SPIROTETRAMAT：規則無明文（D 檔標示一般「其他…」列無逐列明文定義；即使另有星號列也不得略過此不確定性）","115、169、170、171","-"
"菊科包葉菜類","賜諾特","SPINETORAM","其他豆菜類(毛豆、菜豆、蠶豆除外)","SPINETORAM：規則無明文（D 檔標示一般「其他…」列無逐列明文定義；即使另有星號列也不得略過此不確定性）","166","-"
"菊科包葉菜類","賽速安","THIAMETHOXAM","其他小葉菜類(不結球萵苣、半結球萵苣除外)、其他小漿果類(番石榴、葡萄除外)、其他豆菜類(刀豆、毛豆、花豆、扁豆、豇豆、菜豆、萊豆、豌豆、樹豆、翼豆、蠶豆、鷹嘴豆除外)、其他果菜類(番茄除外)、其他柑桔類(葡萄柚、檸檬除外)、其他梨果類(李、杏、油桃、柿、桃、梅、梨、蘋果、櫻桃除外)、其他(蔬果類)*、其他(穀類)*、其他(茶類)*","THIAMETHOXAM：規則無明文（D 檔標示一般「其他…」列無逐列明文定義；即使另有星號列也不得略過此不確定性）","104、105、106、065、107、108、006、007、008","-"
"菊科包葉菜類","賽速安勃","THIAMETHOXAM || CHLORANTRANILIPROLE","其他小葉菜類(不結球萵苣、半結球萵苣除外)、其他小漿果類(番石榴、葡萄除外)、其他豆菜類(刀豆、毛豆、花豆、扁豆、豇豆、菜豆、萊豆、豌豆、樹豆、翼豆、蠶豆、鷹嘴豆除外)、其他果菜類(番茄除外)、其他柑桔類(葡萄柚、檸檬除外)、其他梨果類(李、杏、油桃、柿、桃、梅、梨、蘋果、櫻桃除外)、其他(蔬果類)*、其他(穀類)*、其他(茶類)* || 其他十字花科包葉菜類(甘藍、青花菜除外)、其他小葉菜類(十字花科小葉菜類、不結球萵苣、半結球萵苣、芹菜、菠菜、葉用豌豆、白鳳菜、芳香萬壽菊、青蔥、枸杞葉、紅鳳菜、韭菜、韭菜花、韭黃、香椿、茼蒿、蒜、龍鬚菜、闊包菊除外)、其他小漿果類(草莓、黑莓、蔓越莓、藍莓、覆盆子、葡萄除外)、其他瓜果類(洋香瓜、香瓜除外)、其他瓜菜類(胡瓜除外)、其他果菜類(甜椒、番茄、辣椒除外)、其他根莖菜類(胡蘿蔔、豆薯、狗尾草根、闊葉大豆根、蘿蔔除外)、其他堅果類(杏仁、美洲胡桃除外)、其他梨果類(李、杏、油桃、桃、梅、梨、蘋果、櫻桃除外)、其他麥類(大麥、小麥除外)、其他雜糧類(高粱除外)、其他(蔬果類)*、其他(穀類)*、其他(茶類)*","THIAMETHOXAM：規則無明文（D 檔標示一般「其他…」列無逐列明文定義；即使另有星號列也不得略過此不確定性） || CHLORANTRANILIPROLE：規則無明文（D 檔標示一般「其他…」列無逐列明文定義；即使另有星號列也不得略過此不確定性）","104、105、106、065、107、108、006、007、008 || 043、044、045、046、047、048、049、050、025、051、052、006、007、008","- || -"
"菊科包葉菜類","賽速洛寧","THIAMETHOXAM","其他小葉菜類(不結球萵苣、半結球萵苣除外)、其他小漿果類(番石榴、葡萄除外)、其他豆菜類(刀豆、毛豆、花豆、扁豆、豇豆、菜豆、萊豆、豌豆、樹豆、翼豆、蠶豆、鷹嘴豆除外)、其他果菜類(番茄除外)、其他柑桔類(葡萄柚、檸檬除外)、其他梨果類(李、杏、油桃、柿、桃、梅、梨、蘋果、櫻桃除外)、其他(蔬果類)*、其他(穀類)*、其他(茶類)*","THIAMETHOXAM：規則無明文（D 檔標示一般「其他…」列無逐列明文定義；即使另有星號列也不得略過此不確定性）","104、105、106、065、107、108、006、007、008","-"
"菊科包葉菜類","賽滅淨","CYROMAZINE","其他小葉菜類(?結球萵苣、半結球萵苣、芹菜、青蔥、菠菜、茼蒿除外)、其他豆菜類(萊豆除外)、其他包葉菜類(結球萵苣除外)、其他果菜類(甜椒、茄子、枸杞、番茄、辣椒除外)","CYROMAZINE：規則無明文（D 檔標示一般「其他…」列無逐列明文定義；即使另有星號列也不得略過此不確定性）","079、080、009、081","-"
"菊科包葉菜類","賽滅寧","CYPERMETHRIN","其他包葉菜類(結球萵苣、甘藍、青花菜除外)、其他根莖菜類(豆薯、狗尾草根、洋蔥、甜菜根、闊葉大豆根、蘆筍除外)、其他麥類(大麥、小麥、黑麥、燕麥除外)、其他(蔬果類)*、其他(穀類)*、其他(茶類)*","CYPERMETHRIN：規則無明文（D 檔標示一般「其他…」列無逐列明文定義；即使另有星號列也不得略過此不確定性）","073、074、075、006、007、008","-"
"菊科根菜類","四氯異苯腈","CHLOROTHALONIL","其他小葉菜類(十字花科小葉菜類除外)、其他小漿果類(草莓、藍莓除外)、其他乾豆類(落花生除外)、其他根莖菜類(人參(鮮)除外)、其他(蔬果類)*、其他(穀類)*、其他(茶類)*","CHLOROTHALONIL：規則無明文（D 檔標示一般「其他…」列無逐列明文定義；即使另有星號列也不得略過此不確定性）","055、056、057、058、006、007、008","-"
"菊科根菜類","亞托敏","AZOXYSTROBIN","其他小葉菜類(半結球萵苣、不結球萵苣、芹菜、青蔥、蒜及茼蒿除外)、其他小漿果類(藍莓、覆盆子除外)、其他豆菜類(刀豆、毛豆、花豆(鮮)、扁豆、豇豆(鮮)、萊豆、菜豆、豌豆、樹豆(鮮)、翼豆、蠶豆(鮮)、鷹嘴豆除外)、其他果菜類(枸杞、茄子、甜椒、番茄、辣椒除外)、其他根莖菜類(芋頭、洋蔥、馬鈴薯、甜菜根、人參(鮮)、牛蒡、豆薯、百合鱗莖、紅蔥頭、黑皮波羅門參、蕎頭、薑、蘆筍除外)、其他草木本植物(火龍果花、菊花除外)、其他堅果類(杏仁、開心果除外)、其他(蔬果類)*、其他(穀類)*、其他(茶類)*","AZOXYSTROBIN：規則無明文（D 檔標示一般「其他…」列無逐列明文定義；即使另有星號列也不得略過此不確定性）","017、018、019、020、021、022、023、006、007、008","-"
"菊科根菜類","芬化利","FENVALERATE","其他小漿果類(楊桃除外)、其他根莖菜類(胡蘿蔔除外)、其他(蔬果類)*、其他(穀類)*、其他(茶類)*","FENVALERATE：規則無明文（D 檔標示一般「其他…」列無逐列明文定義；即使另有星號列也不得略過此不確定性）","138、086、006、007、008","-"
"菊科根菜類","剋安勃","CHLORANTRANILIPROLE","其他十字花科包葉菜類(甘藍、青花菜除外)、其他小葉菜類(十字花科小葉菜類、不結球萵苣、半結球萵苣、芹菜、菠菜、葉用豌豆、白鳳菜、芳香萬壽菊、青蔥、枸杞葉、紅鳳菜、韭菜、韭菜花、韭黃、香椿、茼蒿、蒜、龍鬚菜、闊包菊除外)、其他小漿果類(草莓、黑莓、蔓越莓、藍莓、覆盆子、葡萄除外)、其他瓜果類(洋香瓜、香瓜除外)、其他瓜菜類(胡瓜除外)、其他果菜類(甜椒、番茄、辣椒除外)、其他根莖菜類(胡蘿蔔、豆薯、狗尾草根、闊葉大豆根、蘿蔔除外)、其他堅果類(杏仁、美洲胡桃除外)、其他梨果類(李、杏、油桃、桃、梅、梨、蘋果、櫻桃除外)、其他麥類(大麥、小麥除外)、其他雜糧類(高粱除外)、其他(蔬果類)*、其他(穀類)*、其他(茶類)*","CHLORANTRANILIPROLE：規則無明文（D 檔標示一般「其他…」列無逐列明文定義；即使另有星號列也不得略過此不確定性）","043、044、045、046、047、048、049、050、025、051、052、006、007、008","-"
"菊科根菜類","氟比拔克","FLUOPICOLIDE || PROPAMOCARB HYDROCHLORIDE","其他(蔬果類)*、其他(穀類)*、其他(茶類)* || 其他(蔬果類)*、其他(穀類)*、其他(茶類)*","FLUOPICOLIDE：建議涵蓋（附表一註五檢體 I 類；只代表定量極限，不代表核准用藥範圍） || PROPAMOCARB HYDROCHLORIDE：建議涵蓋（附表一註五檢體 I 類；只代表定量極限，不代表核准用藥範圍）","006 || 006","0.01* || 0.01*"
"菊科根菜類","氟克殺","FLUXAPYROXAD","其他豆菜類(毛豆除外)、其他乾豆類(大豆、落花生、小扁豆、棉籽、豌豆、油菜籽、葵花籽除外)、其他梨果類(李、杏、油桃、桃、梅、櫻桃除外)","FLUXAPYROXAD：規則無明文（D 檔標示一般「其他…」列無逐列明文定義；即使另有星號列也不得略過此不確定性）","059、148、003","-"
"菊科根菜類","益達胺","IMIDACLOPRID","其他小葉菜類(半結球萵苣、不結球萵苣、蒜、蕗蕎及芹菜除外)、其他包葉菜類(結球萵苣除外)、其他豆菜類(毛豆除外)、其他果菜類(甜椒、金針除外)、其他核果類(橄欖除外)、其他根莖菜類(茭白筍、蓮藕、山藥、洋蔥、紅蔥頭、馬鈴薯、黑皮波羅門參、牛蒡、百合鱗莖、竹筍、芋頭、豆薯除外)、其他乾豆類(油菜籽、葵花籽、蓮子、落花生、大豆、芝麻除外)、其他(蔬果類)*、其他(穀類)*、其他(茶類)*","IMIDACLOPRID：規則無明文（D 檔標示一般「其他…」列無逐列明文定義；即使另有星號列也不得略過此不確定性）","156、009、059、157、084、158、159、006、007、008","-"
"菊科根菜類","第滅寧","DELTAMETHRIN","其他根莖菜類(牛蒡、竹筍、洋蔥、胡蘿蔔、黑皮波羅門參、蘿蔔除外)、其他雜糧類(高粱除外)、其他果菜類(金針除外)、其他核果類(橄欖除外)、其他梨果類(桃除外)、其他(蔬果類)*、其他(穀類)*、其他(茶類)*","DELTAMETHRIN：規則無明文（D 檔標示一般「其他…」列無逐列明文定義；即使另有星號列也不得略過此不確定性）","082、052、083、084、085、006、007、008","-"
"菊科根菜類","速殺氟","SULFOXAFLOR","其他十字花科包葉菜類(花椰菜除外)、其他根莖菜類(蒜頭、洋蔥、胡蘿蔔除外)、其他乾豆類(棉籽、油菜籽除外)","SULFOXAFLOR：規則無明文（D 檔標示一般「其他…」列無逐列明文定義；即使另有星號列也不得略過此不確定性）","097、098、099","-"
"菊科根菜類","普拔克","PROPAMOCARB HYDROCHLORIDE","其他(蔬果類)*、其他(穀類)*、其他(茶類)*","PROPAMOCARB HYDROCHLORIDE：建議涵蓋（附表一註五檢體 I 類；只代表定量極限，不代表核准用藥範圍）","006","0.01*"
"菊科根菜類","達特南","DINOTEFURAN","其他瓜果類(西瓜、洋香瓜、香瓜除外)、其他瓜菜類(冬瓜、南瓜、扁蒲、苦瓜、夏南瓜、隼人瓜、絲瓜、越瓜、胡瓜除外)、其他柑桔類(柑桔除外)、其他果菜類(金針、枸杞、秋葵、茄子、甜椒、番茄、辣椒除外)","DINOTEFURAN：規則無明文（D 檔標示一般「其他…」列無逐列明文定義；即使另有星號列也不得略過此不確定性）","064、094、067、095","-"
"菊科根菜類","達滅克敏","PYRACLOSTROBIN || DIMETHOMORPH","其他乾豆類(落花生、小扁豆、菜豆、大豆、葵花籽、豌豆除外)、其他堅果類(開心果除外)、其他(蔬果類)*、其他(穀類)*、其他(茶類)*、其他十字花科小葉菜類(芥菜除外) || 其他小漿果類(草莓、葡萄及蓮霧除外)、其他瓜果類(西瓜、洋香瓜、香瓜除外)、其他瓜菜類(小黃瓜、胡瓜除外)、其他果菜類(番茄、枸杞、茄子、甜椒、辣椒除外)、其他(蔬果類)*、其他(穀類)*、其他(茶類)*","PYRACLOSTROBIN：規則無明文（D 檔標示一般「其他…」列無逐列明文定義；即使另有星號列也不得略過此不確定性） || DIMETHOMORPH：規則無明文（D 檔標示一般「其他…」列無逐列明文定義；即使另有星號列也不得略過此不確定性）","160、161、006、007、008、181 || 092、064、015、093、006、007、008","- || -"
"菊科根菜類","達滅芬","DIMETHOMORPH","其他小漿果類(草莓、葡萄及蓮霧除外)、其他瓜果類(西瓜、洋香瓜、香瓜除外)、其他瓜菜類(小黃瓜、胡瓜除外)、其他果菜類(番茄、枸杞、茄子、甜椒、辣椒除外)、其他(蔬果類)*、其他(穀類)*、其他(茶類)*","DIMETHOMORPH：規則無明文（D 檔標示一般「其他…」列無逐列明文定義；即使另有星號列也不得略過此不確定性）","092、064、015、093、006、007、008","-"
"菊科根菜類","賜諾殺","SPINOSAD","其他小葉菜類(不結球萵苣、半結球萵苣、芹菜、青蔥及紫蘇除外)、其他梨果類(蘋果除外)","SPINOSAD：規則無明文（D 檔標示一般「其他…」列無逐列明文定義；即使另有星號列也不得略過此不確定性）","167、168","-"
"菊科根菜類","賽洛寧","LAMBDA-CYHALOTHRIN","其他小葉菜類(蒜除外)、其他核果類(荔枝除外)、其他根莖菜類(山藥、牛蒡、甘藷、芋頭、豆薯、洋蔥、胡蘿蔔、百合鱗莖、紅蔥頭、馬鈴薯、黑皮波羅門參、蒜頭、樹薯、蕎頭、狗尾草根、闊葉大豆根及蘆筍除外)、其他堅果類(胡桃、榛果除外)、其他梨果類(柿除外)、其他(蔬果類)*、其他(穀類)*、其他(茶類)*","LAMBDA-CYHALOTHRIN：規則無明文（D 檔標示一般「其他…」列無逐列明文定義；即使另有星號列也不得略過此不確定性）","068、069、070、071、072、006、007、008","-"
"菊科根菜類","賽滅寧","CYPERMETHRIN","其他包葉菜類(結球萵苣、甘藍、青花菜除外)、其他根莖菜類(豆薯、狗尾草根、洋蔥、甜菜根、闊葉大豆根、蘆筍除外)、其他麥類(大麥、小麥、黑麥、燕麥除外)、其他(蔬果類)*、其他(穀類)*、其他(茶類)*","CYPERMETHRIN：規則無明文（D 檔標示一般「其他…」列無逐列明文定義；即使另有星號列也不得略過此不確定性）","073、074、075、006、007、008","-"
"菊科根菜類","賽達松","PHENTHOATE","其他(蔬果類)*、其他(穀類)*、其他(茶類)*","PHENTHOATE：建議涵蓋（附表一註五檢體 I 類；只代表定量極限，不代表核准用藥範圍）","006","0.01*"
"菊科乾豆類","賜派滅","SPIROTETRAMAT","其他十字花科包葉菜類(甘藍除外)、其他小葉菜類(十字花科小葉菜類、芹菜除外)、其他乾豆類(棉籽、大豆除外)、其他梨果類(印度棗、李、杏、枇杷、油桃、紅棗、桃、梅、梨、櫻桃除外)","SPIROTETRAMAT：規則無明文（D 檔標示一般「其他…」列無逐列明文定義；即使另有星號列也不得略過此不確定性）","115、169、170、171","-"
"菠菜","四氯異苯腈","CHLOROTHALONIL","其他小葉菜類(十字花科小葉菜類除外)、其他小漿果類(草莓、藍莓除外)、其他乾豆類(落花生除外)、其他根莖菜類(人參(鮮)除外)、其他(蔬果類)*、其他(穀類)*、其他(茶類)*","CHLOROTHALONIL：規則無明文（D 檔標示一般「其他…」列無逐列明文定義；即使另有星號列也不得略過此不確定性）","055、056、057、058、006、007、008","-"
"菠菜","益達胺","IMIDACLOPRID","其他小葉菜類(半結球萵苣、不結球萵苣、蒜、蕗蕎及芹菜除外)、其他包葉菜類(結球萵苣除外)、其他豆菜類(毛豆除外)、其他果菜類(甜椒、金針除外)、其他核果類(橄欖除外)、其他根莖菜類(茭白筍、蓮藕、山藥、洋蔥、紅蔥頭、馬鈴薯、黑皮波羅門參、牛蒡、百合鱗莖、竹筍、芋頭、豆薯除外)、其他乾豆類(油菜籽、葵花籽、蓮子、落花生、大豆、芝麻除外)、其他(蔬果類)*、其他(穀類)*、其他(茶類)*","IMIDACLOPRID：規則無明文（D 檔標示一般「其他…」列無逐列明文定義；即使另有星號列也不得略過此不確定性）","156、009、059、157、084、158、159、006、007、008","-"
"菠菜","硫敵克","THIODICARB","其他小葉菜類(芹菜除外)、其他包葉菜類(甘藍、青花菜及結球萵苣除外)、其他(蔬果類)*、其他(穀類)*、其他(茶類)*","THIODICARB：規則無明文（D 檔標示一般「其他…」列無逐列明文定義；即使另有星號列也不得略過此不確定性）","004、109、006、007、008","-"
"菠菜","賽洛寧","LAMBDA-CYHALOTHRIN","其他小葉菜類(蒜除外)、其他核果類(荔枝除外)、其他根莖菜類(山藥、牛蒡、甘藷、芋頭、豆薯、洋蔥、胡蘿蔔、百合鱗莖、紅蔥頭、馬鈴薯、黑皮波羅門參、蒜頭、樹薯、蕎頭、狗尾草根、闊葉大豆根及蘆筍除外)、其他堅果類(胡桃、榛果除外)、其他梨果類(柿除外)、其他(蔬果類)*、其他(穀類)*、其他(茶類)*","LAMBDA-CYHALOTHRIN：規則無明文（D 檔標示一般「其他…」列無逐列明文定義；即使另有星號列也不得略過此不確定性）","068、069、070、071、072、006、007、008","-"
"菠蘿蜜","嘉保信","OXYCARBOXIN","其他(蔬果類)*、其他(穀類)*、其他(茶類)*","OXYCARBOXIN：建議涵蓋（附表一註五檢體 I 類；只代表定量極限，不代表核准用藥範圍）","006","0.01*"
"菱角","芬化利","FENVALERATE","其他小漿果類(楊桃除外)、其他根莖菜類(胡蘿蔔除外)、其他(蔬果類)*、其他(穀類)*、其他(茶類)*","FENVALERATE：規則無明文（D 檔標示一般「其他…」列無逐列明文定義；即使另有星號列也不得略過此不確定性）","138、086、006、007、008","-"
"菱角","滅普寧","MEPRONIL","其他根莖菜類(胡蘿蔔及芋頭除外)、其他(蔬果類)*、其他(穀類)*、其他(茶類)*","MEPRONIL：規則無明文（D 檔標示一般「其他…」列無逐列明文定義；即使另有星號列也不得略過此不確定性）","119、006、007、008","-"
"菱角","福多寧","FLUTOLANIL","其他根莖菜類(芋頭、胡蘿蔔除外)、其他(蔬果類)*、其他(穀類)*、其他(茶類)*","FLUTOLANIL：規則無明文（D 檔標示一般「其他…」列無逐列明文定義；即使另有星號列也不得略過此不確定性）","146、006、007、008","-"
"菱角","腐絕快得寧","THIABENDAZOLE","其他根莖菜類(馬鈴薯除外)、其他(蔬果類)*、其他(穀類)*、其他(茶類)*","THIABENDAZOLE：規則無明文（D 檔標示一般「其他…」列無逐列明文定義；即使另有星號列也不得略過此不確定性）","103、006、007、008","-"
"椰子","安丹","PROPOXUR","其他(蔬果類)*、其他(穀類)*、其他(茶類)*","PROPOXUR：規則無明文（作物分類或鮮／乾型態不足，不能選定星號檢體類別）","006、007、008","-"
"椰子","百克敏","PYRACLOSTROBIN","其他乾豆類(落花生、小扁豆、菜豆、大豆、葵花籽、豌豆除外)、其他堅果類(開心果除外)、其他(蔬果類)*、其他(穀類)*、其他(茶類)*、其他十字花科小葉菜類(芥菜除外)","PYRACLOSTROBIN：規則無明文（D 檔標示一般「其他…」列無逐列明文定義；即使另有星號列也不得略過此不確定性）","160、161、006、007、008、181","-"
"椰子","亞托敏","AZOXYSTROBIN","其他小葉菜類(半結球萵苣、不結球萵苣、芹菜、青蔥、蒜及茼蒿除外)、其他小漿果類(藍莓、覆盆子除外)、其他豆菜類(刀豆、毛豆、花豆(鮮)、扁豆、豇豆(鮮)、萊豆、菜豆、豌豆、樹豆(鮮)、翼豆、蠶豆(鮮)、鷹嘴豆除外)、其他果菜類(枸杞、茄子、甜椒、番茄、辣椒除外)、其他根莖菜類(芋頭、洋蔥、馬鈴薯、甜菜根、人參(鮮)、牛蒡、豆薯、百合鱗莖、紅蔥頭、黑皮波羅門參、蕎頭、薑、蘆筍除外)、其他草木本植物(火龍果花、菊花除外)、其他堅果類(杏仁、開心果除外)、其他(蔬果類)*、其他(穀類)*、其他(茶類)*","AZOXYSTROBIN：規則無明文（D 檔標示一般「其他…」列無逐列明文定義；即使另有星號列也不得略過此不確定性）","017、018、019、020、021、022、023、006、007、008","-"
"楊桃","甲基多保淨","THIOPHANATE-METHYL","其他小漿果類(草莓及葡萄除外)、其他果菜類(洛神葵除外)、其他柑桔類(檸檬除外)、其他香辛植物(果實)(胡椒除外)、其他核果類(芒果除外)、其他乾豆類(油菜籽、落花生、大豆除外)、其他堅果類(澳洲胡桃除外)、其他梨果類(印度棗及櫻桃除外)、其他(蔬果類)*、其他(穀類)*、其他(茶類)*","THIOPHANATE-METHYL：規則無明文（D 檔標示一般「其他…」列無逐列明文定義；即使另有星號列也不得略過此不確定性）","035、036、037、038、039、040、041、042、006、007、008","-"
"楊桃","克收欣","KRESOXIM-METHYL","其他小漿果類(草莓、番石榴除外)、其他梨果類(柿除外)、其他(蔬果類)*、其他(穀類)*、其他(茶類)*","KRESOXIM-METHYL：規則無明文（D 檔標示一般「其他…」列無逐列明文定義；即使另有星號列也不得略過此不確定性）","117、072、006、007、008","-"
"楊桃","免得爛","METIRAM","其他小漿果類(草莓除外)","METIRAM：規則無明文（D 檔標示一般「其他…」列無逐列明文定義；即使另有星號列也不得略過此不確定性）","026","-"
"楊桃","亞托敏","AZOXYSTROBIN","其他小葉菜類(半結球萵苣、不結球萵苣、芹菜、青蔥、蒜及茼蒿除外)、其他小漿果類(藍莓、覆盆子除外)、其他豆菜類(刀豆、毛豆、花豆(鮮)、扁豆、豇豆(鮮)、萊豆、菜豆、豌豆、樹豆(鮮)、翼豆、蠶豆(鮮)、鷹嘴豆除外)、其他果菜類(枸杞、茄子、甜椒、番茄、辣椒除外)、其他根莖菜類(芋頭、洋蔥、馬鈴薯、甜菜根、人參(鮮)、牛蒡、豆薯、百合鱗莖、紅蔥頭、黑皮波羅門參、蕎頭、薑、蘆筍除外)、其他草木本植物(火龍果花、菊花除外)、其他堅果類(杏仁、開心果除外)、其他(蔬果類)*、其他(穀類)*、其他(茶類)*","AZOXYSTROBIN：規則無明文（D 檔標示一般「其他…」列無逐列明文定義；即使另有星號列也不得略過此不確定性）","017、018、019、020、021、022、023、006、007、008","-"
"楊桃","固殺草","GLUFOSINATE-AMMONIUM","其他梨果類(柿除外)、其他小漿果類(蓮霧除外)","GLUFOSINATE-AMMONIUM：規則無明文（D 檔標示一般「其他…」列無逐列明文定義；即使另有星號列也不得略過此不確定性）","072、150","-"
"楊桃","得恩地","THIRAM","其他小漿果類(草莓除外)","THIRAM：規則無明文（D 檔標示一般「其他…」列無逐列明文定義；即使另有星號列也不得略過此不確定性）","026","-"
"楊桃","畢芬寧","BIFENTHRIN","其他小漿果類(草莓除外)、其他果菜類(金針、洛神葵除外)、其他根莖菜類(山藥除外)、其他(蔬果類)*、其他(穀類)*、其他(茶類)*","BIFENTHRIN：規則無明文（D 檔標示一般「其他…」列無逐列明文定義；即使另有星號列也不得略過此不確定性）","026、027、028、006、007、008","-"
"楊桃","鋅錳乃浦","MANCOZEB","其他小漿果類(草莓除外)","MANCOZEB：規則無明文（D 檔標示一般「其他…」列無逐列明文定義；即使另有星號列也不得略過此不確定性）","026","-"
"楊桃","錳乃浦","MANEB","其他小漿果類(草莓除外)","MANEB：規則無明文（D 檔標示一般「其他…」列無逐列明文定義；即使另有星號列也不得略過此不確定性）","026","-"
"楊梅","第滅寧","DELTAMETHRIN","其他根莖菜類(牛蒡、竹筍、洋蔥、胡蘿蔔、黑皮波羅門參、蘿蔔除外)、其他雜糧類(高粱除外)、其他果菜類(金針除外)、其他核果類(橄欖除外)、其他梨果類(桃除外)、其他(蔬果類)*、其他(穀類)*、其他(茶類)*","DELTAMETHRIN：規則無明文（D 檔標示一般「其他…」列無逐列明文定義；即使另有星號列也不得略過此不確定性）","082、052、083、084、085、006、007、008","-"
"楊梅","賽洛寧","LAMBDA-CYHALOTHRIN","其他小葉菜類(蒜除外)、其他核果類(荔枝除外)、其他根莖菜類(山藥、牛蒡、甘藷、芋頭、豆薯、洋蔥、胡蘿蔔、百合鱗莖、紅蔥頭、馬鈴薯、黑皮波羅門參、蒜頭、樹薯、蕎頭、狗尾草根、闊葉大豆根及蘆筍除外)、其他堅果類(胡桃、榛果除外)、其他梨果類(柿除外)、其他(蔬果類)*、其他(穀類)*、其他(茶類)*","LAMBDA-CYHALOTHRIN：規則無明文（D 檔標示一般「其他…」列無逐列明文定義；即使另有星號列也不得略過此不確定性）","068、069、070、071、072、006、007、008","-"
"落花生","左旋莫多草","S-METOLACHLOR","其他雜糧類(高粱除外)、其他乾豆類(大豆除外)、其他(蔬果類)*、其他(穀類)*、其他(茶類)*","S-METOLACHLOR：規則無明文（D 檔標示一般「其他…」列無逐列明文定義；即使另有星號列也不得略過此不確定性）","052、124、006、007、008","-"
"落花生","依芬寧","ETOFENPROX","其他乾豆類(油菜籽除外)","ETOFENPROX：規則無明文（D 檔標示一般「其他…」列無逐列明文定義；即使另有星號列也不得略過此不確定性）","132","-"
"落花生","莫多草","METOLACHLOR","其他雜糧類(高粱除外)、其他乾豆類(大豆除外)、其他(蔬果類)*、其他(穀類)*、其他(茶類)*","METOLACHLOR：規則無明文（D 檔標示一般「其他…」列無逐列明文定義；即使另有星號列也不得略過此不確定性）","052、124、006、007、008","-"
"落葵","克凡派","CHLORFENAPYR","其他瓜果類(洋香瓜除外)、其他小葉菜類(韭菜、茼蒿、菠菜、葉用豌豆除外)、其他(蔬果類)*、其他(穀類)*、其他(茶類)*","CHLORFENAPYR：規則無明文（D 檔標示一般「其他…」列無逐列明文定義；即使另有星號列也不得略過此不確定性）","033、053、006、007、008","-"
"落葵","剋安勃","CHLORANTRANILIPROLE","其他十字花科包葉菜類(甘藍、青花菜除外)、其他小葉菜類(十字花科小葉菜類、不結球萵苣、半結球萵苣、芹菜、菠菜、葉用豌豆、白鳳菜、芳香萬壽菊、青蔥、枸杞葉、紅鳳菜、韭菜、韭菜花、韭黃、香椿、茼蒿、蒜、龍鬚菜、闊包菊除外)、其他小漿果類(草莓、黑莓、蔓越莓、藍莓、覆盆子、葡萄除外)、其他瓜果類(洋香瓜、香瓜除外)、其他瓜菜類(胡瓜除外)、其他果菜類(甜椒、番茄、辣椒除外)、其他根莖菜類(胡蘿蔔、豆薯、狗尾草根、闊葉大豆根、蘿蔔除外)、其他堅果類(杏仁、美洲胡桃除外)、其他梨果類(李、杏、油桃、桃、梅、梨、蘋果、櫻桃除外)、其他麥類(大麥、小麥除外)、其他雜糧類(高粱除外)、其他(蔬果類)*、其他(穀類)*、其他(茶類)*","CHLORANTRANILIPROLE：規則無明文（D 檔標示一般「其他…」列無逐列明文定義；即使另有星號列也不得略過此不確定性）","043、044、045、046、047、048、049、050、025、051、052、006、007、008","-"
"落葵","硫敵克","THIODICARB","其他小葉菜類(芹菜除外)、其他包葉菜類(甘藍、青花菜及結球萵苣除外)、其他(蔬果類)*、其他(穀類)*、其他(茶類)*","THIODICARB：規則無明文（D 檔標示一般「其他…」列無逐列明文定義；即使另有星號列也不得略過此不確定性）","004、109、006、007、008","-"
"落葵","賽洛寧","LAMBDA-CYHALOTHRIN","其他小葉菜類(蒜除外)、其他核果類(荔枝除外)、其他根莖菜類(山藥、牛蒡、甘藷、芋頭、豆薯、洋蔥、胡蘿蔔、百合鱗莖、紅蔥頭、馬鈴薯、黑皮波羅門參、蒜頭、樹薯、蕎頭、狗尾草根、闊葉大豆根及蘆筍除外)、其他堅果類(胡桃、榛果除外)、其他梨果類(柿除外)、其他(蔬果類)*、其他(穀類)*、其他(茶類)*","LAMBDA-CYHALOTHRIN：規則無明文（D 檔標示一般「其他…」列無逐列明文定義；即使另有星號列也不得略過此不確定性）","068、069、070、071、072、006、007、008","-"
"葡萄","三元銅克絕","CYMOXANIL","其他小漿果類(草莓除外)、其他(蔬果類)*、其他(穀類)*、其他(茶類)*","CYMOXANIL：規則無明文（D 檔標示一般「其他…」列無逐列明文定義；即使另有星號列也不得略過此不確定性）","026、006、007、008","-"
"葡萄","凡殺克絕","CYMOXANIL","其他小漿果類(草莓除外)、其他(蔬果類)*、其他(穀類)*、其他(茶類)*","CYMOXANIL：規則無明文（D 檔標示一般「其他…」列無逐列明文定義；即使另有星號列也不得略過此不確定性）","026、006、007、008","-"
"葡萄","比芬諾","PYRIFENOX","其他(蔬果類)*、其他(穀類)*、其他(茶類)*","PYRIFENOX：建議涵蓋（附表一註五檢體 I 類；只代表定量極限，不代表核准用藥範圍）","006","0.01*"
"葡萄","四氯異苯腈","CHLOROTHALONIL","其他小葉菜類(十字花科小葉菜類除外)、其他小漿果類(草莓、藍莓除外)、其他乾豆類(落花生除外)、其他根莖菜類(人參(鮮)除外)、其他(蔬果類)*、其他(穀類)*、其他(茶類)*","CHLOROTHALONIL：規則無明文（D 檔標示一般「其他…」列無逐列明文定義；即使另有星號列也不得略過此不確定性）","055、056、057、058、006、007、008","-"
"葡萄","克絕波爾多","CYMOXANIL","其他小漿果類(草莓除外)、其他(蔬果類)*、其他(穀類)*、其他(茶類)*","CYMOXANIL：規則無明文（D 檔標示一般「其他…」列無逐列明文定義；即使另有星號列也不得略過此不確定性）","026、006、007、008","-"
"葡萄","克絕座賽胺","CYMOXANIL","其他小漿果類(草莓除外)、其他(蔬果類)*、其他(穀類)*、其他(茶類)*","CYMOXANIL：規則無明文（D 檔標示一般「其他…」列無逐列明文定義；即使另有星號列也不得略過此不確定性）","026、006、007、008","-"
"葡萄","免得爛","METIRAM","其他小漿果類(草莓除外)","METIRAM：規則無明文（D 檔標示一般「其他…」列無逐列明文定義；即使另有星號列也不得略過此不確定性）","026","-"
"葡萄","快得克絕","CYMOXANIL","其他小漿果類(草莓除外)、其他(蔬果類)*、其他(穀類)*、其他(茶類)*","CYMOXANIL：規則無明文（D 檔標示一般「其他…」列無逐列明文定義；即使另有星號列也不得略過此不確定性）","026、006、007、008","-"
"葡萄","亞托敏","AZOXYSTROBIN","其他小葉菜類(半結球萵苣、不結球萵苣、芹菜、青蔥、蒜及茼蒿除外)、其他小漿果類(藍莓、覆盆子除外)、其他豆菜類(刀豆、毛豆、花豆(鮮)、扁豆、豇豆(鮮)、萊豆、菜豆、豌豆、樹豆(鮮)、翼豆、蠶豆(鮮)、鷹嘴豆除外)、其他果菜類(枸杞、茄子、甜椒、番茄、辣椒除外)、其他根莖菜類(芋頭、洋蔥、馬鈴薯、甜菜根、人參(鮮)、牛蒡、豆薯、百合鱗莖、紅蔥頭、黑皮波羅門參、蕎頭、薑、蘆筍除外)、其他草木本植物(火龍果花、菊花除外)、其他堅果類(杏仁、開心果除外)、其他(蔬果類)*、其他(穀類)*、其他(茶類)*","AZOXYSTROBIN：規則無明文（D 檔標示一般「其他…」列無逐列明文定義；即使另有星號列也不得略過此不確定性）","017、018、019、020、021、022、023、006、007、008","-"
"葡萄","固殺草","GLUFOSINATE-AMMONIUM","其他梨果類(柿除外)、其他小漿果類(蓮霧除外)","GLUFOSINATE-AMMONIUM：規則無明文（D 檔標示一般「其他…」列無逐列明文定義；即使另有星號列也不得略過此不確定性）","072、150","-"
"葡萄","得恩地","THIRAM","其他小漿果類(草莓除外)","THIRAM：規則無明文（D 檔標示一般「其他…」列無逐列明文定義；即使另有星號列也不得略過此不確定性）","026","-"
"葡萄","畢芬寧","BIFENTHRIN","其他小漿果類(草莓除外)、其他果菜類(金針、洛神葵除外)、其他根莖菜類(山藥除外)、其他(蔬果類)*、其他(穀類)*、其他(茶類)*","BIFENTHRIN：規則無明文（D 檔標示一般「其他…」列無逐列明文定義；即使另有星號列也不得略過此不確定性）","026、027、028、006、007、008","-"
"葡萄","腈硫克絕","CYMOXANIL","其他小漿果類(草莓除外)、其他(蔬果類)*、其他(穀類)*、其他(茶類)*","CYMOXANIL：規則無明文（D 檔標示一般「其他…」列無逐列明文定義；即使另有星號列也不得略過此不確定性）","026、006、007、008","-"
"葡萄","福賽快得寧","FOSETYL-AL","其他小葉菜類(不結球萵苣、半結球萵苣、羽衣甘藍及蕹菜除外)、其他小漿果類(草莓除外)","FOSETYL-AL：規則無明文（D 檔標示一般「其他…」列無逐列明文定義；即使另有星號列也不得略過此不確定性）","149、026","-"
"葡萄","福賽得","FOSETYL-AL","其他小葉菜類(不結球萵苣、半結球萵苣、羽衣甘藍及蕹菜除外)、其他小漿果類(草莓除外)","FOSETYL-AL：規則無明文（D 檔標示一般「其他…」列無逐列明文定義；即使另有星號列也不得略過此不確定性）","149、026","-"
"葡萄","鋅錳乃浦","MANCOZEB","其他小漿果類(草莓除外)","MANCOZEB：規則無明文（D 檔標示一般「其他…」列無逐列明文定義；即使另有星號列也不得略過此不確定性）","026","-"
"葡萄","鋅錳克絕","CYMOXANIL","其他小漿果類(草莓除外)、其他(蔬果類)*、其他(穀類)*、其他(茶類)*","CYMOXANIL：規則無明文（D 檔標示一般「其他…」列無逐列明文定義；即使另有星號列也不得略過此不確定性）","026、006、007、008","-"
"葡萄","錳乃浦","MANEB","其他小漿果類(草莓除外)","MANEB：規則無明文（D 檔標示一般「其他…」列無逐列明文定義；即使另有星號列也不得略過此不確定性）","026","-"
"葫蘆科小葉菜類","右滅達樂","METALAXYL-M","其他小葉菜類(不結球萵苣、半結球萵苣、芹菜、青蔥及菠菜除外)、其他小漿果類(草莓、葡萄、蔓越莓及藍莓除外)、其他果菜類(甜椒除外)、其他根莖菜類(洋蔥、胡蘿蔔、馬鈴薯、甜菜根及蘿蔔除外)","METALAXYL-M：規則無明文（D 檔標示一般「其他…」列無逐列明文定義；即使另有星號列也不得略過此不確定性）","120、121、010、122","-"
"葫蘆科小葉菜類","四氯托敏","CHLOROTHALONIL || AZOXYSTROBIN","其他小葉菜類(十字花科小葉菜類除外)、其他小漿果類(草莓、藍莓除外)、其他乾豆類(落花生除外)、其他根莖菜類(人參(鮮)除外)、其他(蔬果類)*、其他(穀類)*、其他(茶類)* || 其他小葉菜類(半結球萵苣、不結球萵苣、芹菜、青蔥、蒜及茼蒿除外)、其他小漿果類(藍莓、覆盆子除外)、其他豆菜類(刀豆、毛豆、花豆(鮮)、扁豆、豇豆(鮮)、萊豆、菜豆、豌豆、樹豆(鮮)、翼豆、蠶豆(鮮)、鷹嘴豆除外)、其他果菜類(枸杞、茄子、甜椒、番茄、辣椒除外)、其他根莖菜類(芋頭、洋蔥、馬鈴薯、甜菜根、人參(鮮)、牛蒡、豆薯、百合鱗莖、紅蔥頭、黑皮波羅門參、蕎頭、薑、蘆筍除外)、其他草木本植物(火龍果花、菊花除外)、其他堅果類(杏仁、開心果除外)、其他(蔬果類)*、其他(穀類)*、其他(茶類)*","CHLOROTHALONIL：規則無明文（D 檔標示一般「其他…」列無逐列明文定義；即使另有星號列也不得略過此不確定性） || AZOXYSTROBIN：規則無明文（D 檔標示一般「其他…」列無逐列明文定義；即使另有星號列也不得略過此不確定性）","055、056、057、058、006、007、008 || 017、018、019、020、021、022、023、006、007、008","- || -"
"葫蘆科小葉菜類","四氯異苯腈","CHLOROTHALONIL","其他小葉菜類(十字花科小葉菜類除外)、其他小漿果類(草莓、藍莓除外)、其他乾豆類(落花生除外)、其他根莖菜類(人參(鮮)除外)、其他(蔬果類)*、其他(穀類)*、其他(茶類)*","CHLOROTHALONIL：規則無明文（D 檔標示一般「其他…」列無逐列明文定義；即使另有星號列也不得略過此不確定性）","055、056、057、058、006、007、008","-"
"葫蘆科小葉菜類","百克敏","PYRACLOSTROBIN","其他乾豆類(落花生、小扁豆、菜豆、大豆、葵花籽、豌豆除外)、其他堅果類(開心果除外)、其他(蔬果類)*、其他(穀類)*、其他(茶類)*、其他十字花科小葉菜類(芥菜除外)","PYRACLOSTROBIN：規則無明文（D 檔標示一般「其他…」列無逐列明文定義；即使另有星號列也不得略過此不確定性）","160、161、006、007、008、181","-"
"葫蘆科小葉菜類","百利普芬","PYRIPROXYFEN","其他柑桔類(葡萄柚、檸檬除外)、其他梨果類(櫻桃除外)、其他(蔬果類)*、其他(穀類)*、其他(茶類)*","PYRIPROXYFEN：規則無明文（D 檔標示一般「其他…」列無逐列明文定義；即使另有星號列也不得略過此不確定性）","107、131、006、007、008","-"
"葫蘆科小葉菜類","免得克敏","PYRACLOSTROBIN","其他乾豆類(落花生、小扁豆、菜豆、大豆、葵花籽、豌豆除外)、其他堅果類(開心果除外)、其他(蔬果類)*、其他(穀類)*、其他(茶類)*、其他十字花科小葉菜類(芥菜除外)","PYRACLOSTROBIN：規則無明文（D 檔標示一般「其他…」列無逐列明文定義；即使另有星號列也不得略過此不確定性）","160、161、006、007、008、181","-"
"葫蘆科小葉菜類","亞托敏","AZOXYSTROBIN","其他小葉菜類(半結球萵苣、不結球萵苣、芹菜、青蔥、蒜及茼蒿除外)、其他小漿果類(藍莓、覆盆子除外)、其他豆菜類(刀豆、毛豆、花豆(鮮)、扁豆、豇豆(鮮)、萊豆、菜豆、豌豆、樹豆(鮮)、翼豆、蠶豆(鮮)、鷹嘴豆除外)、其他果菜類(枸杞、茄子、甜椒、番茄、辣椒除外)、其他根莖菜類(芋頭、洋蔥、馬鈴薯、甜菜根、人參(鮮)、牛蒡、豆薯、百合鱗莖、紅蔥頭、黑皮波羅門參、蕎頭、薑、蘆筍除外)、其他草木本植物(火龍果花、菊花除外)、其他堅果類(杏仁、開心果除外)、其他(蔬果類)*、其他(穀類)*、其他(茶類)*","AZOXYSTROBIN：規則無明文（D 檔標示一般「其他…」列無逐列明文定義；即使另有星號列也不得略過此不確定性）","017、018、019、020、021、022、023、006、007、008","-"
"葫蘆科小葉菜類","剋安勃","CHLORANTRANILIPROLE","其他十字花科包葉菜類(甘藍、青花菜除外)、其他小葉菜類(十字花科小葉菜類、不結球萵苣、半結球萵苣、芹菜、菠菜、葉用豌豆、白鳳菜、芳香萬壽菊、青蔥、枸杞葉、紅鳳菜、韭菜、韭菜花、韭黃、香椿、茼蒿、蒜、龍鬚菜、闊包菊除外)、其他小漿果類(草莓、黑莓、蔓越莓、藍莓、覆盆子、葡萄除外)、其他瓜果類(洋香瓜、香瓜除外)、其他瓜菜類(胡瓜除外)、其他果菜類(甜椒、番茄、辣椒除外)、其他根莖菜類(胡蘿蔔、豆薯、狗尾草根、闊葉大豆根、蘿蔔除外)、其他堅果類(杏仁、美洲胡桃除外)、其他梨果類(李、杏、油桃、桃、梅、梨、蘋果、櫻桃除外)、其他麥類(大麥、小麥除外)、其他雜糧類(高粱除外)、其他(蔬果類)*、其他(穀類)*、其他(茶類)*","CHLORANTRANILIPROLE：規則無明文（D 檔標示一般「其他…」列無逐列明文定義；即使另有星號列也不得略過此不確定性）","043、044、045、046、047、048、049、050、025、051、052、006、007、008","-"
"葫蘆科小葉菜類","益達胺","IMIDACLOPRID","其他小葉菜類(半結球萵苣、不結球萵苣、蒜、蕗蕎及芹菜除外)、其他包葉菜類(結球萵苣除外)、其他豆菜類(毛豆除外)、其他果菜類(甜椒、金針除外)、其他核果類(橄欖除外)、其他根莖菜類(茭白筍、蓮藕、山藥、洋蔥、紅蔥頭、馬鈴薯、黑皮波羅門參、牛蒡、百合鱗莖、竹筍、芋頭、豆薯除外)、其他乾豆類(油菜籽、葵花籽、蓮子、落花生、大豆、芝麻除外)、其他(蔬果類)*、其他(穀類)*、其他(茶類)*","IMIDACLOPRID：規則無明文（D 檔標示一般「其他…」列無逐列明文定義；即使另有星號列也不得略過此不確定性）","156、009、059、157、084、158、159、006、007、008","-"
"葫蘆科小葉菜類","普拔克","PROPAMOCARB HYDROCHLORIDE","其他(蔬果類)*、其他(穀類)*、其他(茶類)*","PROPAMOCARB HYDROCHLORIDE：建議涵蓋（附表一註五檢體 I 類；只代表定量極限，不代表核准用藥範圍）","006","0.01*"
"葫蘆科小葉菜類","硫敵克","THIODICARB","其他小葉菜類(芹菜除外)、其他包葉菜類(甘藍、青花菜及結球萵苣除外)、其他(蔬果類)*、其他(穀類)*、其他(茶類)*","THIODICARB：規則無明文（D 檔標示一般「其他…」列無逐列明文定義；即使另有星號列也不得略過此不確定性）","004、109、006、007、008","-"
"葫蘆科小葉菜類","滅達樂","METALAXYL","其他小葉菜類(不結球萵苣、半結球萵苣、芹菜、青蔥及菠菜除外)、其他小漿果類(草莓、葡萄、蔓越莓及藍莓除外)、其他果菜類(甜椒除外)、其他根莖菜類(洋蔥、胡蘿蔔、馬鈴薯、甜菜根及蘿蔔除外)","METALAXYL：規則無明文（D 檔標示一般「其他…」列無逐列明文定義；即使另有星號列也不得略過此不確定性）","120、121、010、122","-"
"葫蘆科小葉菜類","達滅克絕","DIMETHOMORPH || CYMOXANIL","其他小漿果類(草莓、葡萄及蓮霧除外)、其他瓜果類(西瓜、洋香瓜、香瓜除外)、其他瓜菜類(小黃瓜、胡瓜除外)、其他果菜類(番茄、枸杞、茄子、甜椒、辣椒除外)、其他(蔬果類)*、其他(穀類)*、其他(茶類)* || 其他小漿果類(草莓除外)、其他(蔬果類)*、其他(穀類)*、其他(茶類)*","DIMETHOMORPH：規則無明文（D 檔標示一般「其他…」列無逐列明文定義；即使另有星號列也不得略過此不確定性） || CYMOXANIL：規則無明文（D 檔標示一般「其他…」列無逐列明文定義；即使另有星號列也不得略過此不確定性）","092、064、015、093、006、007、008 || 026、006、007、008","- || -"
"葫蘆科小葉菜類","賜派滅","SPIROTETRAMAT","其他十字花科包葉菜類(甘藍除外)、其他小葉菜類(十字花科小葉菜類、芹菜除外)、其他乾豆類(棉籽、大豆除外)、其他梨果類(印度棗、李、杏、枇杷、油桃、紅棗、桃、梅、梨、櫻桃除外)","SPIROTETRAMAT：規則無明文（D 檔標示一般「其他…」列無逐列明文定義；即使另有星號列也不得略過此不確定性）","115、169、170、171","-"
"葫蘆科小葉菜類","賜諾特","SPINETORAM","其他豆菜類(毛豆、菜豆、蠶豆除外)","SPINETORAM：規則無明文（D 檔標示一般「其他…」列無逐列明文定義；即使另有星號列也不得略過此不確定性）","166","-"
"葫蘆科小葉菜類","賜諾殺","SPINOSAD","其他小葉菜類(不結球萵苣、半結球萵苣、芹菜、青蔥及紫蘇除外)、其他梨果類(蘋果除外)","SPINOSAD：規則無明文（D 檔標示一般「其他…」列無逐列明文定義；即使另有星號列也不得略過此不確定性）","167、168","-"
"葫蘆科小葉菜類","賽洛寧","LAMBDA-CYHALOTHRIN","其他小葉菜類(蒜除外)、其他核果類(荔枝除外)、其他根莖菜類(山藥、牛蒡、甘藷、芋頭、豆薯、洋蔥、胡蘿蔔、百合鱗莖、紅蔥頭、馬鈴薯、黑皮波羅門參、蒜頭、樹薯、蕎頭、狗尾草根、闊葉大豆根及蘆筍除外)、其他堅果類(胡桃、榛果除外)、其他梨果類(柿除外)、其他(蔬果類)*、其他(穀類)*、其他(茶類)*","LAMBDA-CYHALOTHRIN：規則無明文（D 檔標示一般「其他…」列無逐列明文定義；即使另有星號列也不得略過此不確定性）","068、069、070、071、072、006、007、008","-"
"葫蘆科小葉菜類","賽速安","THIAMETHOXAM","其他小葉菜類(不結球萵苣、半結球萵苣除外)、其他小漿果類(番石榴、葡萄除外)、其他豆菜類(刀豆、毛豆、花豆、扁豆、豇豆、菜豆、萊豆、豌豆、樹豆、翼豆、蠶豆、鷹嘴豆除外)、其他果菜類(番茄除外)、其他柑桔類(葡萄柚、檸檬除外)、其他梨果類(李、杏、油桃、柿、桃、梅、梨、蘋果、櫻桃除外)、其他(蔬果類)*、其他(穀類)*、其他(茶類)*","THIAMETHOXAM：規則無明文（D 檔標示一般「其他…」列無逐列明文定義；即使另有星號列也不得略過此不確定性）","104、105、106、065、107、108、006、007、008","-"
"葫蘆科小葉菜類","賽滅淨","CYROMAZINE","其他小葉菜類(?結球萵苣、半結球萵苣、芹菜、青蔥、菠菜、茼蒿除外)、其他豆菜類(萊豆除外)、其他包葉菜類(結球萵苣除外)、其他果菜類(甜椒、茄子、枸杞、番茄、辣椒除外)","CYROMAZINE：規則無明文（D 檔標示一般「其他…」列無逐列明文定義；即使另有星號列也不得略過此不確定性）","079、080、009、081","-"
"過溝菜蕨","克凡派","CHLORFENAPYR","其他瓜果類(洋香瓜除外)、其他小葉菜類(韭菜、茼蒿、菠菜、葉用豌豆除外)、其他(蔬果類)*、其他(穀類)*、其他(茶類)*","CHLORFENAPYR：規則無明文（D 檔標示一般「其他…」列無逐列明文定義；即使另有星號列也不得略過此不確定性）","033、053、006、007、008","-"
"過溝菜蕨","剋安勃","CHLORANTRANILIPROLE","其他十字花科包葉菜類(甘藍、青花菜除外)、其他小葉菜類(十字花科小葉菜類、不結球萵苣、半結球萵苣、芹菜、菠菜、葉用豌豆、白鳳菜、芳香萬壽菊、青蔥、枸杞葉、紅鳳菜、韭菜、韭菜花、韭黃、香椿、茼蒿、蒜、龍鬚菜、闊包菊除外)、其他小漿果類(草莓、黑莓、蔓越莓、藍莓、覆盆子、葡萄除外)、其他瓜果類(洋香瓜、香瓜除外)、其他瓜菜類(胡瓜除外)、其他果菜類(甜椒、番茄、辣椒除外)、其他根莖菜類(胡蘿蔔、豆薯、狗尾草根、闊葉大豆根、蘿蔔除外)、其他堅果類(杏仁、美洲胡桃除外)、其他梨果類(李、杏、油桃、桃、梅、梨、蘋果、櫻桃除外)、其他麥類(大麥、小麥除外)、其他雜糧類(高粱除外)、其他(蔬果類)*、其他(穀類)*、其他(茶類)*","CHLORANTRANILIPROLE：規則無明文（D 檔標示一般「其他…」列無逐列明文定義；即使另有星號列也不得略過此不確定性）","043、044、045、046、047、048、049、050、025、051、052、006、007、008","-"
"過溝菜蕨","硫敵克","THIODICARB","其他小葉菜類(芹菜除外)、其他包葉菜類(甘藍、青花菜及結球萵苣除外)、其他(蔬果類)*、其他(穀類)*、其他(茶類)*","THIODICARB：規則無明文（D 檔標示一般「其他…」列無逐列明文定義；即使另有星號列也不得略過此不確定性）","004、109、006、007、008","-"
"過溝菜蕨","毆殺滅","OXAMYL","其他小葉菜類(芹菜除外)、其他柑桔類(柳橙除外)、其他果菜類(番茄除外)、其他(蔬果類)*、其他(穀類)*、其他(茶類)*","OXAMYL：規則無明文（D 檔標示一般「其他…」列無逐列明文定義；即使另有星號列也不得略過此不確定性）","004、129、065、006、007、008","-"
"過溝菜蕨","賽洛寧","LAMBDA-CYHALOTHRIN","其他小葉菜類(蒜除外)、其他核果類(荔枝除外)、其他根莖菜類(山藥、牛蒡、甘藷、芋頭、豆薯、洋蔥、胡蘿蔔、百合鱗莖、紅蔥頭、馬鈴薯、黑皮波羅門參、蒜頭、樹薯、蕎頭、狗尾草根、闊葉大豆根及蘆筍除外)、其他堅果類(胡桃、榛果除外)、其他梨果類(柿除外)、其他(蔬果類)*、其他(穀類)*、其他(茶類)*","LAMBDA-CYHALOTHRIN：規則無明文（D 檔標示一般「其他…」列無逐列明文定義；即使另有星號列也不得略過此不確定性）","068、069、070、071、072、006、007、008","-"
"酪梨","芬普寧","FENPROPATHRIN","其他大漿果類(番荔枝除外)、其他莓(草莓除外)、其他柑桔類(柳橙、葡萄柚、檸檬除外)、其他梨果類﹙李、油桃、桃、蘋果及櫻桃除外﹚、其他(蔬果類)*、其他(穀類)*、其他(茶類)*","FENPROPATHRIN：規則無明文（D 檔標示一般「其他…」列無逐列明文定義；即使另有星號列也不得略過此不確定性）","135、034、136、137、006、007、008","-"
"鼠李科梨果類","百利普芬","PYRIPROXYFEN","其他柑桔類(葡萄柚、檸檬除外)、其他梨果類(櫻桃除外)、其他(蔬果類)*、其他(穀類)*、其他(茶類)*","PYRIPROXYFEN：規則無明文（D 檔標示一般「其他…」列無逐列明文定義；即使另有星號列也不得略過此不確定性）","107、131、006、007、008","-"
"鼠李科梨果類","克收欣","KRESOXIM-METHYL","其他小漿果類(草莓、番石榴除外)、其他梨果類(柿除外)、其他(蔬果類)*、其他(穀類)*、其他(茶類)*","KRESOXIM-METHYL：規則無明文（D 檔標示一般「其他…」列無逐列明文定義；即使另有星號列也不得略過此不確定性）","117、072、006、007、008","-"
"鼠李科梨果類","免賴得","BENOMYL","其他小漿果類(草莓及葡萄除外)、其他果菜類(洛神葵除外)、其他柑桔類(檸檬除外)、其他香辛植物(果實)(胡椒除外)、其他核果類(芒果除外)、其他乾豆類(油菜籽、落花生、大豆除外)、其他堅果類(澳洲胡桃除外)、其他梨果類(印度棗及櫻桃除外)、其他(蔬果類)*、其他(穀類)*、其他(茶類)*","BENOMYL：規則無明文（D 檔標示一般「其他…」列無逐列明文定義；即使另有星號列也不得略過此不確定性）","035、036、037、038、039、040、041、042、006、007、008","-"
"鼠李科梨果類","貝芬菲克利","CARBENDAZIM || HEXACONAZOLE","其他小漿果類(草莓及葡萄除外)、其他果菜類(洛神葵除外)、其他柑桔類(檸檬除外)、其他香辛植物(果實)(胡椒除外)、其他核果類(芒果除外)、其他乾豆類(油菜籽、落花生、大豆除外)、其他堅果類(澳洲胡桃除外)、其他梨果類(印度棗及櫻桃除外)、其他(蔬果類)*、其他(穀類)*、其他(茶類)* || 其他梨果類(印度棗除外)、其他(蔬果類)*、其他(穀類)*、其他(茶類)*","CARBENDAZIM：規則無明文（D 檔標示一般「其他…」列無逐列明文定義；即使另有星號列也不得略過此不確定性） || HEXACONAZOLE：規則無明文（D 檔標示一般「其他…」列無逐列明文定義；即使另有星號列也不得略過此不確定性）","035、036、037、038、039、040、041、042、006、007、008 || 152、006、007、008","- || -"
"鼠李科梨果類","得芬諾","TEBUFENOZIDE","其他小葉菜類(茼蒿除外)、其他梨果類(柿除外)、其他(蔬果類)*、其他(穀類)*、其他(茶類)*","TEBUFENOZIDE：規則無明文（D 檔標示一般「其他…」列無逐列明文定義；即使另有星號列也不得略過此不確定性）","101、072、006、007、008","-"
"鼠李科梨果類","第滅寧","DELTAMETHRIN","其他根莖菜類(牛蒡、竹筍、洋蔥、胡蘿蔔、黑皮波羅門參、蘿蔔除外)、其他雜糧類(高粱除外)、其他果菜類(金針除外)、其他核果類(橄欖除外)、其他梨果類(桃除外)、其他(蔬果類)*、其他(穀類)*、其他(茶類)*","DELTAMETHRIN：規則無明文（D 檔標示一般「其他…」列無逐列明文定義；即使另有星號列也不得略過此不確定性）","082、052、083、084、085、006、007、008","-"
"鼠李科梨果類","菲克利","HEXACONAZOLE","其他梨果類(印度棗除外)、其他(蔬果類)*、其他(穀類)*、其他(茶類)*","HEXACONAZOLE：規則無明文（D 檔標示一般「其他…」列無逐列明文定義；即使另有星號列也不得略過此不確定性）","152、006、007、008","-"
"鼠李科梨果類","賽洛寧","LAMBDA-CYHALOTHRIN","其他小葉菜類(蒜除外)、其他核果類(荔枝除外)、其他根莖菜類(山藥、牛蒡、甘藷、芋頭、豆薯、洋蔥、胡蘿蔔、百合鱗莖、紅蔥頭、馬鈴薯、黑皮波羅門參、蒜頭、樹薯、蕎頭、狗尾草根、闊葉大豆根及蘆筍除外)、其他堅果類(胡桃、榛果除外)、其他梨果類(柿除外)、其他(蔬果類)*、其他(穀類)*、其他(茶類)*","LAMBDA-CYHALOTHRIN：規則無明文（D 檔標示一般「其他…」列無逐列明文定義；即使另有星號列也不得略過此不確定性）","068、069、070、071、072、006、007、008","-"
"榴槤蜜","嘉保信","OXYCARBOXIN","其他(蔬果類)*、其他(穀類)*、其他(茶類)*","OXYCARBOXIN：建議涵蓋（附表一註五檢體 I 類；只代表定量極限，不代表核准用藥範圍）","006","0.01*"
"綠豆","百滅寧","PERMETHRIN","其他包葉菜類(甘藍及結球萵苣除外)、其他根莖菜類(蘆筍除外)、其他乾豆類(棉籽、葵花籽除外)、其他(蔬果類)*、其他(穀類)*、其他(茶類)*","PERMETHRIN：規則無明文（D 檔標示一般「其他…」列無逐列明文定義；即使另有星號列也不得略過此不確定性）","174、173、175、006、007、008","-"
"臺灣藜","剋安勃","CHLORANTRANILIPROLE","其他十字花科包葉菜類(甘藍、青花菜除外)、其他小葉菜類(十字花科小葉菜類、不結球萵苣、半結球萵苣、芹菜、菠菜、葉用豌豆、白鳳菜、芳香萬壽菊、青蔥、枸杞葉、紅鳳菜、韭菜、韭菜花、韭黃、香椿、茼蒿、蒜、龍鬚菜、闊包菊除外)、其他小漿果類(草莓、黑莓、蔓越莓、藍莓、覆盆子、葡萄除外)、其他瓜果類(洋香瓜、香瓜除外)、其他瓜菜類(胡瓜除外)、其他果菜類(甜椒、番茄、辣椒除外)、其他根莖菜類(胡蘿蔔、豆薯、狗尾草根、闊葉大豆根、蘿蔔除外)、其他堅果類(杏仁、美洲胡桃除外)、其他梨果類(李、杏、油桃、桃、梅、梨、蘋果、櫻桃除外)、其他麥類(大麥、小麥除外)、其他雜糧類(高粱除外)、其他(蔬果類)*、其他(穀類)*、其他(茶類)*","CHLORANTRANILIPROLE：規則無明文（D 檔標示一般「其他…」列無逐列明文定義；即使另有星號列也不得略過此不確定性）","043、044、045、046、047、048、049、050、025、051、052、006、007、008","-"
"蒜","好達勝","PHOSPHINE","其他乾豆類(葵花籽除外)","PHOSPHINE：規則無明文（D 檔標示一般「其他…」列無逐列明文定義；即使另有星號列也不得略過此不確定性）","176","-"
"蒜","毆殺滅","OXAMYL","其他小葉菜類(芹菜除外)、其他柑桔類(柳橙除外)、其他果菜類(番茄除外)、其他(蔬果類)*、其他(穀類)*、其他(茶類)*","OXAMYL：規則無明文（D 檔標示一般「其他…」列無逐列明文定義；即使另有星號列也不得略過此不確定性）","004、129、065、006、007、008","-"
"鳳梨","馬拉松","MALATHION","其他大漿果類(番荔枝、黃金果及榴槤蜜除外)、其他果菜類(金針除外)、其他(蔬果類)*、其他(穀類)*、其他(茶類)*","MALATHION：規則無明文（D 檔標示一般「其他…」列無逐列明文定義；即使另有星號列也不得略過此不確定性）","118、083、006、007、008","-"
"蓮霧","凡殺克絕","CYMOXANIL","其他小漿果類(草莓除外)、其他(蔬果類)*、其他(穀類)*、其他(茶類)*","CYMOXANIL：規則無明文（D 檔標示一般「其他…」列無逐列明文定義；即使另有星號列也不得略過此不確定性）","026、006、007、008","-"
"蓮霧","甲基多保淨","THIOPHANATE-METHYL","其他小漿果類(草莓及葡萄除外)、其他果菜類(洛神葵除外)、其他柑桔類(檸檬除外)、其他香辛植物(果實)(胡椒除外)、其他核果類(芒果除外)、其他乾豆類(油菜籽、落花生、大豆除外)、其他堅果類(澳洲胡桃除外)、其他梨果類(印度棗及櫻桃除外)、其他(蔬果類)*、其他(穀類)*、其他(茶類)*","THIOPHANATE-METHYL：規則無明文（D 檔標示一般「其他…」列無逐列明文定義；即使另有星號列也不得略過此不確定性）","035、036、037、038、039、040、041、042、006、007、008","-"
"蓮霧","克收欣","KRESOXIM-METHYL","其他小漿果類(草莓、番石榴除外)、其他梨果類(柿除外)、其他(蔬果類)*、其他(穀類)*、其他(茶類)*","KRESOXIM-METHYL：規則無明文（D 檔標示一般「其他…」列無逐列明文定義；即使另有星號列也不得略過此不確定性）","117、072、006、007、008","-"
"蓮霧","免得爛","METIRAM","其他小漿果類(草莓除外)","METIRAM：規則無明文（D 檔標示一般「其他…」列無逐列明文定義；即使另有星號列也不得略過此不確定性）","026","-"
"蓮霧","貝芬四克利","CARBENDAZIM","其他小漿果類(草莓及葡萄除外)、其他果菜類(洛神葵除外)、其他柑桔類(檸檬除外)、其他香辛植物(果實)(胡椒除外)、其他核果類(芒果除外)、其他乾豆類(油菜籽、落花生、大豆除外)、其他堅果類(澳洲胡桃除外)、其他梨果類(印度棗及櫻桃除外)、其他(蔬果類)*、其他(穀類)*、其他(茶類)*","CARBENDAZIM：規則無明文（D 檔標示一般「其他…」列無逐列明文定義；即使另有星號列也不得略過此不確定性）","035、036、037、038、039、040、041、042、006、007、008","-"
"蓮霧","貝芬硫醌","CARBENDAZIM","其他小漿果類(草莓及葡萄除外)、其他果菜類(洛神葵除外)、其他柑桔類(檸檬除外)、其他香辛植物(果實)(胡椒除外)、其他核果類(芒果除外)、其他乾豆類(油菜籽、落花生、大豆除外)、其他堅果類(澳洲胡桃除外)、其他梨果類(印度棗及櫻桃除外)、其他(蔬果類)*、其他(穀類)*、其他(茶類)*","CARBENDAZIM：規則無明文（D 檔標示一般「其他…」列無逐列明文定義；即使另有星號列也不得略過此不確定性）","035、036、037、038、039、040、041、042、006、007、008","-"
"蓮霧","貝芬撲克拉","CARBENDAZIM","其他小漿果類(草莓及葡萄除外)、其他果菜類(洛神葵除外)、其他柑桔類(檸檬除外)、其他香辛植物(果實)(胡椒除外)、其他核果類(芒果除外)、其他乾豆類(油菜籽、落花生、大豆除外)、其他堅果類(澳洲胡桃除外)、其他梨果類(印度棗及櫻桃除外)、其他(蔬果類)*、其他(穀類)*、其他(茶類)*","CARBENDAZIM：規則無明文（D 檔標示一般「其他…」列無逐列明文定義；即使另有星號列也不得略過此不確定性）","035、036、037、038、039、040、041、042、006、007、008","-"
"蓮霧","亞托待克利","AZOXYSTROBIN","其他小葉菜類(半結球萵苣、不結球萵苣、芹菜、青蔥、蒜及茼蒿除外)、其他小漿果類(藍莓、覆盆子除外)、其他豆菜類(刀豆、毛豆、花豆(鮮)、扁豆、豇豆(鮮)、萊豆、菜豆、豌豆、樹豆(鮮)、翼豆、蠶豆(鮮)、鷹嘴豆除外)、其他果菜類(枸杞、茄子、甜椒、番茄、辣椒除外)、其他根莖菜類(芋頭、洋蔥、馬鈴薯、甜菜根、人參(鮮)、牛蒡、豆薯、百合鱗莖、紅蔥頭、黑皮波羅門參、蕎頭、薑、蘆筍除外)、其他草木本植物(火龍果花、菊花除外)、其他堅果類(杏仁、開心果除外)、其他(蔬果類)*、其他(穀類)*、其他(茶類)*","AZOXYSTROBIN：規則無明文（D 檔標示一般「其他…」列無逐列明文定義；即使另有星號列也不得略過此不確定性）","017、018、019、020、021、022、023、006、007、008","-"
"蓮霧","亞托敏","AZOXYSTROBIN","其他小葉菜類(半結球萵苣、不結球萵苣、芹菜、青蔥、蒜及茼蒿除外)、其他小漿果類(藍莓、覆盆子除外)、其他豆菜類(刀豆、毛豆、花豆(鮮)、扁豆、豇豆(鮮)、萊豆、菜豆、豌豆、樹豆(鮮)、翼豆、蠶豆(鮮)、鷹嘴豆除外)、其他果菜類(枸杞、茄子、甜椒、番茄、辣椒除外)、其他根莖菜類(芋頭、洋蔥、馬鈴薯、甜菜根、人參(鮮)、牛蒡、豆薯、百合鱗莖、紅蔥頭、黑皮波羅門參、蕎頭、薑、蘆筍除外)、其他草木本植物(火龍果花、菊花除外)、其他堅果類(杏仁、開心果除外)、其他(蔬果類)*、其他(穀類)*、其他(茶類)*","AZOXYSTROBIN：規則無明文（D 檔標示一般「其他…」列無逐列明文定義；即使另有星號列也不得略過此不確定性）","017、018、019、020、021、022、023、006、007、008","-"
"蓮霧","得恩地","THIRAM","其他小漿果類(草莓除外)","THIRAM：規則無明文（D 檔標示一般「其他…」列無逐列明文定義；即使另有星號列也不得略過此不確定性）","026","-"
"蓮霧","畢芬寧","BIFENTHRIN","其他小漿果類(草莓除外)、其他果菜類(金針、洛神葵除外)、其他根莖菜類(山藥除外)、其他(蔬果類)*、其他(穀類)*、其他(茶類)*","BIFENTHRIN：規則無明文（D 檔標示一般「其他…」列無逐列明文定義；即使另有星號列也不得略過此不確定性）","026、027、028、006、007、008","-"
"蓮霧","福賽快得寧","FOSETYL-AL","其他小葉菜類(不結球萵苣、半結球萵苣、羽衣甘藍及蕹菜除外)、其他小漿果類(草莓除外)","FOSETYL-AL：規則無明文（D 檔標示一般「其他…」列無逐列明文定義；即使另有星號列也不得略過此不確定性）","149、026","-"
"蓮霧","鋅錳乃浦","MANCOZEB","其他小漿果類(草莓除外)","MANCOZEB：規則無明文（D 檔標示一般「其他…」列無逐列明文定義；即使另有星號列也不得略過此不確定性）","026","-"
"蓮霧","錳乃浦","MANEB","其他小漿果類(草莓除外)","MANEB：規則無明文（D 檔標示一般「其他…」列無逐列明文定義；即使另有星號列也不得略過此不確定性）","026","-"
"蔥科小葉菜類","右滅達樂","METALAXYL-M","其他小葉菜類(不結球萵苣、半結球萵苣、芹菜、青蔥及菠菜除外)、其他小漿果類(草莓、葡萄、蔓越莓及藍莓除外)、其他果菜類(甜椒除外)、其他根莖菜類(洋蔥、胡蘿蔔、馬鈴薯、甜菜根及蘿蔔除外)","METALAXYL-M：規則無明文（D 檔標示一般「其他…」列無逐列明文定義；即使另有星號列也不得略過此不確定性）","120、121、010、122","-"
"蔥科小葉菜類","四氯異苯腈","CHLOROTHALONIL","其他小葉菜類(十字花科小葉菜類除外)、其他小漿果類(草莓、藍莓除外)、其他乾豆類(落花生除外)、其他根莖菜類(人參(鮮)除外)、其他(蔬果類)*、其他(穀類)*、其他(茶類)*","CHLOROTHALONIL：規則無明文（D 檔標示一般「其他…」列無逐列明文定義；即使另有星號列也不得略過此不確定性）","055、056、057、058、006、007、008","-"
"蔥科小葉菜類","因得克","INDOXACARB","其他(蔬果類)*、其他(穀類)*、其他(茶類)*","INDOXACARB：建議涵蓋（附表一註五檢體 I 類；只代表定量極限，不代表核准用藥範圍）","006","0.01*"
"蔥科小葉菜類","百克敏","PYRACLOSTROBIN","其他乾豆類(落花生、小扁豆、菜豆、大豆、葵花籽、豌豆除外)、其他堅果類(開心果除外)、其他(蔬果類)*、其他(穀類)*、其他(茶類)*、其他十字花科小葉菜類(芥菜除外)","PYRACLOSTROBIN：規則無明文（D 檔標示一般「其他…」列無逐列明文定義；即使另有星號列也不得略過此不確定性）","160、161、006、007、008、181","-"
"蔥科小葉菜類","克凡派","CHLORFENAPYR","其他瓜果類(洋香瓜除外)、其他小葉菜類(韭菜、茼蒿、菠菜、葉用豌豆除外)、其他(蔬果類)*、其他(穀類)*、其他(茶類)*","CHLORFENAPYR：規則無明文（D 檔標示一般「其他…」列無逐列明文定義；即使另有星號列也不得略過此不確定性）","033、053、006、007、008","-"
"蔥科小葉菜類","亞托敏","AZOXYSTROBIN","其他小葉菜類(半結球萵苣、不結球萵苣、芹菜、青蔥、蒜及茼蒿除外)、其他小漿果類(藍莓、覆盆子除外)、其他豆菜類(刀豆、毛豆、花豆(鮮)、扁豆、豇豆(鮮)、萊豆、菜豆、豌豆、樹豆(鮮)、翼豆、蠶豆(鮮)、鷹嘴豆除外)、其他果菜類(枸杞、茄子、甜椒、番茄、辣椒除外)、其他根莖菜類(芋頭、洋蔥、馬鈴薯、甜菜根、人參(鮮)、牛蒡、豆薯、百合鱗莖、紅蔥頭、黑皮波羅門參、蕎頭、薑、蘆筍除外)、其他草木本植物(火龍果花、菊花除外)、其他堅果類(杏仁、開心果除外)、其他(蔬果類)*、其他(穀類)*、其他(茶類)*","AZOXYSTROBIN：規則無明文（D 檔標示一般「其他…」列無逐列明文定義；即使另有星號列也不得略過此不確定性）","017、018、019、020、021、022、023、006、007、008","-"
"蔥科小葉菜類","亞托環克座","AZOXYSTROBIN || CYPROCONAZOLE","其他小葉菜類(半結球萵苣、不結球萵苣、芹菜、青蔥、蒜及茼蒿除外)、其他小漿果類(藍莓、覆盆子除外)、其他豆菜類(刀豆、毛豆、花豆(鮮)、扁豆、豇豆(鮮)、萊豆、菜豆、豌豆、樹豆(鮮)、翼豆、蠶豆(鮮)、鷹嘴豆除外)、其他果菜類(枸杞、茄子、甜椒、番茄、辣椒除外)、其他根莖菜類(芋頭、洋蔥、馬鈴薯、甜菜根、人參(鮮)、牛蒡、豆薯、百合鱗莖、紅蔥頭、黑皮波羅門參、蕎頭、薑、蘆筍除外)、其他草木本植物(火龍果花、菊花除外)、其他堅果類(杏仁、開心果除外)、其他(蔬果類)*、其他(穀類)*、其他(茶類)* || 其他雜糧類(玉米、高粱除外)、其他(蔬果類)*、其他(穀類)*、其他(茶類)*","AZOXYSTROBIN：規則無明文（D 檔標示一般「其他…」列無逐列明文定義；即使另有星號列也不得略過此不確定性） || CYPROCONAZOLE：規則無明文（D 檔標示一般「其他…」列無逐列明文定義；即使另有星號列也不得略過此不確定性）","017、018、019、020、021、022、023、006、007、008 || 076、006、007、008","- || -"
"蔥科小葉菜類","阿巴汀","ABAMECTIN","其他小葉菜類(芹菜除外)、其他包葉菜類(十字花科包葉菜類、結球萵苣除外)、其他(蔬果類)*、其他(穀類)*、其他(茶類)*","ABAMECTIN：規則無明文（D 檔標示一般「其他…」列無逐列明文定義；即使另有星號列也不得略過此不確定性）","004、005、006、007、008","-"
"蔥科小葉菜類","剋安勃","CHLORANTRANILIPROLE","其他十字花科包葉菜類(甘藍、青花菜除外)、其他小葉菜類(十字花科小葉菜類、不結球萵苣、半結球萵苣、芹菜、菠菜、葉用豌豆、白鳳菜、芳香萬壽菊、青蔥、枸杞葉、紅鳳菜、韭菜、韭菜花、韭黃、香椿、茼蒿、蒜、龍鬚菜、闊包菊除外)、其他小漿果類(草莓、黑莓、蔓越莓、藍莓、覆盆子、葡萄除外)、其他瓜果類(洋香瓜、香瓜除外)、其他瓜菜類(胡瓜除外)、其他果菜類(甜椒、番茄、辣椒除外)、其他根莖菜類(胡蘿蔔、豆薯、狗尾草根、闊葉大豆根、蘿蔔除外)、其他堅果類(杏仁、美洲胡桃除外)、其他梨果類(李、杏、油桃、桃、梅、梨、蘋果、櫻桃除外)、其他麥類(大麥、小麥除外)、其他雜糧類(高粱除外)、其他(蔬果類)*、其他(穀類)*、其他(茶類)*","CHLORANTRANILIPROLE：規則無明文（D 檔標示一般「其他…」列無逐列明文定義；即使另有星號列也不得略過此不確定性）","043、044、045、046、047、048、049、050、025、051、052、006、007、008","-"
"蔥科小葉菜類","氟比拔克","FLUOPICOLIDE || PROPAMOCARB HYDROCHLORIDE","其他(蔬果類)*、其他(穀類)*、其他(茶類)* || 其他(蔬果類)*、其他(穀類)*、其他(茶類)*","FLUOPICOLIDE：建議涵蓋（附表一註五檢體 I 類；只代表定量極限，不代表核准用藥範圍） || PROPAMOCARB HYDROCHLORIDE：建議涵蓋（附表一註五檢體 I 類；只代表定量極限，不代表核准用藥範圍）","006 || 006","0.01* || 0.01*"
"蔥科小葉菜類","益達胺","IMIDACLOPRID","其他小葉菜類(半結球萵苣、不結球萵苣、蒜、蕗蕎及芹菜除外)、其他包葉菜類(結球萵苣除外)、其他豆菜類(毛豆除外)、其他果菜類(甜椒、金針除外)、其他核果類(橄欖除外)、其他根莖菜類(茭白筍、蓮藕、山藥、洋蔥、紅蔥頭、馬鈴薯、黑皮波羅門參、牛蒡、百合鱗莖、竹筍、芋頭、豆薯除外)、其他乾豆類(油菜籽、葵花籽、蓮子、落花生、大豆、芝麻除外)、其他(蔬果類)*、其他(穀類)*、其他(茶類)*","IMIDACLOPRID：規則無明文（D 檔標示一般「其他…」列無逐列明文定義；即使另有星號列也不得略過此不確定性）","156、009、059、157、084、158、159、006、007、008","-"
"蔥科小葉菜類","得芬諾","TEBUFENOZIDE","其他小葉菜類(茼蒿除外)、其他梨果類(柿除外)、其他(蔬果類)*、其他(穀類)*、其他(茶類)*","TEBUFENOZIDE：規則無明文（D 檔標示一般「其他…」列無逐列明文定義；即使另有星號列也不得略過此不確定性）","101、072、006、007、008","-"
"蔥科小葉菜類","普拔克","PROPAMOCARB HYDROCHLORIDE","其他(蔬果類)*、其他(穀類)*、其他(茶類)*","PROPAMOCARB HYDROCHLORIDE：建議涵蓋（附表一註五檢體 I 類；只代表定量極限，不代表核准用藥範圍）","006","0.01*"
"蔥科小葉菜類","硫敵克","THIODICARB","其他小葉菜類(芹菜除外)、其他包葉菜類(甘藍、青花菜及結球萵苣除外)、其他(蔬果類)*、其他(穀類)*、其他(茶類)*","THIODICARB：規則無明文（D 檔標示一般「其他…」列無逐列明文定義；即使另有星號列也不得略過此不確定性）","004、109、006、007、008","-"
"蔥科小葉菜類","滅達樂","METALAXYL","其他小葉菜類(不結球萵苣、半結球萵苣、芹菜、青蔥及菠菜除外)、其他小漿果類(草莓、葡萄、蔓越莓及藍莓除外)、其他果菜類(甜椒除外)、其他根莖菜類(洋蔥、胡蘿蔔、馬鈴薯、甜菜根及蘿蔔除外)","METALAXYL：規則無明文（D 檔標示一般「其他…」列無逐列明文定義；即使另有星號列也不得略過此不確定性）","120、121、010、122","-"
"蔥科小葉菜類","滅賜克","METHIOCARB","其他(蔬果類)*、其他(穀類)*、其他(茶類)*","METHIOCARB：建議涵蓋（附表一註五檢體 I 類；只代表定量極限，不代表核准用藥範圍）","006","0.01*"
"蔥科小葉菜類","達特南","DINOTEFURAN","其他瓜果類(西瓜、洋香瓜、香瓜除外)、其他瓜菜類(冬瓜、南瓜、扁蒲、苦瓜、夏南瓜、隼人瓜、絲瓜、越瓜、胡瓜除外)、其他柑桔類(柑桔除外)、其他果菜類(金針、枸杞、秋葵、茄子、甜椒、番茄、辣椒除外)","DINOTEFURAN：規則無明文（D 檔標示一般「其他…」列無逐列明文定義；即使另有星號列也不得略過此不確定性）","064、094、067、095","-"
"蔥科小葉菜類","達滅芬","DIMETHOMORPH","其他小漿果類(草莓、葡萄及蓮霧除外)、其他瓜果類(西瓜、洋香瓜、香瓜除外)、其他瓜菜類(小黃瓜、胡瓜除外)、其他果菜類(番茄、枸杞、茄子、甜椒、辣椒除外)、其他(蔬果類)*、其他(穀類)*、其他(茶類)*","DIMETHOMORPH：規則無明文（D 檔標示一般「其他…」列無逐列明文定義；即使另有星號列也不得略過此不確定性）","092、064、015、093、006、007、008","-"
"蔥科小葉菜類","銅滅達樂","METALAXYL","其他小葉菜類(不結球萵苣、半結球萵苣、芹菜、青蔥及菠菜除外)、其他小漿果類(草莓、葡萄、蔓越莓及藍莓除外)、其他果菜類(甜椒除外)、其他根莖菜類(洋蔥、胡蘿蔔、馬鈴薯、甜菜根及蘿蔔除外)","METALAXYL：規則無明文（D 檔標示一般「其他…」列無逐列明文定義；即使另有星號列也不得略過此不確定性）","120、121、010、122","-"
"蔥科小葉菜類","毆殺滅","OXAMYL","其他小葉菜類(芹菜除外)、其他柑桔類(柳橙除外)、其他果菜類(番茄除外)、其他(蔬果類)*、其他(穀類)*、其他(茶類)*","OXAMYL：規則無明文（D 檔標示一般「其他…」列無逐列明文定義；即使另有星號列也不得略過此不確定性）","004、129、065、006、007、008","-"
"蔥科小葉菜類","賜諾特","SPINETORAM","其他豆菜類(毛豆、菜豆、蠶豆除外)","SPINETORAM：規則無明文（D 檔標示一般「其他…」列無逐列明文定義；即使另有星號列也不得略過此不確定性）","166","-"
"蔥科小葉菜類","賜諾殺","SPINOSAD","其他小葉菜類(不結球萵苣、半結球萵苣、芹菜、青蔥及紫蘇除外)、其他梨果類(蘋果除外)","SPINOSAD：規則無明文（D 檔標示一般「其他…」列無逐列明文定義；即使另有星號列也不得略過此不確定性）","167、168","-"
"蔥科小葉菜類","賽洛安勃","CHLORANTRANILIPROLE","其他十字花科包葉菜類(甘藍、青花菜除外)、其他小葉菜類(十字花科小葉菜類、不結球萵苣、半結球萵苣、芹菜、菠菜、葉用豌豆、白鳳菜、芳香萬壽菊、青蔥、枸杞葉、紅鳳菜、韭菜、韭菜花、韭黃、香椿、茼蒿、蒜、龍鬚菜、闊包菊除外)、其他小漿果類(草莓、黑莓、蔓越莓、藍莓、覆盆子、葡萄除外)、其他瓜果類(洋香瓜、香瓜除外)、其他瓜菜類(胡瓜除外)、其他果菜類(甜椒、番茄、辣椒除外)、其他根莖菜類(胡蘿蔔、豆薯、狗尾草根、闊葉大豆根、蘿蔔除外)、其他堅果類(杏仁、美洲胡桃除外)、其他梨果類(李、杏、油桃、桃、梅、梨、蘋果、櫻桃除外)、其他麥類(大麥、小麥除外)、其他雜糧類(高粱除外)、其他(蔬果類)*、其他(穀類)*、其他(茶類)*","CHLORANTRANILIPROLE：規則無明文（D 檔標示一般「其他…」列無逐列明文定義；即使另有星號列也不得略過此不確定性）","043、044、045、046、047、048、049、050、025、051、052、006、007、008","-"
"蔥科小葉菜類","賽洛寧","LAMBDA-CYHALOTHRIN","其他小葉菜類(蒜除外)、其他核果類(荔枝除外)、其他根莖菜類(山藥、牛蒡、甘藷、芋頭、豆薯、洋蔥、胡蘿蔔、百合鱗莖、紅蔥頭、馬鈴薯、黑皮波羅門參、蒜頭、樹薯、蕎頭、狗尾草根、闊葉大豆根及蘆筍除外)、其他堅果類(胡桃、榛果除外)、其他梨果類(柿除外)、其他(蔬果類)*、其他(穀類)*、其他(茶類)*","LAMBDA-CYHALOTHRIN：規則無明文（D 檔標示一般「其他…」列無逐列明文定義；即使另有星號列也不得略過此不確定性）","068、069、070、071、072、006、007、008","-"
"蔥科小葉菜類","賽速安","THIAMETHOXAM","其他小葉菜類(不結球萵苣、半結球萵苣除外)、其他小漿果類(番石榴、葡萄除外)、其他豆菜類(刀豆、毛豆、花豆、扁豆、豇豆、菜豆、萊豆、豌豆、樹豆、翼豆、蠶豆、鷹嘴豆除外)、其他果菜類(番茄除外)、其他柑桔類(葡萄柚、檸檬除外)、其他梨果類(李、杏、油桃、柿、桃、梅、梨、蘋果、櫻桃除外)、其他(蔬果類)*、其他(穀類)*、其他(茶類)*","THIAMETHOXAM：規則無明文（D 檔標示一般「其他…」列無逐列明文定義；即使另有星號列也不得略過此不確定性）","104、105、106、065、107、108、006、007、008","-"
"蔥科小葉菜類","賽速安勃","THIAMETHOXAM || CHLORANTRANILIPROLE","其他小葉菜類(不結球萵苣、半結球萵苣除外)、其他小漿果類(番石榴、葡萄除外)、其他豆菜類(刀豆、毛豆、花豆、扁豆、豇豆、菜豆、萊豆、豌豆、樹豆、翼豆、蠶豆、鷹嘴豆除外)、其他果菜類(番茄除外)、其他柑桔類(葡萄柚、檸檬除外)、其他梨果類(李、杏、油桃、柿、桃、梅、梨、蘋果、櫻桃除外)、其他(蔬果類)*、其他(穀類)*、其他(茶類)* || 其他十字花科包葉菜類(甘藍、青花菜除外)、其他小葉菜類(十字花科小葉菜類、不結球萵苣、半結球萵苣、芹菜、菠菜、葉用豌豆、白鳳菜、芳香萬壽菊、青蔥、枸杞葉、紅鳳菜、韭菜、韭菜花、韭黃、香椿、茼蒿、蒜、龍鬚菜、闊包菊除外)、其他小漿果類(草莓、黑莓、蔓越莓、藍莓、覆盆子、葡萄除外)、其他瓜果類(洋香瓜、香瓜除外)、其他瓜菜類(胡瓜除外)、其他果菜類(甜椒、番茄、辣椒除外)、其他根莖菜類(胡蘿蔔、豆薯、狗尾草根、闊葉大豆根、蘿蔔除外)、其他堅果類(杏仁、美洲胡桃除外)、其他梨果類(李、杏、油桃、桃、梅、梨、蘋果、櫻桃除外)、其他麥類(大麥、小麥除外)、其他雜糧類(高粱除外)、其他(蔬果類)*、其他(穀類)*、其他(茶類)*","THIAMETHOXAM：規則無明文（D 檔標示一般「其他…」列無逐列明文定義；即使另有星號列也不得略過此不確定性） || CHLORANTRANILIPROLE：規則無明文（D 檔標示一般「其他…」列無逐列明文定義；即使另有星號列也不得略過此不確定性）","104、105、106、065、107、108、006、007、008 || 043、044、045、046、047、048、049、050、025、051、052、006、007、008","- || -"
"蔥科小葉菜類","賽滅淨","CYROMAZINE","其他小葉菜類(?結球萵苣、半結球萵苣、芹菜、青蔥、菠菜、茼蒿除外)、其他豆菜類(萊豆除外)、其他包葉菜類(結球萵苣除外)、其他果菜類(甜椒、茄子、枸杞、番茄、辣椒除外)","CYROMAZINE：規則無明文（D 檔標示一般「其他…」列無逐列明文定義；即使另有星號列也不得略過此不確定性）","079、080、009、081","-"
"蔥科根菜類","三氟敏","TRIFLOXYSTROBIN","其他十字花科包葉菜類(甘藍、抱子甘藍除外)、其他瓜果類(西瓜、洋香瓜、香瓜除外)、其他瓜菜類(小黃瓜、胡瓜除外)、其他梨果類(印度棗、李、杏、枇杷、油桃、柿、紅棗、桃、梅、梨、櫻桃除外)、其他(蔬果類)*、其他(穀類)*、其他(茶類)*","TRIFLOXYSTROBIN：規則無明文（D 檔標示一般「其他…」列無逐列明文定義；即使另有星號列也不得略過此不確定性）","112、064、015、113、006、007、008","-"
"蔥科根菜類","四氯異苯腈","CHLOROTHALONIL","其他小葉菜類(十字花科小葉菜類除外)、其他小漿果類(草莓、藍莓除外)、其他乾豆類(落花生除外)、其他根莖菜類(人參(鮮)除外)、其他(蔬果類)*、其他(穀類)*、其他(茶類)*","CHLOROTHALONIL：規則無明文（D 檔標示一般「其他…」列無逐列明文定義；即使另有星號列也不得略過此不確定性）","055、056、057、058、006、007、008","-"
"蔥科根菜類","白克列","BOSCALID","其他瓜菜類(南瓜、小黃瓜、胡瓜除外)、其他(蔬果類)*、其他(穀類)*、其他(茶類)*","BOSCALID：規則無明文（D 檔標示一般「其他…」列無逐列明文定義；即使另有星號列也不得略過此不確定性）","029、006、007、008","-"
"蔥科根菜類","因得克","INDOXACARB","其他(蔬果類)*、其他(穀類)*、其他(茶類)*","INDOXACARB：建議涵蓋（附表一註五檢體 I 類；只代表定量極限，不代表核准用藥範圍）","006","0.01*"
"蔥科根菜類","百克敏","PYRACLOSTROBIN","其他乾豆類(落花生、小扁豆、菜豆、大豆、葵花籽、豌豆除外)、其他堅果類(開心果除外)、其他(蔬果類)*、其他(穀類)*、其他(茶類)*、其他十字花科小葉菜類(芥菜除外)","PYRACLOSTROBIN：規則無明文（D 檔標示一般「其他…」列無逐列明文定義；即使另有星號列也不得略過此不確定性）","160、161、006、007、008、181","-"
"蔥科根菜類","亞托敏","AZOXYSTROBIN","其他小葉菜類(半結球萵苣、不結球萵苣、芹菜、青蔥、蒜及茼蒿除外)、其他小漿果類(藍莓、覆盆子除外)、其他豆菜類(刀豆、毛豆、花豆(鮮)、扁豆、豇豆(鮮)、萊豆、菜豆、豌豆、樹豆(鮮)、翼豆、蠶豆(鮮)、鷹嘴豆除外)、其他果菜類(枸杞、茄子、甜椒、番茄、辣椒除外)、其他根莖菜類(芋頭、洋蔥、馬鈴薯、甜菜根、人參(鮮)、牛蒡、豆薯、百合鱗莖、紅蔥頭、黑皮波羅門參、蕎頭、薑、蘆筍除外)、其他草木本植物(火龍果花、菊花除外)、其他堅果類(杏仁、開心果除外)、其他(蔬果類)*、其他(穀類)*、其他(茶類)*","AZOXYSTROBIN：規則無明文（D 檔標示一般「其他…」列無逐列明文定義；即使另有星號列也不得略過此不確定性）","017、018、019、020、021、022、023、006、007、008","-"
"蔥科根菜類","亞托環克座","AZOXYSTROBIN || CYPROCONAZOLE","其他小葉菜類(半結球萵苣、不結球萵苣、芹菜、青蔥、蒜及茼蒿除外)、其他小漿果類(藍莓、覆盆子除外)、其他豆菜類(刀豆、毛豆、花豆(鮮)、扁豆、豇豆(鮮)、萊豆、菜豆、豌豆、樹豆(鮮)、翼豆、蠶豆(鮮)、鷹嘴豆除外)、其他果菜類(枸杞、茄子、甜椒、番茄、辣椒除外)、其他根莖菜類(芋頭、洋蔥、馬鈴薯、甜菜根、人參(鮮)、牛蒡、豆薯、百合鱗莖、紅蔥頭、黑皮波羅門參、蕎頭、薑、蘆筍除外)、其他草木本植物(火龍果花、菊花除外)、其他堅果類(杏仁、開心果除外)、其他(蔬果類)*、其他(穀類)*、其他(茶類)* || 其他雜糧類(玉米、高粱除外)、其他(蔬果類)*、其他(穀類)*、其他(茶類)*","AZOXYSTROBIN：規則無明文（D 檔標示一般「其他…」列無逐列明文定義；即使另有星號列也不得略過此不確定性） || CYPROCONAZOLE：規則無明文（D 檔標示一般「其他…」列無逐列明文定義；即使另有星號列也不得略過此不確定性）","017、018、019、020、021、022、023、006、007、008 || 076、006、007、008","- || -"
"蔥科根菜類","芬化利","FENVALERATE","其他小漿果類(楊桃除外)、其他根莖菜類(胡蘿蔔除外)、其他(蔬果類)*、其他(穀類)*、其他(茶類)*","FENVALERATE：規則無明文（D 檔標示一般「其他…」列無逐列明文定義；即使另有星號列也不得略過此不確定性）","138、086、006、007、008","-"
"蔥科根菜類","剋安勃","CHLORANTRANILIPROLE","其他十字花科包葉菜類(甘藍、青花菜除外)、其他小葉菜類(十字花科小葉菜類、不結球萵苣、半結球萵苣、芹菜、菠菜、葉用豌豆、白鳳菜、芳香萬壽菊、青蔥、枸杞葉、紅鳳菜、韭菜、韭菜花、韭黃、香椿、茼蒿、蒜、龍鬚菜、闊包菊除外)、其他小漿果類(草莓、黑莓、蔓越莓、藍莓、覆盆子、葡萄除外)、其他瓜果類(洋香瓜、香瓜除外)、其他瓜菜類(胡瓜除外)、其他果菜類(甜椒、番茄、辣椒除外)、其他根莖菜類(胡蘿蔔、豆薯、狗尾草根、闊葉大豆根、蘿蔔除外)、其他堅果類(杏仁、美洲胡桃除外)、其他梨果類(李、杏、油桃、桃、梅、梨、蘋果、櫻桃除外)、其他麥類(大麥、小麥除外)、其他雜糧類(高粱除外)、其他(蔬果類)*、其他(穀類)*、其他(茶類)*","CHLORANTRANILIPROLE：規則無明文（D 檔標示一般「其他…」列無逐列明文定義；即使另有星號列也不得略過此不確定性）","043、044、045、046、047、048、049、050、025、051、052、006、007、008","-"
"蔥科根菜類","氟比拔克","FLUOPICOLIDE || PROPAMOCARB HYDROCHLORIDE","其他(蔬果類)*、其他(穀類)*、其他(茶類)* || 其他(蔬果類)*、其他(穀類)*、其他(茶類)*","FLUOPICOLIDE：建議涵蓋（附表一註五檢體 I 類；只代表定量極限，不代表核准用藥範圍） || PROPAMOCARB HYDROCHLORIDE：建議涵蓋（附表一註五檢體 I 類；只代表定量極限，不代表核准用藥範圍）","006 || 006","0.01* || 0.01*"
"蔥科根菜類","氟克殺","FLUXAPYROXAD","其他豆菜類(毛豆除外)、其他乾豆類(大豆、落花生、小扁豆、棉籽、豌豆、油菜籽、葵花籽除外)、其他梨果類(李、杏、油桃、桃、梅、櫻桃除外)","FLUXAPYROXAD：規則無明文（D 檔標示一般「其他…」列無逐列明文定義；即使另有星號列也不得略過此不確定性）","059、148、003","-"
"蔥科根菜類","益達胺","IMIDACLOPRID","其他小葉菜類(半結球萵苣、不結球萵苣、蒜、蕗蕎及芹菜除外)、其他包葉菜類(結球萵苣除外)、其他豆菜類(毛豆除外)、其他果菜類(甜椒、金針除外)、其他核果類(橄欖除外)、其他根莖菜類(茭白筍、蓮藕、山藥、洋蔥、紅蔥頭、馬鈴薯、黑皮波羅門參、牛蒡、百合鱗莖、竹筍、芋頭、豆薯除外)、其他乾豆類(油菜籽、葵花籽、蓮子、落花生、大豆、芝麻除外)、其他(蔬果類)*、其他(穀類)*、其他(茶類)*","IMIDACLOPRID：規則無明文（D 檔標示一般「其他…」列無逐列明文定義；即使另有星號列也不得略過此不確定性）","156、009、059、157、084、158、159、006、007、008","-"
"蔥科根菜類","第滅寧","DELTAMETHRIN","其他根莖菜類(牛蒡、竹筍、洋蔥、胡蘿蔔、黑皮波羅門參、蘿蔔除外)、其他雜糧類(高粱除外)、其他果菜類(金針除外)、其他核果類(橄欖除外)、其他梨果類(桃除外)、其他(蔬果類)*、其他(穀類)*、其他(茶類)*","DELTAMETHRIN：規則無明文（D 檔標示一般「其他…」列無逐列明文定義；即使另有星號列也不得略過此不確定性）","082、052、083、084、085、006、007、008","-"
"蔥科根菜類","速殺氟","SULFOXAFLOR","其他十字花科包葉菜類(花椰菜除外)、其他根莖菜類(蒜頭、洋蔥、胡蘿蔔除外)、其他乾豆類(棉籽、油菜籽除外)","SULFOXAFLOR：規則無明文（D 檔標示一般「其他…」列無逐列明文定義；即使另有星號列也不得略過此不確定性）","097、098、099","-"
"蔥科根菜類","普拔克","PROPAMOCARB HYDROCHLORIDE","其他(蔬果類)*、其他(穀類)*、其他(茶類)*","PROPAMOCARB HYDROCHLORIDE：建議涵蓋（附表一註五檢體 I 類；只代表定量極限，不代表核准用藥範圍）","006","0.01*"
"蔥科根菜類","滅賜克","METHIOCARB","其他(蔬果類)*、其他(穀類)*、其他(茶類)*","METHIOCARB：建議涵蓋（附表一註五檢體 I 類；只代表定量極限，不代表核准用藥範圍）","006","0.01*"
"蔥科根菜類","達特南","DINOTEFURAN","其他瓜果類(西瓜、洋香瓜、香瓜除外)、其他瓜菜類(冬瓜、南瓜、扁蒲、苦瓜、夏南瓜、隼人瓜、絲瓜、越瓜、胡瓜除外)、其他柑桔類(柑桔除外)、其他果菜類(金針、枸杞、秋葵、茄子、甜椒、番茄、辣椒除外)","DINOTEFURAN：規則無明文（D 檔標示一般「其他…」列無逐列明文定義；即使另有星號列也不得略過此不確定性）","064、094、067、095","-"
"蔥科根菜類","達滅芬","DIMETHOMORPH","其他小漿果類(草莓、葡萄及蓮霧除外)、其他瓜果類(西瓜、洋香瓜、香瓜除外)、其他瓜菜類(小黃瓜、胡瓜除外)、其他果菜類(番茄、枸杞、茄子、甜椒、辣椒除外)、其他(蔬果類)*、其他(穀類)*、其他(茶類)*","DIMETHOMORPH：規則無明文（D 檔標示一般「其他…」列無逐列明文定義；即使另有星號列也不得略過此不確定性）","092、064、015、093、006、007、008","-"
"蔥科根菜類","福多寧","FLUTOLANIL","其他根莖菜類(芋頭、胡蘿蔔除外)、其他(蔬果類)*、其他(穀類)*、其他(茶類)*","FLUTOLANIL：規則無明文（D 檔標示一般「其他…」列無逐列明文定義；即使另有星號列也不得略過此不確定性）","146、006、007、008","-"
"蔥科根菜類","銅滅達樂","METALAXYL","其他小葉菜類(不結球萵苣、半結球萵苣、芹菜、青蔥及菠菜除外)、其他小漿果類(草莓、葡萄、蔓越莓及藍莓除外)、其他果菜類(甜椒除外)、其他根莖菜類(洋蔥、胡蘿蔔、馬鈴薯、甜菜根及蘿蔔除外)","METALAXYL：規則無明文（D 檔標示一般「其他…」列無逐列明文定義；即使另有星號列也不得略過此不確定性）","120、121、010、122","-"
"蔥科根菜類","賜諾特","SPINETORAM","其他豆菜類(毛豆、菜豆、蠶豆除外)","SPINETORAM：規則無明文（D 檔標示一般「其他…」列無逐列明文定義；即使另有星號列也不得略過此不確定性）","166","-"
"蔥科根菜類","賜諾殺","SPINOSAD","其他小葉菜類(不結球萵苣、半結球萵苣、芹菜、青蔥及紫蘇除外)、其他梨果類(蘋果除外)","SPINOSAD：規則無明文（D 檔標示一般「其他…」列無逐列明文定義；即使另有星號列也不得略過此不確定性）","167、168","-"
"蔥科根菜類","賽洛寧","LAMBDA-CYHALOTHRIN","其他小葉菜類(蒜除外)、其他核果類(荔枝除外)、其他根莖菜類(山藥、牛蒡、甘藷、芋頭、豆薯、洋蔥、胡蘿蔔、百合鱗莖、紅蔥頭、馬鈴薯、黑皮波羅門參、蒜頭、樹薯、蕎頭、狗尾草根、闊葉大豆根及蘆筍除外)、其他堅果類(胡桃、榛果除外)、其他梨果類(柿除外)、其他(蔬果類)*、其他(穀類)*、其他(茶類)*","LAMBDA-CYHALOTHRIN：規則無明文（D 檔標示一般「其他…」列無逐列明文定義；即使另有星號列也不得略過此不確定性）","068、069、070、071、072、006、007、008","-"
"蔥科根菜類","賽滅寧","CYPERMETHRIN","其他包葉菜類(結球萵苣、甘藍、青花菜除外)、其他根莖菜類(豆薯、狗尾草根、洋蔥、甜菜根、闊葉大豆根、蘆筍除外)、其他麥類(大麥、小麥、黑麥、燕麥除外)、其他(蔬果類)*、其他(穀類)*、其他(茶類)*","CYPERMETHRIN：規則無明文（D 檔標示一般「其他…」列無逐列明文定義；即使另有星號列也不得略過此不確定性）","073、074、075、006、007、008","-"
"蔥韭","得芬諾","TEBUFENOZIDE","其他小葉菜類(茼蒿除外)、其他梨果類(柿除外)、其他(蔬果類)*、其他(穀類)*、其他(茶類)*","TEBUFENOZIDE：規則無明文（D 檔標示一般「其他…」列無逐列明文定義；即使另有星號列也不得略過此不確定性）","101、072、006、007、008","-"
"蔥韭","滅賜克","METHIOCARB","其他(蔬果類)*、其他(穀類)*、其他(茶類)*","METHIOCARB：建議涵蓋（附表一註五檢體 I 類；只代表定量極限，不代表核准用藥範圍）","006","0.01*"
"豌豆","益達胺","IMIDACLOPRID","其他小葉菜類(半結球萵苣、不結球萵苣、蒜、蕗蕎及芹菜除外)、其他包葉菜類(結球萵苣除外)、其他豆菜類(毛豆除外)、其他果菜類(甜椒、金針除外)、其他核果類(橄欖除外)、其他根莖菜類(茭白筍、蓮藕、山藥、洋蔥、紅蔥頭、馬鈴薯、黑皮波羅門參、牛蒡、百合鱗莖、竹筍、芋頭、豆薯除外)、其他乾豆類(油菜籽、葵花籽、蓮子、落花生、大豆、芝麻除外)、其他(蔬果類)*、其他(穀類)*、其他(茶類)*","IMIDACLOPRID：規則無明文（D 檔標示一般「其他…」列無逐列明文定義；即使另有星號列也不得略過此不確定性）","156、009、059、157、084、158、159、006、007、008","-"
"樹薯","佈飛百滅寧","PERMETHRIN","其他包葉菜類(甘藍及結球萵苣除外)、其他根莖菜類(蘆筍除外)、其他乾豆類(棉籽、葵花籽除外)、其他(蔬果類)*、其他(穀類)*、其他(茶類)*","PERMETHRIN：規則無明文（D 檔標示一般「其他…」列無逐列明文定義；即使另有星號列也不得略過此不確定性）","174、173、175、006、007、008","-"
"樹薯","福多寧","FLUTOLANIL","其他根莖菜類(芋頭、胡蘿蔔除外)、其他(蔬果類)*、其他(穀類)*、其他(茶類)*","FLUTOLANIL：規則無明文（D 檔標示一般「其他…」列無逐列明文定義；即使另有星號列也不得略過此不確定性）","146、006、007、008","-"
"錦葵科果菜類","賽洛安勃","CHLORANTRANILIPROLE","其他十字花科包葉菜類(甘藍、青花菜除外)、其他小葉菜類(十字花科小葉菜類、不結球萵苣、半結球萵苣、芹菜、菠菜、葉用豌豆、白鳳菜、芳香萬壽菊、青蔥、枸杞葉、紅鳳菜、韭菜、韭菜花、韭黃、香椿、茼蒿、蒜、龍鬚菜、闊包菊除外)、其他小漿果類(草莓、黑莓、蔓越莓、藍莓、覆盆子、葡萄除外)、其他瓜果類(洋香瓜、香瓜除外)、其他瓜菜類(胡瓜除外)、其他果菜類(甜椒、番茄、辣椒除外)、其他根莖菜類(胡蘿蔔、豆薯、狗尾草根、闊葉大豆根、蘿蔔除外)、其他堅果類(杏仁、美洲胡桃除外)、其他梨果類(李、杏、油桃、桃、梅、梨、蘋果、櫻桃除外)、其他麥類(大麥、小麥除外)、其他雜糧類(高粱除外)、其他(蔬果類)*、其他(穀類)*、其他(茶類)*","CHLORANTRANILIPROLE：規則無明文（D 檔標示一般「其他…」列無逐列明文定義；即使另有星號列也不得略過此不確定性）","043、044、045、046、047、048、049、050、025、051、052、006、007、008","-"
"龍眼","甲基多保淨","THIOPHANATE-METHYL","其他小漿果類(草莓及葡萄除外)、其他果菜類(洛神葵除外)、其他柑桔類(檸檬除外)、其他香辛植物(果實)(胡椒除外)、其他核果類(芒果除外)、其他乾豆類(油菜籽、落花生、大豆除外)、其他堅果類(澳洲胡桃除外)、其他梨果類(印度棗及櫻桃除外)、其他(蔬果類)*、其他(穀類)*、其他(茶類)*","THIOPHANATE-METHYL：規則無明文（D 檔標示一般「其他…」列無逐列明文定義；即使另有星號列也不得略過此不確定性）","035、036、037、038、039、040、041、042、006、007、008","-"
"龍眼","第滅寧","DELTAMETHRIN","其他根莖菜類(牛蒡、竹筍、洋蔥、胡蘿蔔、黑皮波羅門參、蘿蔔除外)、其他雜糧類(高粱除外)、其他果菜類(金針除外)、其他核果類(橄欖除外)、其他梨果類(桃除外)、其他(蔬果類)*、其他(穀類)*、其他(茶類)*","DELTAMETHRIN：規則無明文（D 檔標示一般「其他…」列無逐列明文定義；即使另有星號列也不得略過此不確定性）","082、052、083、084、085、006、007、008","-"
"龍眼","賽洛寧","LAMBDA-CYHALOTHRIN","其他小葉菜類(蒜除外)、其他核果類(荔枝除外)、其他根莖菜類(山藥、牛蒡、甘藷、芋頭、豆薯、洋蔥、胡蘿蔔、百合鱗莖、紅蔥頭、馬鈴薯、黑皮波羅門參、蒜頭、樹薯、蕎頭、狗尾草根、闊葉大豆根及蘆筍除外)、其他堅果類(胡桃、榛果除外)、其他梨果類(柿除外)、其他(蔬果類)*、其他(穀類)*、其他(茶類)*","LAMBDA-CYHALOTHRIN：規則無明文（D 檔標示一般「其他…」列無逐列明文定義；即使另有星號列也不得略過此不確定性）","068、069、070、071、072、006、007、008","-"
"龍鬚菜","克凡派","CHLORFENAPYR","其他瓜果類(洋香瓜除外)、其他小葉菜類(韭菜、茼蒿、菠菜、葉用豌豆除外)、其他(蔬果類)*、其他(穀類)*、其他(茶類)*","CHLORFENAPYR：規則無明文（D 檔標示一般「其他…」列無逐列明文定義；即使另有星號列也不得略過此不確定性）","033、053、006、007、008","-"
"龍鬚菜","亞托敏","AZOXYSTROBIN","其他小葉菜類(半結球萵苣、不結球萵苣、芹菜、青蔥、蒜及茼蒿除外)、其他小漿果類(藍莓、覆盆子除外)、其他豆菜類(刀豆、毛豆、花豆(鮮)、扁豆、豇豆(鮮)、萊豆、菜豆、豌豆、樹豆(鮮)、翼豆、蠶豆(鮮)、鷹嘴豆除外)、其他果菜類(枸杞、茄子、甜椒、番茄、辣椒除外)、其他根莖菜類(芋頭、洋蔥、馬鈴薯、甜菜根、人參(鮮)、牛蒡、豆薯、百合鱗莖、紅蔥頭、黑皮波羅門參、蕎頭、薑、蘆筍除外)、其他草木本植物(火龍果花、菊花除外)、其他堅果類(杏仁、開心果除外)、其他(蔬果類)*、其他(穀類)*、其他(茶類)*","AZOXYSTROBIN：規則無明文（D 檔標示一般「其他…」列無逐列明文定義；即使另有星號列也不得略過此不確定性）","017、018、019、020、021、022、023、006、007、008","-"
"龍鬚菜","益達胺","IMIDACLOPRID","其他小葉菜類(半結球萵苣、不結球萵苣、蒜、蕗蕎及芹菜除外)、其他包葉菜類(結球萵苣除外)、其他豆菜類(毛豆除外)、其他果菜類(甜椒、金針除外)、其他核果類(橄欖除外)、其他根莖菜類(茭白筍、蓮藕、山藥、洋蔥、紅蔥頭、馬鈴薯、黑皮波羅門參、牛蒡、百合鱗莖、竹筍、芋頭、豆薯除外)、其他乾豆類(油菜籽、葵花籽、蓮子、落花生、大豆、芝麻除外)、其他(蔬果類)*、其他(穀類)*、其他(茶類)*","IMIDACLOPRID：規則無明文（D 檔標示一般「其他…」列無逐列明文定義；即使另有星號列也不得略過此不確定性）","156、009、059、157、084、158、159、006、007、008","-"
"蕗蕎","克凡派","CHLORFENAPYR","其他瓜果類(洋香瓜除外)、其他小葉菜類(韭菜、茼蒿、菠菜、葉用豌豆除外)、其他(蔬果類)*、其他(穀類)*、其他(茶類)*","CHLORFENAPYR：規則無明文（D 檔標示一般「其他…」列無逐列明文定義；即使另有星號列也不得略過此不確定性）","033、053、006、007、008","-"
"蕗蕎","亞滅培","ACETAMIPRID","其他小漿果類(草莓、番石榴、楊桃、葡萄、蓮霧除外)、其他瓜菜類(小黃瓜、冬瓜、南瓜、扁蒲、胡瓜、苦瓜、夏南瓜、隼人瓜、絲瓜、越瓜除外)、其他豆菜類(刀豆、毛豆、花豆(鮮)、扁豆、豇豆(鮮)、菜豆、萊豆、豌豆、樹豆(鮮)、翼豆、蠶豆(鮮)、鷹嘴豆除外)、其他果菜類(枸杞、秋葵、茄子、甜椒、番茄、辣椒除外)、其他(蔬果類)*、其他(穀類)*、其他(茶類)*","ACETAMIPRID：規則無明文（D 檔標示一般「其他…」列無逐列明文定義；即使另有星號列也不得略過此不確定性）","011、012、013、014、006、007、008","-"
"蕗蕎","得芬諾","TEBUFENOZIDE","其他小葉菜類(茼蒿除外)、其他梨果類(柿除外)、其他(蔬果類)*、其他(穀類)*、其他(茶類)*","TEBUFENOZIDE：規則無明文（D 檔標示一般「其他…」列無逐列明文定義；即使另有星號列也不得略過此不確定性）","101、072、006、007、008","-"
"蕗蕎","賽滅淨","CYROMAZINE","其他小葉菜類(?結球萵苣、半結球萵苣、芹菜、青蔥、菠菜、茼蒿除外)、其他豆菜類(萊豆除外)、其他包葉菜類(結球萵苣除外)、其他果菜類(甜椒、茄子、枸杞、番茄、辣椒除外)","CYROMAZINE：規則無明文（D 檔標示一般「其他…」列無逐列明文定義；即使另有星號列也不得略過此不確定性）","079、080、009、081","-"
"蕹菜","硫敵克","THIODICARB","其他小葉菜類(芹菜除外)、其他包葉菜類(甘藍、青花菜及結球萵苣除外)、其他(蔬果類)*、其他(穀類)*、其他(茶類)*","THIODICARB：規則無明文（D 檔標示一般「其他…」列無逐列明文定義；即使另有星號列也不得略過此不確定性）","004、109、006、007、008","-"
"蕹菜","賽洛寧","LAMBDA-CYHALOTHRIN","其他小葉菜類(蒜除外)、其他核果類(荔枝除外)、其他根莖菜類(山藥、牛蒡、甘藷、芋頭、豆薯、洋蔥、胡蘿蔔、百合鱗莖、紅蔥頭、馬鈴薯、黑皮波羅門參、蒜頭、樹薯、蕎頭、狗尾草根、闊葉大豆根及蘆筍除外)、其他堅果類(胡桃、榛果除外)、其他梨果類(柿除外)、其他(蔬果類)*、其他(穀類)*、其他(茶類)*","LAMBDA-CYHALOTHRIN：規則無明文（D 檔標示一般「其他…」列無逐列明文定義；即使另有星號列也不得略過此不確定性）","068、069、070、071、072、006、007、008","-"
"蕹菜","賽速安勃","CHLORANTRANILIPROLE","其他十字花科包葉菜類(甘藍、青花菜除外)、其他小葉菜類(十字花科小葉菜類、不結球萵苣、半結球萵苣、芹菜、菠菜、葉用豌豆、白鳳菜、芳香萬壽菊、青蔥、枸杞葉、紅鳳菜、韭菜、韭菜花、韭黃、香椿、茼蒿、蒜、龍鬚菜、闊包菊除外)、其他小漿果類(草莓、黑莓、蔓越莓、藍莓、覆盆子、葡萄除外)、其他瓜果類(洋香瓜、香瓜除外)、其他瓜菜類(胡瓜除外)、其他果菜類(甜椒、番茄、辣椒除外)、其他根莖菜類(胡蘿蔔、豆薯、狗尾草根、闊葉大豆根、蘿蔔除外)、其他堅果類(杏仁、美洲胡桃除外)、其他梨果類(李、杏、油桃、桃、梅、梨、蘋果、櫻桃除外)、其他麥類(大麥、小麥除外)、其他雜糧類(高粱除外)、其他(蔬果類)*、其他(穀類)*、其他(茶類)*","CHLORANTRANILIPROLE：規則無明文（D 檔標示一般「其他…」列無逐列明文定義；即使另有星號列也不得略過此不確定性）","043、044、045、046、047、048、049、050、025、051、052、006、007、008","-"
"薄荷","亞托敏","AZOXYSTROBIN","其他小葉菜類(半結球萵苣、不結球萵苣、芹菜、青蔥、蒜及茼蒿除外)、其他小漿果類(藍莓、覆盆子除外)、其他豆菜類(刀豆、毛豆、花豆(鮮)、扁豆、豇豆(鮮)、萊豆、菜豆、豌豆、樹豆(鮮)、翼豆、蠶豆(鮮)、鷹嘴豆除外)、其他果菜類(枸杞、茄子、甜椒、番茄、辣椒除外)、其他根莖菜類(芋頭、洋蔥、馬鈴薯、甜菜根、人參(鮮)、牛蒡、豆薯、百合鱗莖、紅蔥頭、黑皮波羅門參、蕎頭、薑、蘆筍除外)、其他草木本植物(火龍果花、菊花除外)、其他堅果類(杏仁、開心果除外)、其他(蔬果類)*、其他(穀類)*、其他(茶類)*","AZOXYSTROBIN：規則無明文（D 檔標示一般「其他…」列無逐列明文定義；即使另有星號列也不得略過此不確定性）","017、018、019、020、021、022、023、006、007、008","-"
"薏苡","芬殺松","FENTHION","其他(蔬果類)*、其他(穀類)*、其他(茶類)*","FENTHION：建議涵蓋（附表一註五檢體 II 類；只代表定量極限，不代表核准用藥範圍）","007","0.01*"
"薏苡","剋安勃","CHLORANTRANILIPROLE","其他十字花科包葉菜類(甘藍、青花菜除外)、其他小葉菜類(十字花科小葉菜類、不結球萵苣、半結球萵苣、芹菜、菠菜、葉用豌豆、白鳳菜、芳香萬壽菊、青蔥、枸杞葉、紅鳳菜、韭菜、韭菜花、韭黃、香椿、茼蒿、蒜、龍鬚菜、闊包菊除外)、其他小漿果類(草莓、黑莓、蔓越莓、藍莓、覆盆子、葡萄除外)、其他瓜果類(洋香瓜、香瓜除外)、其他瓜菜類(胡瓜除外)、其他果菜類(甜椒、番茄、辣椒除外)、其他根莖菜類(胡蘿蔔、豆薯、狗尾草根、闊葉大豆根、蘿蔔除外)、其他堅果類(杏仁、美洲胡桃除外)、其他梨果類(李、杏、油桃、桃、梅、梨、蘋果、櫻桃除外)、其他麥類(大麥、小麥除外)、其他雜糧類(高粱除外)、其他(蔬果類)*、其他(穀類)*、其他(茶類)*","CHLORANTRANILIPROLE：規則無明文（D 檔標示一般「其他…」列無逐列明文定義；即使另有星號列也不得略過此不確定性）","043、044、045、046、047、048、049、050、025、051、052、006、007、008","-"
"薏苡","滅芬諾","METHOXYFENOZIDE","其他瓜果類(西瓜除外)、其他豆菜類(豌豆除外)、其他乾豆類(大豆除外)、其他梨果類(梨、蘋果除外)、其他(蔬果類)*、其他(穀類)*、其他(茶類)*","METHOXYFENOZIDE：規則無明文（D 檔標示一般「其他…」列無逐列明文定義；即使另有星號列也不得略過此不確定性）","030、123、124、125、006、007、008","-"
"薏苡","賜諾特","SPINETORAM","其他豆菜類(毛豆、菜豆、蠶豆除外)","SPINETORAM：規則無明文（D 檔標示一般「其他…」列無逐列明文定義；即使另有星號列也不得略過此不確定性）","166","-"
"薑","第滅寧","DELTAMETHRIN","其他根莖菜類(牛蒡、竹筍、洋蔥、胡蘿蔔、黑皮波羅門參、蘿蔔除外)、其他雜糧類(高粱除外)、其他果菜類(金針除外)、其他核果類(橄欖除外)、其他梨果類(桃除外)、其他(蔬果類)*、其他(穀類)*、其他(茶類)*","DELTAMETHRIN：規則無明文（D 檔標示一般「其他…」列無逐列明文定義；即使另有星號列也不得略過此不確定性）","082、052、083、084、085、006、007、008","-"
"薑","福多寧","FLUTOLANIL","其他根莖菜類(芋頭、胡蘿蔔除外)、其他(蔬果類)*、其他(穀類)*、其他(茶類)*","FLUTOLANIL：規則無明文（D 檔標示一般「其他…」列無逐列明文定義；即使另有星號列也不得略過此不確定性）","146、006、007、008","-"
"薑","賽滅寧","CYPERMETHRIN","其他包葉菜類(結球萵苣、甘藍、青花菜除外)、其他根莖菜類(豆薯、狗尾草根、洋蔥、甜菜根、闊葉大豆根、蘆筍除外)、其他麥類(大麥、小麥、黑麥、燕麥除外)、其他(蔬果類)*、其他(穀類)*、其他(茶類)*","CYPERMETHRIN：規則無明文（D 檔標示一般「其他…」列無逐列明文定義；即使另有星號列也不得略過此不確定性）","073、074、075、006、007、008","-"
"薑黃","賽滅寧","CYPERMETHRIN","其他包葉菜類(結球萵苣、甘藍、青花菜除外)、其他根莖菜類(豆薯、狗尾草根、洋蔥、甜菜根、闊葉大豆根、蘆筍除外)、其他麥類(大麥、小麥、黑麥、燕麥除外)、其他(蔬果類)*、其他(穀類)*、其他(茶類)*","CYPERMETHRIN：規則無明文（D 檔標示一般「其他…」列無逐列明文定義；即使另有星號列也不得略過此不確定性）","073、074、075、006、007、008","-"
"薔薇科梨果類","二福隆","DIFLUBENZURON","其他梨果類(李、油桃、桃、蘋果除外)、其他(蔬果類)*、其他(穀類)*、其他(茶類)*","DIFLUBENZURON：規則無明文（D 檔標示一般「其他…」列無逐列明文定義；即使另有星號列也不得略過此不確定性）","091、006、007、008","-"
"薔薇科梨果類","百利普芬","PYRIPROXYFEN","其他柑桔類(葡萄柚、檸檬除外)、其他梨果類(櫻桃除外)、其他(蔬果類)*、其他(穀類)*、其他(茶類)*","PYRIPROXYFEN：規則無明文（D 檔標示一般「其他…」列無逐列明文定義；即使另有星號列也不得略過此不確定性）","107、131、006、007、008","-"
"薔薇科梨果類","氟克殺","FLUXAPYROXAD","其他豆菜類(毛豆除外)、其他乾豆類(大豆、落花生、小扁豆、棉籽、豌豆、油菜籽、葵花籽除外)、其他梨果類(李、杏、油桃、桃、梅、櫻桃除外)","FLUXAPYROXAD：規則無明文（D 檔標示一般「其他…」列無逐列明文定義；即使另有星號列也不得略過此不確定性）","059、148、003","-"
"薔薇科梨果類","得芬諾","TEBUFENOZIDE","其他小葉菜類(茼蒿除外)、其他梨果類(柿除外)、其他(蔬果類)*、其他(穀類)*、其他(茶類)*","TEBUFENOZIDE：規則無明文（D 檔標示一般「其他…」列無逐列明文定義；即使另有星號列也不得略過此不確定性）","101、072、006、007、008","-"
"薔薇科梨果類","第滅寧","DELTAMETHRIN","其他根莖菜類(牛蒡、竹筍、洋蔥、胡蘿蔔、黑皮波羅門參、蘿蔔除外)、其他雜糧類(高粱除外)、其他果菜類(金針除外)、其他核果類(橄欖除外)、其他梨果類(桃除外)、其他(蔬果類)*、其他(穀類)*、其他(茶類)*","DELTAMETHRIN：規則無明文（D 檔標示一般「其他…」列無逐列明文定義；即使另有星號列也不得略過此不確定性）","082、052、083、084、085、006、007、008","-"
"薔薇科梨果類","賽洛寧","LAMBDA-CYHALOTHRIN","其他小葉菜類(蒜除外)、其他核果類(荔枝除外)、其他根莖菜類(山藥、牛蒡、甘藷、芋頭、豆薯、洋蔥、胡蘿蔔、百合鱗莖、紅蔥頭、馬鈴薯、黑皮波羅門參、蒜頭、樹薯、蕎頭、狗尾草根、闊葉大豆根及蘆筍除外)、其他堅果類(胡桃、榛果除外)、其他梨果類(柿除外)、其他(蔬果類)*、其他(穀類)*、其他(茶類)*","LAMBDA-CYHALOTHRIN：規則無明文（D 檔標示一般「其他…」列無逐列明文定義；即使另有星號列也不得略過此不確定性）","068、069、070、071、072、006、007、008","-"
"闊葉大豆","伏寄普","FLUAZIFOP-P-BUTYL","其他根莖菜類(馬鈴薯除外)、其他(蔬果類)*、其他(穀類)*、其他(茶類)*","FLUAZIFOP-P-BUTYL：規則無明文（D 檔標示一般「其他…」列無逐列明文定義；即使另有星號列也不得略過此不確定性）","103、006、007、008","-"
"檬果","布芬第滅寧","DELTAMETHRIN","其他根莖菜類(牛蒡、竹筍、洋蔥、胡蘿蔔、黑皮波羅門參、蘿蔔除外)、其他雜糧類(高粱除外)、其他果菜類(金針除外)、其他核果類(橄欖除外)、其他梨果類(桃除外)、其他(蔬果類)*、其他(穀類)*、其他(茶類)*","DELTAMETHRIN：規則無明文（D 檔標示一般「其他…」列無逐列明文定義；即使另有星號列也不得略過此不確定性）","082、052、083、084、085、006、007、008","-"
"檬果","益達胺","IMIDACLOPRID","其他小葉菜類(半結球萵苣、不結球萵苣、蒜、蕗蕎及芹菜除外)、其他包葉菜類(結球萵苣除外)、其他豆菜類(毛豆除外)、其他果菜類(甜椒、金針除外)、其他核果類(橄欖除外)、其他根莖菜類(茭白筍、蓮藕、山藥、洋蔥、紅蔥頭、馬鈴薯、黑皮波羅門參、牛蒡、百合鱗莖、竹筍、芋頭、豆薯除外)、其他乾豆類(油菜籽、葵花籽、蓮子、落花生、大豆、芝麻除外)、其他(蔬果類)*、其他(穀類)*、其他(茶類)*","IMIDACLOPRID：規則無明文（D 檔標示一般「其他…」列無逐列明文定義；即使另有星號列也不得略過此不確定性）","156、009、059、157、084、158、159、006、007、008","-"
"檬果","第滅達胺","DELTAMETHRIN || IMIDACLOPRID","其他根莖菜類(牛蒡、竹筍、洋蔥、胡蘿蔔、黑皮波羅門參、蘿蔔除外)、其他雜糧類(高粱除外)、其他果菜類(金針除外)、其他核果類(橄欖除外)、其他梨果類(桃除外)、其他(蔬果類)*、其他(穀類)*、其他(茶類)* || 其他小葉菜類(半結球萵苣、不結球萵苣、蒜、蕗蕎及芹菜除外)、其他包葉菜類(結球萵苣除外)、其他豆菜類(毛豆除外)、其他果菜類(甜椒、金針除外)、其他核果類(橄欖除外)、其他根莖菜類(茭白筍、蓮藕、山藥、洋蔥、紅蔥頭、馬鈴薯、黑皮波羅門參、牛蒡、百合鱗莖、竹筍、芋頭、豆薯除外)、其他乾豆類(油菜籽、葵花籽、蓮子、落花生、大豆、芝麻除外)、其他(蔬果類)*、其他(穀類)*、其他(茶類)*","DELTAMETHRIN：規則無明文（D 檔標示一般「其他…」列無逐列明文定義；即使另有星號列也不得略過此不確定性） || IMIDACLOPRID：規則無明文（D 檔標示一般「其他…」列無逐列明文定義；即使另有星號列也不得略過此不確定性）","082、052、083、084、085、006、007、008 || 156、009、059、157、084、158、159、006、007、008","- || -"
"檬果","第滅寧","DELTAMETHRIN","其他根莖菜類(牛蒡、竹筍、洋蔥、胡蘿蔔、黑皮波羅門參、蘿蔔除外)、其他雜糧類(高粱除外)、其他果菜類(金針除外)、其他核果類(橄欖除外)、其他梨果類(桃除外)、其他(蔬果類)*、其他(穀類)*、其他(茶類)*","DELTAMETHRIN：規則無明文（D 檔標示一般「其他…」列無逐列明文定義；即使另有星號列也不得略過此不確定性）","082、052、083、084、085、006、007、008","-"
"檬果","賽洛寧","LAMBDA-CYHALOTHRIN","其他小葉菜類(蒜除外)、其他核果類(荔枝除外)、其他根莖菜類(山藥、牛蒡、甘藷、芋頭、豆薯、洋蔥、胡蘿蔔、百合鱗莖、紅蔥頭、馬鈴薯、黑皮波羅門參、蒜頭、樹薯、蕎頭、狗尾草根、闊葉大豆根及蘆筍除外)、其他堅果類(胡桃、榛果除外)、其他梨果類(柿除外)、其他(蔬果類)*、其他(穀類)*、其他(茶類)*","LAMBDA-CYHALOTHRIN：規則無明文（D 檔標示一般「其他…」列無逐列明文定義；即使另有星號列也不得略過此不確定性）","068、069、070、071、072、006、007、008","-"
"繖形花科小葉菜類","亞托敏","AZOXYSTROBIN","其他小葉菜類(半結球萵苣、不結球萵苣、芹菜、青蔥、蒜及茼蒿除外)、其他小漿果類(藍莓、覆盆子除外)、其他豆菜類(刀豆、毛豆、花豆(鮮)、扁豆、豇豆(鮮)、萊豆、菜豆、豌豆、樹豆(鮮)、翼豆、蠶豆(鮮)、鷹嘴豆除外)、其他果菜類(枸杞、茄子、甜椒、番茄、辣椒除外)、其他根莖菜類(芋頭、洋蔥、馬鈴薯、甜菜根、人參(鮮)、牛蒡、豆薯、百合鱗莖、紅蔥頭、黑皮波羅門參、蕎頭、薑、蘆筍除外)、其他草木本植物(火龍果花、菊花除外)、其他堅果類(杏仁、開心果除外)、其他(蔬果類)*、其他(穀類)*、其他(茶類)*","AZOXYSTROBIN：規則無明文（D 檔標示一般「其他…」列無逐列明文定義；即使另有星號列也不得略過此不確定性）","017、018、019、020、021、022、023、006、007、008","-"
"繖形花科小葉菜類","益達胺","IMIDACLOPRID","其他小葉菜類(半結球萵苣、不結球萵苣、蒜、蕗蕎及芹菜除外)、其他包葉菜類(結球萵苣除外)、其他豆菜類(毛豆除外)、其他果菜類(甜椒、金針除外)、其他核果類(橄欖除外)、其他根莖菜類(茭白筍、蓮藕、山藥、洋蔥、紅蔥頭、馬鈴薯、黑皮波羅門參、牛蒡、百合鱗莖、竹筍、芋頭、豆薯除外)、其他乾豆類(油菜籽、葵花籽、蓮子、落花生、大豆、芝麻除外)、其他(蔬果類)*、其他(穀類)*、其他(茶類)*","IMIDACLOPRID：規則無明文（D 檔標示一般「其他…」列無逐列明文定義；即使另有星號列也不得略過此不確定性）","156、009、059、157、084、158、159、006、007、008","-"
"繖形花科小葉菜類","賽滅淨","CYROMAZINE","其他小葉菜類(?結球萵苣、半結球萵苣、芹菜、青蔥、菠菜、茼蒿除外)、其他豆菜類(萊豆除外)、其他包葉菜類(結球萵苣除外)、其他果菜類(甜椒、茄子、枸杞、番茄、辣椒除外)","CYROMAZINE：規則無明文（D 檔標示一般「其他…」列無逐列明文定義；即使另有星號列也不得略過此不確定性）","079、080、009、081","-"
"羅勒","克凡派","CHLORFENAPYR","其他瓜果類(洋香瓜除外)、其他小葉菜類(韭菜、茼蒿、菠菜、葉用豌豆除外)、其他(蔬果類)*、其他(穀類)*、其他(茶類)*","CHLORFENAPYR：規則無明文（D 檔標示一般「其他…」列無逐列明文定義；即使另有星號列也不得略過此不確定性）","033、053、006、007、008","-"
"羅勒","亞托敏","AZOXYSTROBIN","其他小葉菜類(半結球萵苣、不結球萵苣、芹菜、青蔥、蒜及茼蒿除外)、其他小漿果類(藍莓、覆盆子除外)、其他豆菜類(刀豆、毛豆、花豆(鮮)、扁豆、豇豆(鮮)、萊豆、菜豆、豌豆、樹豆(鮮)、翼豆、蠶豆(鮮)、鷹嘴豆除外)、其他果菜類(枸杞、茄子、甜椒、番茄、辣椒除外)、其他根莖菜類(芋頭、洋蔥、馬鈴薯、甜菜根、人參(鮮)、牛蒡、豆薯、百合鱗莖、紅蔥頭、黑皮波羅門參、蕎頭、薑、蘆筍除外)、其他草木本植物(火龍果花、菊花除外)、其他堅果類(杏仁、開心果除外)、其他(蔬果類)*、其他(穀類)*、其他(茶類)*","AZOXYSTROBIN：規則無明文（D 檔標示一般「其他…」列無逐列明文定義；即使另有星號列也不得略過此不確定性）","017、018、019、020、021、022、023、006、007、008","-"
"羅勒","剋安勃","CHLORANTRANILIPROLE","其他十字花科包葉菜類(甘藍、青花菜除外)、其他小葉菜類(十字花科小葉菜類、不結球萵苣、半結球萵苣、芹菜、菠菜、葉用豌豆、白鳳菜、芳香萬壽菊、青蔥、枸杞葉、紅鳳菜、韭菜、韭菜花、韭黃、香椿、茼蒿、蒜、龍鬚菜、闊包菊除外)、其他小漿果類(草莓、黑莓、蔓越莓、藍莓、覆盆子、葡萄除外)、其他瓜果類(洋香瓜、香瓜除外)、其他瓜菜類(胡瓜除外)、其他果菜類(甜椒、番茄、辣椒除外)、其他根莖菜類(胡蘿蔔、豆薯、狗尾草根、闊葉大豆根、蘿蔔除外)、其他堅果類(杏仁、美洲胡桃除外)、其他梨果類(李、杏、油桃、桃、梅、梨、蘋果、櫻桃除外)、其他麥類(大麥、小麥除外)、其他雜糧類(高粱除外)、其他(蔬果類)*、其他(穀類)*、其他(茶類)*","CHLORANTRANILIPROLE：規則無明文（D 檔標示一般「其他…」列無逐列明文定義；即使另有星號列也不得略過此不確定性）","043、044、045、046、047、048、049、050、025、051、052、006、007、008","-"
"羅勒","硫敵克","THIODICARB","其他小葉菜類(芹菜除外)、其他包葉菜類(甘藍、青花菜及結球萵苣除外)、其他(蔬果類)*、其他(穀類)*、其他(茶類)*","THIODICARB：規則無明文（D 檔標示一般「其他…」列無逐列明文定義；即使另有星號列也不得略過此不確定性）","004、109、006、007、008","-"
"羅勒","銅滅達樂","METALAXYL","其他小葉菜類(不結球萵苣、半結球萵苣、芹菜、青蔥及菠菜除外)、其他小漿果類(草莓、葡萄、蔓越莓及藍莓除外)、其他果菜類(甜椒除外)、其他根莖菜類(洋蔥、胡蘿蔔、馬鈴薯、甜菜根及蘿蔔除外)","METALAXYL：規則無明文（D 檔標示一般「其他…」列無逐列明文定義；即使另有星號列也不得略過此不確定性）","120、121、010、122","-"
"羅勒","賽洛寧","LAMBDA-CYHALOTHRIN","其他小葉菜類(蒜除外)、其他核果類(荔枝除外)、其他根莖菜類(山藥、牛蒡、甘藷、芋頭、豆薯、洋蔥、胡蘿蔔、百合鱗莖、紅蔥頭、馬鈴薯、黑皮波羅門參、蒜頭、樹薯、蕎頭、狗尾草根、闊葉大豆根及蘆筍除外)、其他堅果類(胡桃、榛果除外)、其他梨果類(柿除外)、其他(蔬果類)*、其他(穀類)*、其他(茶類)*","LAMBDA-CYHALOTHRIN：規則無明文（D 檔標示一般「其他…」列無逐列明文定義；即使另有星號列也不得略過此不確定性）","068、069、070、071、072、006、007、008","-"
"羅勒","賽速安勃","CHLORANTRANILIPROLE","其他十字花科包葉菜類(甘藍、青花菜除外)、其他小葉菜類(十字花科小葉菜類、不結球萵苣、半結球萵苣、芹菜、菠菜、葉用豌豆、白鳳菜、芳香萬壽菊、青蔥、枸杞葉、紅鳳菜、韭菜、韭菜花、韭黃、香椿、茼蒿、蒜、龍鬚菜、闊包菊除外)、其他小漿果類(草莓、黑莓、蔓越莓、藍莓、覆盆子、葡萄除外)、其他瓜果類(洋香瓜、香瓜除外)、其他瓜菜類(胡瓜除外)、其他果菜類(甜椒、番茄、辣椒除外)、其他根莖菜類(胡蘿蔔、豆薯、狗尾草根、闊葉大豆根、蘿蔔除外)、其他堅果類(杏仁、美洲胡桃除外)、其他梨果類(李、杏、油桃、桃、梅、梨、蘋果、櫻桃除外)、其他麥類(大麥、小麥除外)、其他雜糧類(高粱除外)、其他(蔬果類)*、其他(穀類)*、其他(茶類)*","CHLORANTRANILIPROLE：規則無明文（D 檔標示一般「其他…」列無逐列明文定義；即使另有星號列也不得略過此不確定性）","043、044、045、046、047、048、049、050、025、051、052、006、007、008","-"
"藜科小葉菜類","亞托敏","AZOXYSTROBIN","其他小葉菜類(半結球萵苣、不結球萵苣、芹菜、青蔥、蒜及茼蒿除外)、其他小漿果類(藍莓、覆盆子除外)、其他豆菜類(刀豆、毛豆、花豆(鮮)、扁豆、豇豆(鮮)、萊豆、菜豆、豌豆、樹豆(鮮)、翼豆、蠶豆(鮮)、鷹嘴豆除外)、其他果菜類(枸杞、茄子、甜椒、番茄、辣椒除外)、其他根莖菜類(芋頭、洋蔥、馬鈴薯、甜菜根、人參(鮮)、牛蒡、豆薯、百合鱗莖、紅蔥頭、黑皮波羅門參、蕎頭、薑、蘆筍除外)、其他草木本植物(火龍果花、菊花除外)、其他堅果類(杏仁、開心果除外)、其他(蔬果類)*、其他(穀類)*、其他(茶類)*","AZOXYSTROBIN：規則無明文（D 檔標示一般「其他…」列無逐列明文定義；即使另有星號列也不得略過此不確定性）","017、018、019、020、021、022、023、006、007、008","-"
"藜科小葉菜類","剋安勃","CHLORANTRANILIPROLE","其他十字花科包葉菜類(甘藍、青花菜除外)、其他小葉菜類(十字花科小葉菜類、不結球萵苣、半結球萵苣、芹菜、菠菜、葉用豌豆、白鳳菜、芳香萬壽菊、青蔥、枸杞葉、紅鳳菜、韭菜、韭菜花、韭黃、香椿、茼蒿、蒜、龍鬚菜、闊包菊除外)、其他小漿果類(草莓、黑莓、蔓越莓、藍莓、覆盆子、葡萄除外)、其他瓜果類(洋香瓜、香瓜除外)、其他瓜菜類(胡瓜除外)、其他果菜類(甜椒、番茄、辣椒除外)、其他根莖菜類(胡蘿蔔、豆薯、狗尾草根、闊葉大豆根、蘿蔔除外)、其他堅果類(杏仁、美洲胡桃除外)、其他梨果類(李、杏、油桃、桃、梅、梨、蘋果、櫻桃除外)、其他麥類(大麥、小麥除外)、其他雜糧類(高粱除外)、其他(蔬果類)*、其他(穀類)*、其他(茶類)*","CHLORANTRANILIPROLE：規則無明文（D 檔標示一般「其他…」列無逐列明文定義；即使另有星號列也不得略過此不確定性）","043、044、045、046、047、048、049、050、025、051、052、006、007、008","-"
"藜科小葉菜類","益達胺","IMIDACLOPRID","其他小葉菜類(半結球萵苣、不結球萵苣、蒜、蕗蕎及芹菜除外)、其他包葉菜類(結球萵苣除外)、其他豆菜類(毛豆除外)、其他果菜類(甜椒、金針除外)、其他核果類(橄欖除外)、其他根莖菜類(茭白筍、蓮藕、山藥、洋蔥、紅蔥頭、馬鈴薯、黑皮波羅門參、牛蒡、百合鱗莖、竹筍、芋頭、豆薯除外)、其他乾豆類(油菜籽、葵花籽、蓮子、落花生、大豆、芝麻除外)、其他(蔬果類)*、其他(穀類)*、其他(茶類)*","IMIDACLOPRID：規則無明文（D 檔標示一般「其他…」列無逐列明文定義；即使另有星號列也不得略過此不確定性）","156、009、059、157、084、158、159、006、007、008","-"
"藜科小葉菜類","賽滅淨","CYROMAZINE","其他小葉菜類(?結球萵苣、半結球萵苣、芹菜、青蔥、菠菜、茼蒿除外)、其他豆菜類(萊豆除外)、其他包葉菜類(結球萵苣除外)、其他果菜類(甜椒、茄子、枸杞、番茄、辣椒除外)","CYROMAZINE：規則無明文（D 檔標示一般「其他…」列無逐列明文定義；即使另有星號列也不得略過此不確定性）","079、080、009、081","-"
"藜科根菜類","剋安勃","CHLORANTRANILIPROLE","其他十字花科包葉菜類(甘藍、青花菜除外)、其他小葉菜類(十字花科小葉菜類、不結球萵苣、半結球萵苣、芹菜、菠菜、葉用豌豆、白鳳菜、芳香萬壽菊、青蔥、枸杞葉、紅鳳菜、韭菜、韭菜花、韭黃、香椿、茼蒿、蒜、龍鬚菜、闊包菊除外)、其他小漿果類(草莓、黑莓、蔓越莓、藍莓、覆盆子、葡萄除外)、其他瓜果類(洋香瓜、香瓜除外)、其他瓜菜類(胡瓜除外)、其他果菜類(甜椒、番茄、辣椒除外)、其他根莖菜類(胡蘿蔔、豆薯、狗尾草根、闊葉大豆根、蘿蔔除外)、其他堅果類(杏仁、美洲胡桃除外)、其他梨果類(李、杏、油桃、桃、梅、梨、蘋果、櫻桃除外)、其他麥類(大麥、小麥除外)、其他雜糧類(高粱除外)、其他(蔬果類)*、其他(穀類)*、其他(茶類)*","CHLORANTRANILIPROLE：規則無明文（D 檔標示一般「其他…」列無逐列明文定義；即使另有星號列也不得略過此不確定性）","043、044、045、046、047、048、049、050、025、051、052、006、007、008","-"
"藜科根菜類","賽滅寧","CYPERMETHRIN","其他包葉菜類(結球萵苣、甘藍、青花菜除外)、其他根莖菜類(豆薯、狗尾草根、洋蔥、甜菜根、闊葉大豆根、蘆筍除外)、其他麥類(大麥、小麥、黑麥、燕麥除外)、其他(蔬果類)*、其他(穀類)*、其他(茶類)*","CYPERMETHRIN：規則無明文（D 檔標示一般「其他…」列無逐列明文定義；即使另有星號列也不得略過此不確定性）","073、074、075、006、007、008","-"
"蘆筍","芬化利","FENVALERATE","其他小漿果類(楊桃除外)、其他根莖菜類(胡蘿蔔除外)、其他(蔬果類)*、其他(穀類)*、其他(茶類)*","FENVALERATE：規則無明文（D 檔標示一般「其他…」列無逐列明文定義；即使另有星號列也不得略過此不確定性）","138、086、006、007、008","-"
"蘆筍","剋安勃","CHLORANTRANILIPROLE","其他十字花科包葉菜類(甘藍、青花菜除外)、其他小葉菜類(十字花科小葉菜類、不結球萵苣、半結球萵苣、芹菜、菠菜、葉用豌豆、白鳳菜、芳香萬壽菊、青蔥、枸杞葉、紅鳳菜、韭菜、韭菜花、韭黃、香椿、茼蒿、蒜、龍鬚菜、闊包菊除外)、其他小漿果類(草莓、黑莓、蔓越莓、藍莓、覆盆子、葡萄除外)、其他瓜果類(洋香瓜、香瓜除外)、其他瓜菜類(胡瓜除外)、其他果菜類(甜椒、番茄、辣椒除外)、其他根莖菜類(胡蘿蔔、豆薯、狗尾草根、闊葉大豆根、蘿蔔除外)、其他堅果類(杏仁、美洲胡桃除外)、其他梨果類(李、杏、油桃、桃、梅、梨、蘋果、櫻桃除外)、其他麥類(大麥、小麥除外)、其他雜糧類(高粱除外)、其他(蔬果類)*、其他(穀類)*、其他(茶類)*","CHLORANTRANILIPROLE：規則無明文（D 檔標示一般「其他…」列無逐列明文定義；即使另有星號列也不得略過此不確定性）","043、044、045、046、047、048、049、050、025、051、052、006、007、008","-"
"蘆筍","第滅寧","DELTAMETHRIN","其他根莖菜類(牛蒡、竹筍、洋蔥、胡蘿蔔、黑皮波羅門參、蘿蔔除外)、其他雜糧類(高粱除外)、其他果菜類(金針除外)、其他核果類(橄欖除外)、其他梨果類(桃除外)、其他(蔬果類)*、其他(穀類)*、其他(茶類)*","DELTAMETHRIN：規則無明文（D 檔標示一般「其他…」列無逐列明文定義；即使另有星號列也不得略過此不確定性）","082、052、083、084、085、006、007、008","-"
"蘆筍","腐絕","THIABENDAZOLE","其他根莖菜類(馬鈴薯除外)、其他(蔬果類)*、其他(穀類)*、其他(茶類)*","THIABENDAZOLE：規則無明文（D 檔標示一般「其他…」列無逐列明文定義；即使另有星號列也不得略過此不確定性）","103、006、007、008","-"
"蘋果","三氟派瑞","FLUOPYRAM","其他乾豆類(落花生、豇豆、油菜籽除外)、其他梨果類(桃、櫻桃除外)","FLUOPYRAM：規則無明文（D 檔標示一般「其他…」列無逐列明文定義；即使另有星號列也不得略過此不確定性）","144、145","-"
"蘋果","甲基多保淨","THIOPHANATE-METHYL","其他小漿果類(草莓及葡萄除外)、其他果菜類(洛神葵除外)、其他柑桔類(檸檬除外)、其他香辛植物(果實)(胡椒除外)、其他核果類(芒果除外)、其他乾豆類(油菜籽、落花生、大豆除外)、其他堅果類(澳洲胡桃除外)、其他梨果類(印度棗及櫻桃除外)、其他(蔬果類)*、其他(穀類)*、其他(茶類)*","THIOPHANATE-METHYL：規則無明文（D 檔標示一般「其他…」列無逐列明文定義；即使另有星號列也不得略過此不確定性）","035、036、037、038、039、040、041、042、006、007、008","-"
"蘋果","克收欣","KRESOXIM-METHYL","其他小漿果類(草莓、番石榴除外)、其他梨果類(柿除外)、其他(蔬果類)*、其他(穀類)*、其他(茶類)*","KRESOXIM-METHYL：規則無明文（D 檔標示一般「其他…」列無逐列明文定義；即使另有星號列也不得略過此不確定性）","117、072、006、007、008","-"
"蘋果","免賴得","BENOMYL","其他小漿果類(草莓及葡萄除外)、其他果菜類(洛神葵除外)、其他柑桔類(檸檬除外)、其他香辛植物(果實)(胡椒除外)、其他核果類(芒果除外)、其他乾豆類(油菜籽、落花生、大豆除外)、其他堅果類(澳洲胡桃除外)、其他梨果類(印度棗及櫻桃除外)、其他(蔬果類)*、其他(穀類)*、其他(茶類)*","BENOMYL：規則無明文（D 檔標示一般「其他…」列無逐列明文定義；即使另有星號列也不得略過此不確定性）","035、036、037、038、039、040、041、042、006、007、008","-"
"蘋果","芬瑞莫","FENARIMOL","其他梨果類(櫻桃除外)、其他(蔬果類)*、其他(穀類)*、其他(茶類)*","FENARIMOL：規則無明文（D 檔標示一般「其他…」列無逐列明文定義；即使另有星號列也不得略過此不確定性）","131、006、007、008","-"
"蘋果","氟殺克敏","FLUXAPYROXAD","其他豆菜類(毛豆除外)、其他乾豆類(大豆、落花生、小扁豆、棉籽、豌豆、油菜籽、葵花籽除外)、其他梨果類(李、杏、油桃、桃、梅、櫻桃除外)","FLUXAPYROXAD：規則無明文（D 檔標示一般「其他…」列無逐列明文定義；即使另有星號列也不得略過此不確定性）","059、148、003","-"
"蘋果","第滅寧","DELTAMETHRIN","其他根莖菜類(牛蒡、竹筍、洋蔥、胡蘿蔔、黑皮波羅門參、蘿蔔除外)、其他雜糧類(高粱除外)、其他果菜類(金針除外)、其他核果類(橄欖除外)、其他梨果類(桃除外)、其他(蔬果類)*、其他(穀類)*、其他(茶類)*","DELTAMETHRIN：規則無明文（D 檔標示一般「其他…」列無逐列明文定義；即使另有星號列也不得略過此不確定性）","082、052、083、084、085、006、007、008","-"
"蘋果","賽洛寧","LAMBDA-CYHALOTHRIN","其他小葉菜類(蒜除外)、其他核果類(荔枝除外)、其他根莖菜類(山藥、牛蒡、甘藷、芋頭、豆薯、洋蔥、胡蘿蔔、百合鱗莖、紅蔥頭、馬鈴薯、黑皮波羅門參、蒜頭、樹薯、蕎頭、狗尾草根、闊葉大豆根及蘆筍除外)、其他堅果類(胡桃、榛果除外)、其他梨果類(柿除外)、其他(蔬果類)*、其他(穀類)*、其他(茶類)*","LAMBDA-CYHALOTHRIN：規則無明文（D 檔標示一般「其他…」列無逐列明文定義；即使另有星號列也不得略過此不確定性）","068、069、070、071、072、006、007、008","-"
"蘋果","邁克尼","MYCLOBUTANIL","其他小漿果類(葡萄除外)、其他梨果類(李、油桃、桃、櫻桃及梨除外)、其他(蔬果類)*、其他(穀類)*、其他(茶類)*","MYCLOBUTANIL：規則無明文（D 檔標示一般「其他…」列無逐列明文定義；即使另有星號列也不得略過此不確定性）","126、127、006、007、008","-"
"蘿蔔","鋅錳克絕","CYMOXANIL","其他小漿果類(草莓除外)、其他(蔬果類)*、其他(穀類)*、其他(茶類)*","CYMOXANIL：規則無明文（D 檔標示一般「其他…」列無逐列明文定義；即使另有星號列也不得略過此不確定性）","026、006、007、008","-"
